SET client_min_messages = WARNING;

BEGIN; -- persons
-- persons: 24 строк
INSERT INTO persons ("id", "nickname", "avatar_url", "is_friend", "created_at") VALUES
  ('2cafaf80-f01e-4f3a-be6b-f9bc43fa2758', 'Sparky', 'https://plugjsubjcfblzkabjia.supabase.co/storage/v1/object/public/gallery/avatars/Sparky.jpg', FALSE, '2025-07-03T15:39:48.815899+00:00'),
  ('427a3f05-555a-4982-a860-ec4576aae0da', 'Reifor', 'https://plugjsubjcfblzkabjia.supabase.co/storage/v1/object/public/gallery/avatars/Reifor.jpg', FALSE, '2025-07-03T16:00:08.804763+00:00'),
  ('cc124cb6-69ae-44ad-8f24-a665bab545ce', 'SOYKA', 'https://plugjsubjcfblzkabjia.supabase.co/storage/v1/object/public/gallery/avatars/SOYKA.jpg', FALSE, '2025-08-18T16:38:30.511731+00:00'),
  ('766ab820-8dcd-491a-8b9a-161106d32151', 'yoshi_ruko', 'https://plugjsubjcfblzkabjia.supabase.co/storage/v1/object/public/gallery/avatars/yoshi_ruko.jpg', FALSE, '2025-08-23T17:24:02.003606+00:00'),
  ('9fd35e84-4660-4c5e-9873-e56beaa8db20', 'НН', NULL, FALSE, '2025-11-18T17:01:16.326602+00:00'),
  ('7581bfc6-349e-4e99-91e0-f832b8b98abc', 'Liam', NULL, FALSE, '2025-11-18T17:39:29.473004+00:00'),
  ('e6ae5fbb-6b7b-4979-b7da-db267f3c4486', 'Попуг', 'https://plugjsubjcfblzkabjia.supabase.co/storage/v1/object/public/gallery/avatars/1764866343977_ycpf0uupmhh.jpg', FALSE, '2025-11-18T17:20:47.348138+00:00'),
  ('de0c6f57-1ee1-4e67-aa4c-051268ac1a7d', 'Коробка Лисы', 'https://plugjsubjcfblzkabjia.supabase.co/storage/v1/object/public/gallery/avatars/1764866409924_xdfunskhrqb.jpg', FALSE, '2025-11-18T17:11:57.393766+00:00'),
  ('8499e863-4b68-4547-bc64-375088e38df4', 'Fosmin', 'https://plugjsubjcfblzkabjia.supabase.co/storage/v1/object/public/gallery/avatars/1766076294022_i555jdvsbnb.jpg', TRUE, '2025-06-30T14:56:59.060701+00:00'),
  ('4783d492-2cf6-4209-b019-e728bb13859a', 'Mema', 'https://plugjsubjcfblzkabjia.supabase.co/storage/v1/object/public/gallery/avatars/1766076300008_59rfdyzg79k.jpg', FALSE, '2025-06-30T14:55:58.155443+00:00'),
  ('478c418f-6f3f-4c8f-b7a8-b0facf33dae8', 'MAFI-MAKEN', 'https://plugjsubjcfblzkabjia.supabase.co/storage/v1/object/public/gallery/avatars/1766076328909_g0l59nkcyce.jpg', FALSE, '2025-11-04T14:40:25.247515+00:00'),
  ('7de56641-8aac-4153-92f2-266079feb13a', 'Lafi', 'https://plugjsubjcfblzkabjia.supabase.co/storage/v1/object/public/gallery/avatars/1766076414942_oa6jcez8jvs.jpg', FALSE, '2025-11-18T16:47:07.916982+00:00'),
  ('8abacf32-ebc0-4e79-867b-5adc8016cf94', 'James', 'https://plugjsubjcfblzkabjia.supabase.co/storage/v1/object/public/gallery/avatars/1766076650091_tx65ppwb04n.jpg', FALSE, '2025-06-30T06:48:07.2783+00:00'),
  ('4944963e-a96e-4ff2-a288-10a9d65c5165', 'KraKEN', 'https://plugjsubjcfblzkabjia.supabase.co/storage/v1/object/public/gallery/avatars/1766157790174_m9l9ah9idbh.jpg', FALSE, '2025-11-04T14:24:43.653111+00:00'),
  ('9aa5b99f-4982-4791-871f-b8608dff84ae', 'Fox Taffy', NULL, FALSE, '2025-12-23T04:17:45.84014+00:00'),
  ('f36aa4c7-c905-42a9-a2ae-c9820d805301', 'Гавка', 'https://plugjsubjcfblzkabjia.supabase.co/storage/v1/object/public/gallery/avatars/1769277664716_6307rlz279x.jpg', FALSE, '2026-01-24T17:54:36.087751+00:00'),
  ('092ba2ed-dc7c-435a-81a0-6c22fddae856', '=Джойк=', 'https://plugjsubjcfblzkabjia.supabase.co/storage/v1/object/public/gallery/avatars/1769277715216_g7faybrkpra.jpg', FALSE, '2025-12-27T03:53:51.992344+00:00'),
  ('0a2af683-95d7-4e0d-9a93-73d9ac9a3fd8', 'Umka', 'https://plugjsubjcfblzkabjia.supabase.co/storage/v1/object/public/gallery/avatars/1769277751191_y3bizo76xk.jpg', TRUE, '2025-06-30T14:57:26.188464+00:00'),
  ('1b65e707-fb07-4464-a60a-855dc2a37814', 'Koff :)', 'https://plugjsubjcfblzkabjia.supabase.co/storage/v1/object/public/gallery/avatars/1769277796641_7gjxov6rlt6.jpg', FALSE, '2025-12-23T04:12:41.68015+00:00'),
  ('7c3f2684-d010-4030-848a-539d69a97ee7', 'Моё УвОжение', 'https://plugjsubjcfblzkabjia.supabase.co/storage/v1/object/public/gallery/avatars/1769277983120_0i5x7a0zq1ud.jpg', FALSE, '2025-09-14T15:37:33.815314+00:00'),
  ('346e0717-a56d-4dba-871e-8d15a1f8cc77', 'Confy', 'https://plugjsubjcfblzkabjia.supabase.co/storage/v1/object/public/gallery/avatars/1769278004892_yk46te57hd.jpg', TRUE, '2025-12-23T03:57:52.468761+00:00'),
  ('15cf7c80-eb20-4595-b99a-21e5d19c24e3', 'Koul', 'https://plugjsubjcfblzkabjia.supabase.co/storage/v1/object/public/gallery/avatars/1769278033083_01775in1i8j9g.jpg', FALSE, '2025-12-23T04:09:19.475142+00:00'),
  ('e10d638c-b582-434a-95b5-b2e7c751c0d0', 'Цера', 'https://plugjsubjcfblzkabjia.supabase.co/storage/v1/object/public/gallery/avatars/1769278057076_ffph7anrefd.jpg', FALSE, '2025-12-23T04:03:53.525086+00:00'),
  ('3406085a-2abe-4026-9876-834cacf43b46', 'KODY', 'https://plugjsubjcfblzkabjia.supabase.co/storage/v1/object/public/gallery/avatars/1769278089784_wemgx856h6.jpg', TRUE, '2025-06-30T14:56:20.973891+00:00')
ON CONFLICT DO NOTHING;
COMMIT;

BEGIN; -- fursonas
-- fursonas: 7 строк
INSERT INTO fursonas ("id", "person_id", "name", "avatar_url", "created_at") VALUES
  ('e973710c-c04f-4c51-b9e8-99d749ee7c3a', NULL, 'Prostix', 'https://plugjsubjcfblzkabjia.supabase.co/storage/v1/object/public/gallery/avatars/Prostix.jpg', '2025-07-03T16:01:06.261065+00:00'),
  ('1585ac14-a5f3-4200-ba09-aa1c03433c5d', NULL, 'Dani', 'https://plugjsubjcfblzkabjia.supabase.co/storage/v1/object/public/gallery/avatars/Dani.jpg', '2025-07-03T16:08:45.129899+00:00'),
  ('e24426b8-9c06-4364-8a81-47c64015ddb0', NULL, 'Felix Felicitas', 'https://plugjsubjcfblzkabjia.supabase.co/storage/v1/object/public/gallery/avatars/1764866229642_iitu5dln29.jpg', '2025-11-18T16:45:06.459647+00:00'),
  ('d245a435-7d7c-4dd0-9a59-48e161d1aa7f', NULL, 'Fosmin', 'https://plugjsubjcfblzkabjia.supabase.co/storage/v1/object/public/gallery/avatars/1764866257948_k07i4ca02m.jpg', '2025-11-18T17:23:34.061088+00:00'),
  ('caebd859-4d8c-4cf7-af12-2afe964867a2', NULL, 'Felix', 'https://plugjsubjcfblzkabjia.supabase.co/storage/v1/object/public/gallery/avatars/1766076951153_wu8n98wxlaf.jpg', '2025-06-30T06:48:07.2783+00:00'),
  ('c4353c2e-4a1d-4cab-bbf3-53f17a3d1c79', '9aa5b99f-4982-4791-871f-b8608dff84ae', 'Филя', NULL, '2025-12-27T03:56:10.24389+00:00'),
  ('f69caf81-d518-4b5b-a629-a4a083bf3068', NULL, 'Xuxlix', 'https://plugjsubjcfblzkabjia.supabase.co/storage/v1/object/public/gallery/avatars/1769278186200_s99apo77jsk.jpg', '2025-06-30T15:00:00.711795+00:00')
ON CONFLICT DO NOTHING;
COMMIT;

BEGIN; -- tags
-- tags: 33 строк
INSERT INTO tags ("id", "name", "created_at") VALUES
  ('f8f9de9d-6a36-4d37-a1a9-5e0fb2199290', 'Рыбалка', '2025-06-30T06:48:07.2783+00:00'),
  ('3efeea17-80af-40bf-b7bd-a58d3a6d5478', 'Майнкрафт', '2025-06-30T06:48:07.2783+00:00'),
  ('15e80997-868a-42e9-b149-7149fd894a53', 'Дружба', '2025-06-30T06:48:07.2783+00:00'),
  ('3d22b346-8d33-4af2-85b3-b21ab73bedbd', 'Цифровой арт', '2025-06-30T06:48:07.2783+00:00'),
  ('04f20d78-d96c-4422-9a6a-780fd4d3c376', 'Милое', '2025-06-30T06:48:07.2783+00:00'),
  ('3750c858-63a2-4b7c-be3a-76dac7121d5c', 'Счастливый', '2025-06-30T06:48:07.2783+00:00'),
  ('7edb1330-8401-4919-8c75-32352c3d96cd', 'Портрет', '2025-06-30T06:48:07.2783+00:00'),
  ('c742434c-0057-4fea-a6d2-c60bd254011a', 'NSFW', '2025-06-30T06:48:07.2783+00:00'),
  ('8a0c0743-62da-42e8-96fa-bb0c2b150cfd', '18+', '2025-06-30T06:48:07.2783+00:00'),
  ('5e49fd79-0de5-40e9-b0a0-fabf88fbdcd9', 'Любовь', '2025-07-02T14:44:14.687017+00:00'),
  ('42d71c20-4a4e-4f56-bf5b-1e586e020393', 'гифт', '2025-07-02T14:45:01.240539+00:00'),
  ('94cc870f-c661-4fb5-b1ef-00a37cf6e03f', 'Самолёт', '2025-07-02T14:50:09.253723+00:00'),
  ('06a29fef-1b77-408b-aea3-1070a07b41ee', 'Новый год', '2025-07-02T14:51:00.731707+00:00'),
  ('465f5397-cb59-4c24-b7c5-c7e6bb2c8ab2', 'Зима', '2025-07-02T14:51:16.450658+00:00'),
  ('ec2d9b1c-de9b-4a5b-8efa-d038fa4f27df', 'YCH', '2025-07-02T14:52:01.241554+00:00'),
  ('a0b01090-ad38-4ffe-b8df-6927c4f9e440', 'Поцелуй', '2025-07-03T15:57:24.786798+00:00'),
  ('506b51c0-904f-40c6-adcc-b53ed982d7da', 'Шутка', '2025-07-03T16:00:55.393359+00:00'),
  ('080a314c-8636-4030-8c8b-f9c46574a7cf', 'Грусть', '2025-07-04T15:17:10.741593+00:00'),
  ('960b5929-8523-4b66-acf4-add1bcf29962', 'Маунти дью', '2025-07-04T15:19:57.588263+00:00'),
  ('330a6c85-f93e-44c4-a4d8-a5749af42b40', 'Бондаж', '2025-07-20T15:40:29.132974+00:00'),
  ('cffcccdf-df61-4df6-aa3d-6874035cf2eb', 'Стикер', '2025-07-20T19:27:14.64128+00:00'),
  ('890ea8f4-00bc-445f-aa3b-b14c79ddc150', 'Поход', '2025-08-18T16:37:55.011367+00:00'),
  ('cc0a8ef6-8343-4846-b087-23858015f97c', 'Кружка', '2025-08-19T02:44:58.582774+00:00'),
  ('20f17b00-e990-4aef-94d7-c2eeea80b0d8', 'Хэллоуин', '2025-11-04T14:25:24.568142+00:00'),
  ('32c13b75-dc99-483a-b6df-d1d4dfae14b1', 'Косплей', '2025-11-04T14:40:39.901147+00:00'),
  ('ad1bdb36-d5a1-4f86-ae2b-cc11a9b97304', 'Челябинск', '2025-11-18T17:08:45.036006+00:00'),
  ('27bd62de-5e8d-442f-bb2e-9f57b4a10ca3', 'Хорни', '2025-11-18T17:12:57.24312+00:00'),
  ('eb6cd1b5-0745-4616-b1dc-a90570921224', 'Лофи', '2025-11-18T17:13:48.708184+00:00'),
  ('66bc1c8b-6f0f-49d6-93a7-e99cd0757eba', 'Бейджик', '2025-11-18T17:19:38.510432+00:00'),
  ('4e2563cf-302c-4b16-af57-736a77552024', 'Традишка', '2025-12-23T04:04:26.858497+00:00'),
  ('21730dab-0000-487a-ad41-5e2e4644763a', 'Гитара', '2025-12-27T03:54:30.696109+00:00'),
  ('067c04d6-203a-4e0a-b3f9-5d327a52a092', 'День Святого Валентина', '2025-12-27T03:59:43.825771+00:00'),
  ('3eda4105-2e5f-479e-8258-604609ec11a4', 'Бывший', '2025-12-27T04:00:26.293015+00:00')
ON CONFLICT DO NOTHING;
COMMIT;

BEGIN; -- arts
-- arts: 68 строк
INSERT INTO arts ("id", "title", "image_url", "thumbnail_url", "is_nsfw", "upload_date", "is_deleted") VALUES
  ('177bdf0d-cb2f-46fc-894b-3bcff72b0efa', 'Милый гифт', 'https://plugjsubjcfblzkabjia.supabase.co/storage/v1/object/public/gallery/arts/1751467615965_xrinc0pl2p8.png', 'https://plugjsubjcfblzkabjia.supabase.co/storage/v1/object/public/gallery/arts/1751467615965_xrinc0pl2p8.png', FALSE, '2024-08-22T14:46:59+00:00', FALSE),
  ('01c71cd7-ac1a-40f6-b0b1-c0fdfe0ad410', 'Новогодний хед', 'https://plugjsubjcfblzkabjia.supabase.co/storage/v1/object/public/gallery/arts/1751467884252_pkff4vxmfwh.png', 'https://plugjsubjcfblzkabjia.supabase.co/storage/v1/object/public/gallery/arts/1751467884252_pkff4vxmfwh.png', FALSE, '2023-11-26T14:51:27+00:00', FALSE),
  ('914cd97c-1dbc-4732-b079-7c941bc9eb43', 'Самолётик', 'https://plugjsubjcfblzkabjia.supabase.co/storage/v1/object/public/gallery/arts/1751467793499_oc98g6c7c1.png', 'https://plugjsubjcfblzkabjia.supabase.co/storage/v1/object/public/gallery/arts/1751467793499_oc98g6c7c1.png', FALSE, '2023-12-15T14:50:25+00:00', FALSE),
  ('01f03e9b-dcbc-44b9-8f35-b31e46536449', 'Рыгание', 'https://plugjsubjcfblzkabjia.supabase.co/storage/v1/object/public/gallery/arts/1751467943802_x6woiqy7xp9.png', 'https://plugjsubjcfblzkabjia.supabase.co/storage/v1/object/public/gallery/arts/1751467943802_x6woiqy7xp9.png', FALSE, '2024-11-24T14:52:26+00:00', FALSE),
  ('0682893d-7e97-419d-bb9e-9960777ccc6f', 'Поцелуйчики', 'https://plugjsubjcfblzkabjia.supabase.co/storage/v1/object/public/gallery/arts/1751558254912_i851cvjggr8.jpg', 'https://plugjsubjcfblzkabjia.supabase.co/storage/v1/object/public/gallery/arts/1751558254912_i851cvjggr8.jpg', FALSE, '2025-07-03T15:57:37.704496+00:00', FALSE),
  ('0de349da-09de-4fb7-bc7c-36bdb8d79cf8', 'Уно!', 'https://plugjsubjcfblzkabjia.supabase.co/storage/v1/object/public/gallery/arts/1751561628605_wvgdidk67z.png', 'https://plugjsubjcfblzkabjia.supabase.co/storage/v1/object/public/gallery/arts/1751561628605_wvgdidk67z.png', FALSE, '2024-07-13T16:53:51+00:00', FALSE),
  ('ef4d4927-061f-4c31-9710-6d14bb7d6399', 'Ёлочка гори!', 'https://plugjsubjcfblzkabjia.supabase.co/storage/v1/object/public/gallery/arts/1751558713278_f9bt52h6xxr.png', 'https://plugjsubjcfblzkabjia.supabase.co/storage/v1/object/public/gallery/arts/1751558713278_f9bt52h6xxr.png', FALSE, '2024-12-08T16:05:24+00:00', FALSE),
  ('99868e82-8dd1-47e0-8d3d-b2504754429e', 'Москва Сити', 'https://plugjsubjcfblzkabjia.supabase.co/storage/v1/object/public/gallery/arts/1751558791150_yvsquk7kqho.png', 'https://plugjsubjcfblzkabjia.supabase.co/storage/v1/object/public/gallery/arts/1751558791150_yvsquk7kqho.png', FALSE, '2023-10-22T16:06:32+00:00', FALSE),
  ('fdf7e9d1-ca29-4a0a-8e09-1ff07edb4fd1', 'Horny bandage', 'https://plugjsubjcfblzkabjia.supabase.co/storage/v1/object/public/gallery/arts/1753025980749_c1i3tpkwh8c.jpg', 'https://plugjsubjcfblzkabjia.supabase.co/storage/v1/object/public/gallery/arts/1753025980749_c1i3tpkwh8c.jpg', TRUE, '2025-07-20T15:40:39.41039+00:00', FALSE),
  ('766e7ff4-6944-45bb-ad60-0b418c06120f', 'Тэффи в кружке', 'https://plugjsubjcfblzkabjia.supabase.co/storage/v1/object/public/gallery/arts/1755571505079_hqbbao9jy7d.png', 'https://plugjsubjcfblzkabjia.supabase.co/storage/v1/object/public/gallery/arts/1755571505079_hqbbao9jy7d.png', FALSE, '2025-08-19T02:45:07.77+00:00', FALSE),
  ('9fa9281d-1d24-40b7-bfc5-bdf032e84056', 'Тэффи без сюрприза', 'https://plugjsubjcfblzkabjia.supabase.co/storage/v1/object/public/gallery/arts/1756640299883_cmtfvpztlzi.png', 'https://plugjsubjcfblzkabjia.supabase.co/storage/v1/object/public/gallery/arts/1756640299883_cmtfvpztlzi.png', FALSE, '2025-08-31T11:38:23.698+00:00', FALSE),
  ('6a7183fe-8272-4ba6-94b7-4a3fd21eaa6b', 'Водяная писька', 'https://plugjsubjcfblzkabjia.supabase.co/storage/v1/object/public/gallery/arts/1751468008882_r3d7n3gv40q.png', 'https://plugjsubjcfblzkabjia.supabase.co/storage/v1/object/public/gallery/arts/1751468008882_r3d7n3gv40q.png', TRUE, '2023-11-06T00:00:00+00:00', FALSE),
  ('664d2e74-da49-439b-ab84-ae03dc7ade55', 'Куни???', 'https://plugjsubjcfblzkabjia.supabase.co/storage/v1/object/public/gallery/arts/1751557116840_o9zg3c8nc0c.png', 'https://plugjsubjcfblzkabjia.supabase.co/storage/v1/object/public/gallery/arts/1751557116840_o9zg3c8nc0c.png', FALSE, '2023-04-23T00:00:00+00:00', FALSE),
  ('e85d6704-b9cd-439f-8ab0-7d93130bc7e6', 'Гифт от Фосмина', 'https://plugjsubjcfblzkabjia.supabase.co/storage/v1/object/public/gallery/arts/1751642056884_qdj09ik0vp.jpg', 'https://plugjsubjcfblzkabjia.supabase.co/storage/v1/object/public/gallery/arts/1751642056884_qdj09ik0vp.jpg', FALSE, '2024-01-03T00:00:00+00:00', FALSE),
  ('07516655-0957-4452-b1ec-ff9291b0fe81', 'Скучаю...', 'https://plugjsubjcfblzkabjia.supabase.co/storage/v1/object/public/gallery/arts/1751642250110_lhcfn21111g.jpg', 'https://plugjsubjcfblzkabjia.supabase.co/storage/v1/object/public/gallery/arts/1751642250110_lhcfn21111g.jpg', FALSE, '2022-08-18T00:00:00+00:00', FALSE),
  ('0ba054c9-18d5-4a4e-a44e-de2c8e24bd25', 'День рождение Феликса', 'https://plugjsubjcfblzkabjia.supabase.co/storage/v1/object/public/gallery/arts/1751642133964_5cv102van6c.jpg', 'https://plugjsubjcfblzkabjia.supabase.co/storage/v1/object/public/gallery/arts/1751642133964_5cv102van6c.jpg', FALSE, '2025-07-02T00:00:00+00:00', FALSE),
  ('acdc4b1b-93b7-4044-800d-1235444f71d3', 'Флешка!', 'https://plugjsubjcfblzkabjia.supabase.co/storage/v1/object/public/gallery/arts/1751558470706_inpg3b02fb.png', 'https://plugjsubjcfblzkabjia.supabase.co/storage/v1/object/public/gallery/arts/1751558470706_inpg3b02fb.png', FALSE, '2022-10-31T00:00:00+00:00', FALSE),
  ('7d83e02a-3872-4658-a87b-a381361e793a', 'Посиделки на крыше', 'https://plugjsubjcfblzkabjia.supabase.co/storage/v1/object/public/gallery/arts/1751558369627_7dsvan72523.png', 'https://plugjsubjcfblzkabjia.supabase.co/storage/v1/object/public/gallery/arts/1751558369627_7dsvan72523.png', FALSE, '2024-05-05T00:00:00+00:00', FALSE),
  ('3db20e70-a63b-4e76-ace9-17070e61d127', 'День влюблённых 2025', 'https://plugjsubjcfblzkabjia.supabase.co/storage/v1/object/public/gallery/arts/1755969984547_j0oone3cc0r.png', 'https://plugjsubjcfblzkabjia.supabase.co/storage/v1/object/public/gallery/arts/1755969984547_j0oone3cc0r.png', FALSE, '2025-04-27T00:00:00+00:00', FALSE),
  ('0b7b1ee6-c0fe-4c8a-90a3-f2ff5d5a5b32', 'Хед от Спарки', 'https://plugjsubjcfblzkabjia.supabase.co/storage/v1/object/public/gallery/arts/1751557154643_egqu88ugam.jpg', 'https://plugjsubjcfblzkabjia.supabase.co/storage/v1/object/public/gallery/arts/1751557154643_egqu88ugam.jpg', FALSE, '2021-09-08T00:00:00+00:00', FALSE),
  ('e5945a4f-51c7-426e-b8d3-ee1e3e4cc60b', 'Долгий?', 'https://plugjsubjcfblzkabjia.supabase.co/storage/v1/object/public/gallery/arts/1751558932499_1lyx27h4qmp.png', 'https://plugjsubjcfblzkabjia.supabase.co/storage/v1/object/public/gallery/arts/1751558932499_1lyx27h4qmp.png', FALSE, '2025-07-03T00:00:00+00:00', FALSE),
  ('6fc12485-fa0b-462a-a9c5-7a1ec19f9b5c', 'Поход в Таганай', 'https://plugjsubjcfblzkabjia.supabase.co/storage/v1/object/public/gallery/arts/1755535026253_tqx7wooiy3.png', 'https://plugjsubjcfblzkabjia.supabase.co/storage/v1/object/public/gallery/arts/1755535026253_tqx7wooiy3.png', FALSE, '2024-09-03T00:00:00+00:00', FALSE),
  ('b1b8b467-4c73-4441-8336-e12655fd5863', 'Взгляд любви', 'https://plugjsubjcfblzkabjia.supabase.co/storage/v1/object/public/gallery/arts/1751642402413_h69zafsjitp.png', 'https://plugjsubjcfblzkabjia.supabase.co/storage/v1/object/public/gallery/arts/1751642402413_h69zafsjitp.png', FALSE, '2022-06-02T00:00:00+00:00', FALSE),
  ('bba929bb-98a1-48bf-a7e8-49ef4e2e6272', 'Дом кино', 'https://plugjsubjcfblzkabjia.supabase.co/storage/v1/object/public/gallery/arts/1751642324872_appf352nmnr.png', 'https://plugjsubjcfblzkabjia.supabase.co/storage/v1/object/public/gallery/arts/1751642324872_appf352nmnr.png', FALSE, '2023-01-28T00:00:00+00:00', FALSE),
  ('24803de6-8730-4b59-b3a6-7428d0ffe482', 'Гифт Стикерпак', 'https://plugjsubjcfblzkabjia.supabase.co/storage/v1/object/public/gallery/arts/1753039678395_nyeymr1sttn.jpg', 'https://plugjsubjcfblzkabjia.supabase.co/storage/v1/object/public/gallery/arts/1753039678395_nyeymr1sttn.jpg', FALSE, '2024-05-05T00:00:00+00:00', FALSE),
  ('ae9d9a81-962e-4fcd-a4f2-36dda8d12e24', 'Умка ультанул', 'https://plugjsubjcfblzkabjia.supabase.co/storage/v1/object/public/gallery/arts/1756832216088_z5q7khmbpd.png', 'https://plugjsubjcfblzkabjia.supabase.co/storage/v1/object/public/gallery/arts/1756832216088_z5q7khmbpd.png', TRUE, '2025-09-02T16:57:09.708+00:00', FALSE),
  ('3a26eeae-87da-4b08-a9cc-9804e97de0f6', 'Тёплая душа', 'https://plugjsubjcfblzkabjia.supabase.co/storage/v1/object/public/gallery/arts/1766810029316_r1gqfcxu8es.png', 'https://plugjsubjcfblzkabjia.supabase.co/storage/v1/object/public/gallery/arts/thumbnails/1766810030343_n6uibdtm37.png', FALSE, '2022-12-24T00:00:00+00:00', FALSE),
  ('7b44430d-a175-4f05-9fad-49b2fc63a967', 'Горничная с приколом', 'https://plugjsubjcfblzkabjia.supabase.co/storage/v1/object/public/gallery/arts/1757864289152_3t2a1bratn9.png', 'https://plugjsubjcfblzkabjia.supabase.co/storage/v1/object/public/gallery/arts/1757864289152_3t2a1bratn9.png', TRUE, '2025-09-14T15:38:14.561+00:00', FALSE),
  ('2c7c94a6-246e-4627-a24d-b3bcfff60400', 'Поставил всё на кон', 'https://plugjsubjcfblzkabjia.supabase.co/storage/v1/object/public/gallery/arts/1766076161911_4bwr2ri6boc.png', 'https://plugjsubjcfblzkabjia.supabase.co/storage/v1/object/public/gallery/arts/thumbnails/1766076163090_1irw40f398n.png', TRUE, '2025-12-18T00:00:00+00:00', FALSE),
  ('f48640d3-e44b-4699-994b-711a65959280', 'Хеллуинский Ючик', 'https://plugjsubjcfblzkabjia.supabase.co/storage/v1/object/public/gallery/arts/1762266289111_h39m9fcmoij.png', 'https://plugjsubjcfblzkabjia.supabase.co/storage/v1/object/public/gallery/arts/1762266289111_h39m9fcmoij.png', FALSE, '2025-11-04T14:25:36.102+00:00', FALSE),
  ('ffc19c05-7455-4789-8dc0-02989882b5ab', 'Новый 2026 год', 'https://plugjsubjcfblzkabjia.supabase.co/storage/v1/object/public/gallery/arts/1769277580282_q8amv1ifw5e.png', 'https://plugjsubjcfblzkabjia.supabase.co/storage/v1/object/public/gallery/arts/thumbnails/1769277581281_x40omk8f8er.png', FALSE, '2025-12-27T00:00:00+00:00', FALSE),
  ('7e576d23-bc1c-478f-a7cb-f5d23ceab878', 'Попались Феликсы', 'https://plugjsubjcfblzkabjia.supabase.co/storage/v1/object/public/gallery/arts/1763484319231_5l54yz3fegy.png', 'https://plugjsubjcfblzkabjia.supabase.co/storage/v1/object/public/gallery/arts/1763484319231_5l54yz3fegy.png', TRUE, '2025-11-18T16:47:23.247+00:00', FALSE),
  ('80d70f6f-7e1f-4ef0-845d-6d90872a1d7e', 'Предновогодний подарок', 'https://plugjsubjcfblzkabjia.supabase.co/storage/v1/object/public/gallery/arts/1763485282519_tsm44pd0nmc.png', 'https://plugjsubjcfblzkabjia.supabase.co/storage/v1/object/public/gallery/arts/1763485282519_tsm44pd0nmc.png', FALSE, '2025-11-18T17:01:25.794+00:00', FALSE),
  ('ef9d4df6-94d8-4cbe-b73f-65d18c136d7d', 'Подик', 'https://plugjsubjcfblzkabjia.supabase.co/storage/v1/object/public/gallery/arts/1763487365963_077ksfl12c1a.jpg', 'https://plugjsubjcfblzkabjia.supabase.co/storage/v1/object/public/gallery/arts/1763487365963_077ksfl12c1a.jpg', TRUE, '2022-07-06T00:00:00+00:00', FALSE),
  ('817319e4-0d19-445f-89cb-e59d16bfdd27', 'Подик потик', 'https://plugjsubjcfblzkabjia.supabase.co/storage/v1/object/public/gallery/arts/1763487435903_9ctoiquq9fh.png', 'https://plugjsubjcfblzkabjia.supabase.co/storage/v1/object/public/gallery/arts/1763487435903_9ctoiquq9fh.png', TRUE, '2022-07-10T00:00:00+00:00', FALSE),
  ('01994806-b225-42fa-8460-8eb21db94471', 'Гифт от фосмна', 'https://plugjsubjcfblzkabjia.supabase.co/storage/v1/object/public/gallery/arts/1751642193192_nd4tk0j29n.png', 'https://plugjsubjcfblzkabjia.supabase.co/storage/v1/object/public/gallery/arts/1751642193192_nd4tk0j29n.png', FALSE, '2023-10-04T00:00:00+00:00', FALSE),
  ('766132b8-730a-4d90-8e04-c72bef02d9a8', 'Под звёздным небом', 'https://plugjsubjcfblzkabjia.supabase.co/storage/v1/object/public/gallery/arts/1756834302382_i2ahl355kg.png', 'https://plugjsubjcfblzkabjia.supabase.co/storage/v1/object/public/gallery/arts/1756834302382_i2ahl355kg.png', FALSE, '2024-04-08T00:00:00+00:00', FALSE),
  ('e27fcf30-80d5-4dd7-842c-d70ba35d0565', 'Лофи арт', 'https://plugjsubjcfblzkabjia.supabase.co/storage/v1/object/public/gallery/arts/1763486055160_jw4t7j69xqr.png', 'https://plugjsubjcfblzkabjia.supabase.co/storage/v1/object/public/gallery/arts/1763486055160_jw4t7j69xqr.png', FALSE, '2024-10-22T00:00:00+00:00', FALSE),
  ('0969d6ef-1b19-42c3-bc3b-c7ab7d2f8d1b', 'Ходячие мертвецы', 'https://plugjsubjcfblzkabjia.supabase.co/storage/v1/object/public/gallery/arts/1763486262246_wycc770efe.png', 'https://plugjsubjcfblzkabjia.supabase.co/storage/v1/object/public/gallery/arts/1763486262246_wycc770efe.png', FALSE, '2024-08-14T00:00:00+00:00', FALSE),
  ('f26537b6-7a2f-41f9-9aa3-d5f2bcbe1417', 'Хед с писькой', 'https://plugjsubjcfblzkabjia.supabase.co/storage/v1/object/public/gallery/arts/1763485981664_oi5rc3vij1g.png', 'https://plugjsubjcfblzkabjia.supabase.co/storage/v1/object/public/gallery/arts/1763485981664_oi5rc3vij1g.png', TRUE, '2022-02-02T00:00:00+00:00', FALSE),
  ('0c6f4fc7-dc2c-4baa-a19b-d10349b121cf', 'Челябинск', 'https://plugjsubjcfblzkabjia.supabase.co/storage/v1/object/public/gallery/arts/1763485737327_7upsdzvpok5.jpg', 'https://plugjsubjcfblzkabjia.supabase.co/storage/v1/object/public/gallery/arts/1763485737327_7upsdzvpok5.jpg', FALSE, '2023-11-27T00:00:00+00:00', FALSE),
  ('0785c48d-4412-4af4-adae-8e74cc417529', 'Рыбалка', 'https://plugjsubjcfblzkabjia.supabase.co/storage/v1/object/public/gallery/arts/1763487495911_gm8rwtv0z5q.png', 'https://plugjsubjcfblzkabjia.supabase.co/storage/v1/object/public/gallery/arts/1763487495911_gm8rwtv0z5q.png', FALSE, '2022-09-12T00:00:00+00:00', FALSE),
  ('d7261638-454a-4041-8a88-a88c9ff5efd0', 'Бейджик', 'https://plugjsubjcfblzkabjia.supabase.co/storage/v1/object/public/gallery/arts/1763486390708_fynf3ctglo.png', 'https://plugjsubjcfblzkabjia.supabase.co/storage/v1/object/public/gallery/arts/1763486390708_fynf3ctglo.png', FALSE, '2024-05-07T00:00:00+00:00', FALSE),
  ('84baab3a-30ee-4aaf-a2e4-364a27cede2f', 'Обычное шоу', 'https://plugjsubjcfblzkabjia.supabase.co/storage/v1/object/public/gallery/arts/1763486477470_u4myi8meqjl.png', 'https://plugjsubjcfblzkabjia.supabase.co/storage/v1/object/public/gallery/arts/1763486477470_u4myi8meqjl.png', FALSE, '2025-02-12T00:00:00+00:00', FALSE),
  ('83b0607e-ae11-46d5-96aa-2f42dd728de9', 'Jarvis, hold my beer', 'https://plugjsubjcfblzkabjia.supabase.co/storage/v1/object/public/gallery/arts/1766158133140_far3qokshh8.jpg', 'https://plugjsubjcfblzkabjia.supabase.co/storage/v1/object/public/gallery/arts/thumbnails/1766158134084_4wr4ljk5dwi.jpg', FALSE, '2022-06-14T00:00:00+00:00', FALSE),
  ('1820c2d6-d2db-427c-92c7-3fe350452ffb', 'Ну разве я плохой?', 'https://plugjsubjcfblzkabjia.supabase.co/storage/v1/object/public/gallery/arts/1762267229667_2ivhpmlxnw1.png', 'https://plugjsubjcfblzkabjia.supabase.co/storage/v1/object/public/gallery/arts/1762267229667_2ivhpmlxnw1.png', FALSE, '2021-08-10T00:00:00+00:00', FALSE),
  ('3bfd2bcf-df68-4b97-9cf8-88517eb2cc4b', 'Моё сокровище', 'https://plugjsubjcfblzkabjia.supabase.co/storage/v1/object/public/gallery/arts/1757940414191_0bfo65tagm7k.png', 'https://plugjsubjcfblzkabjia.supabase.co/storage/v1/object/public/gallery/arts/1757940414191_0bfo65tagm7k.png', FALSE, '2022-02-27T00:00:00+00:00', FALSE),
  ('841d1956-5e8e-4ff7-af94-ef171a07eff4', 'Йифф Феликса', 'https://plugjsubjcfblzkabjia.supabase.co/storage/v1/object/public/gallery/arts/1763486176813_376n0dlmbqn.png', 'https://plugjsubjcfblzkabjia.supabase.co/storage/v1/object/public/gallery/arts/1763486176813_376n0dlmbqn.png', TRUE, '2024-04-08T00:00:00+00:00', FALSE),
  ('b8c4dc9e-3e9a-4ca9-848f-b986b160a239', 'Валентинка от Конфи', 'https://plugjsubjcfblzkabjia.supabase.co/storage/v1/object/public/gallery/arts/1766462320803_91ofdaankwd.png', 'https://plugjsubjcfblzkabjia.supabase.co/storage/v1/object/public/gallery/arts/thumbnails/1766462321323_k3yewnjgns.png', FALSE, '2022-02-14T00:00:00+00:00', FALSE),
  ('b50a0147-e449-4a8c-a716-59b3a205dfc3', 'Фанатик MTH', 'https://plugjsubjcfblzkabjia.supabase.co/storage/v1/object/public/gallery/arts/1766462886945_6wom0hq9yxg.png', 'https://plugjsubjcfblzkabjia.supabase.co/storage/v1/object/public/gallery/arts/thumbnails/1766462887284_lzgynukgk6.png', FALSE, '2022-04-27T00:00:00+00:00', FALSE),
  ('929fbb2d-bb84-4e27-84e3-1908392cba71', 'Не знаю', 'https://plugjsubjcfblzkabjia.supabase.co/storage/v1/object/public/gallery/arts/1766462991635_n2ktvye87s.png', 'https://plugjsubjcfblzkabjia.supabase.co/storage/v1/object/public/gallery/arts/thumbnails/1766462992015_0dfi2syzfmba.png', FALSE, '2024-04-08T00:00:00+00:00', FALSE),
  ('531325bb-c45d-45ac-8fc1-c026780002e9', 'Музыку?', 'https://plugjsubjcfblzkabjia.supabase.co/storage/v1/object/public/gallery/arts/1766807701930_abviho27ff4.jpg', 'https://plugjsubjcfblzkabjia.supabase.co/storage/v1/object/public/gallery/arts/thumbnails/1766807702777_ygycsije0y.jpg', FALSE, '2020-05-30T00:00:00+00:00', FALSE),
  ('aed91152-f217-47b5-83fc-82e45a418ed7', 'Хорошая поза', 'https://plugjsubjcfblzkabjia.supabase.co/storage/v1/object/public/gallery/arts/1766463285501_vwmiuug3hd.png', 'https://plugjsubjcfblzkabjia.supabase.co/storage/v1/object/public/gallery/arts/thumbnails/1766463285906_ehr5f2c4cg4.png', TRUE, '2025-06-16T00:00:00+00:00', FALSE),
  ('bc955fbb-1696-41a4-ba4c-2c0df395da01', 'На коврике', 'https://plugjsubjcfblzkabjia.supabase.co/storage/v1/object/public/gallery/arts/1766808367164_45987qfk1a7.jpg', 'https://plugjsubjcfblzkabjia.supabase.co/storage/v1/object/public/gallery/arts/thumbnails/1766808368495_s1bjsvw717.jpg', FALSE, '2023-10-20T00:00:00+00:00', FALSE),
  ('8f00ac08-429f-47d8-843c-9f72cb222ace', 'За отсос любой вопрос', 'https://plugjsubjcfblzkabjia.supabase.co/storage/v1/object/public/gallery/arts/1766463464898_nfigewnvvyc.png', 'https://plugjsubjcfblzkabjia.supabase.co/storage/v1/object/public/gallery/arts/thumbnails/1766463465504_zmva1x98lye.png', TRUE, '2023-07-16T00:00:00+00:00', FALSE),
  ('2f350bb7-12cc-4e23-a9f3-af7361cd61ef', 'Качели', 'https://plugjsubjcfblzkabjia.supabase.co/storage/v1/object/public/gallery/arts/1766808079645_o67sw5dfk5.jpg', 'https://plugjsubjcfblzkabjia.supabase.co/storage/v1/object/public/gallery/arts/thumbnails/1766808080219_5yxxreuxmac.jpg', FALSE, '2020-09-15T00:00:00+00:00', FALSE),
  ('29950774-e726-4f3e-9d59-49bebfcbfec3', 'Весёли', 'https://plugjsubjcfblzkabjia.supabase.co/storage/v1/object/public/gallery/arts/1766917785779_iicvj4nresg.png', 'https://plugjsubjcfblzkabjia.supabase.co/storage/v1/object/public/gallery/arts/thumbnails/1766917787348_337sbo9xm0v.png', FALSE, '2025-03-11T00:00:00+00:00', FALSE),
  ('b213ab6d-e962-4568-a349-7e7de6a33850', 'Валентинка для любимого', 'https://plugjsubjcfblzkabjia.supabase.co/storage/v1/object/public/gallery/arts/1766808393752_ohaw460fh9.jpg', 'https://plugjsubjcfblzkabjia.supabase.co/storage/v1/object/public/gallery/arts/thumbnails/1766808394529_a5gzuhutneb.jpg', FALSE, '2025-12-27T00:00:00+00:00', FALSE),
  ('9ce874e3-faaf-45d7-b1d5-362ca7ba1969', 'Мороженка фисташковое 😋', 'https://plugjsubjcfblzkabjia.supabase.co/storage/v1/object/public/gallery/arts/1771706739853_sq1pw8o07mt.jpg', 'https://plugjsubjcfblzkabjia.supabase.co/storage/v1/object/public/gallery/arts/thumbnails/1771706740438_q79xkeeqtok.jpg', TRUE, '2026-02-14T00:00:00+00:00', FALSE),
  ('998e60b2-8164-4dc5-9823-4f1777461daf', 'День влюблённых', 'https://plugjsubjcfblzkabjia.supabase.co/storage/v1/object/public/gallery/arts/1766807997496_npg6zdehx9.jpg', 'https://plugjsubjcfblzkabjia.supabase.co/storage/v1/object/public/gallery/arts/thumbnails/1766807998134_dg5gmk3ymwt.jpg', FALSE, '2022-02-13T00:00:00+00:00', FALSE),
  ('613c45bb-7dfe-4ef6-892f-594e57160847', 'Новый год! 2021', 'https://plugjsubjcfblzkabjia.supabase.co/storage/v1/object/public/gallery/arts/1766807893255_mno6p22j5uk.jpg', 'https://plugjsubjcfblzkabjia.supabase.co/storage/v1/object/public/gallery/arts/thumbnails/1766807894003_bodrge9vjuk.jpg', FALSE, '2021-12-26T00:00:00+00:00', FALSE),
  ('38aa58cc-a61b-4335-9149-a16a492d8c09', 'Покайтесь!', 'https://plugjsubjcfblzkabjia.supabase.co/storage/v1/object/public/gallery/arts/1766809064763_icli6tvb6n8.jpg', 'https://plugjsubjcfblzkabjia.supabase.co/storage/v1/object/public/gallery/arts/thumbnails/1766809065832_kg62d38w51e.jpg', FALSE, '2020-09-19T00:00:00+00:00', FALSE),
  ('2ec9f645-8ca9-4b17-b66d-5a245281ea64', 'Мемас', 'https://plugjsubjcfblzkabjia.supabase.co/storage/v1/object/public/gallery/arts/1766809296751_xhqc1slbe2.jpg', 'https://plugjsubjcfblzkabjia.supabase.co/storage/v1/object/public/gallery/arts/thumbnails/1766809297418_173vwlrgan3.jpg', FALSE, '2021-06-22T00:00:00+00:00', FALSE),
  ('2ea14b10-01be-4832-9624-18422e99bde8', 'Учу на коньках', 'https://plugjsubjcfblzkabjia.supabase.co/storage/v1/object/public/gallery/arts/1766807808095_k5jlzm0va4.jpg', 'https://plugjsubjcfblzkabjia.supabase.co/storage/v1/object/public/gallery/arts/thumbnails/1766807808792_5peib3ech3t.jpg', FALSE, '2020-12-01T00:00:00+00:00', FALSE),
  ('a56a7f0d-6865-4f8d-b1e2-29d05e88298b', 'Вкусный снег', 'https://plugjsubjcfblzkabjia.supabase.co/storage/v1/object/public/gallery/arts/1766808148389_ya356u0jol.jpg', 'https://plugjsubjcfblzkabjia.supabase.co/storage/v1/object/public/gallery/arts/thumbnails/1766808149035_hbr4a97sop.jpg', FALSE, '2020-11-10T00:00:00+00:00', FALSE),
  ('2163b0f7-2df4-4d7b-b483-7070678f4fd0', 'Тэффи?', 'https://plugjsubjcfblzkabjia.supabase.co/storage/v1/object/public/gallery/arts/1766809418088_77ual1zuwzs.jpg', 'https://plugjsubjcfblzkabjia.supabase.co/storage/v1/object/public/gallery/arts/thumbnails/1766809418775_maarh0in1g.jpg', FALSE, '2020-06-17T00:00:00+00:00', FALSE),
  ('a4e24d04-cf8c-49d8-bfc7-556cdfb3593a', 'Подкинули', 'https://plugjsubjcfblzkabjia.supabase.co/storage/v1/object/public/gallery/arts/1766808303211_t1in952x5h.jpg', 'https://plugjsubjcfblzkabjia.supabase.co/storage/v1/object/public/gallery/arts/thumbnails/1766808303995_w9mdltzxbpn.jpg', TRUE, '2020-01-23T00:00:00+00:00', FALSE),
  ('9ea2c318-9fcd-47fe-b80a-5648f6fa81b2', 'Большое MTH', 'https://plugjsubjcfblzkabjia.supabase.co/storage/v1/object/public/gallery/arts/1766808224602_7obtnyzh94d.jpg', 'https://plugjsubjcfblzkabjia.supabase.co/storage/v1/object/public/gallery/arts/thumbnails/1766808225383_1pa2mj0coij.jpg', FALSE, '2022-08-03T00:00:00+00:00', FALSE)
ON CONFLICT DO NOTHING;
COMMIT;

BEGIN; -- art_collaborators
-- art_collaborators: 68 строк
INSERT INTO art_collaborators ("art_id", "person_id", "role") VALUES
  ('177bdf0d-cb2f-46fc-894b-3bcff72b0efa', '4783d492-2cf6-4209-b019-e728bb13859a', 'main_artist'),
  ('914cd97c-1dbc-4732-b079-7c941bc9eb43', '4783d492-2cf6-4209-b019-e728bb13859a', 'main_artist'),
  ('01c71cd7-ac1a-40f6-b0b1-c0fdfe0ad410', '4783d492-2cf6-4209-b019-e728bb13859a', 'main_artist'),
  ('01f03e9b-dcbc-44b9-8f35-b31e46536449', '4783d492-2cf6-4209-b019-e728bb13859a', 'main_artist'),
  ('0682893d-7e97-419d-bb9e-9960777ccc6f', '2cafaf80-f01e-4f3a-be6b-f9bc43fa2758', 'main_artist'),
  ('ef4d4927-061f-4c31-9710-6d14bb7d6399', '427a3f05-555a-4982-a860-ec4576aae0da', 'main_artist'),
  ('99868e82-8dd1-47e0-8d3d-b2504754429e', '427a3f05-555a-4982-a860-ec4576aae0da', 'main_artist'),
  ('0de349da-09de-4fb7-bc7c-36bdb8d79cf8', '427a3f05-555a-4982-a860-ec4576aae0da', 'main_artist'),
  ('fdf7e9d1-ca29-4a0a-8e09-1ff07edb4fd1', '3406085a-2abe-4026-9876-834cacf43b46', 'main_artist'),
  ('766e7ff4-6944-45bb-ad60-0b418c06120f', 'cc124cb6-69ae-44ad-8f24-a665bab545ce', 'main_artist'),
  ('9fa9281d-1d24-40b7-bfc5-bdf032e84056', '0a2af683-95d7-4e0d-9a93-73d9ac9a3fd8', 'main_artist'),
  ('ae9d9a81-962e-4fcd-a4f2-36dda8d12e24', '0a2af683-95d7-4e0d-9a93-73d9ac9a3fd8', 'main_artist'),
  ('7b44430d-a175-4f05-9fad-49b2fc63a967', '7c3f2684-d010-4030-848a-539d69a97ee7', 'main_artist'),
  ('f48640d3-e44b-4699-994b-711a65959280', '4944963e-a96e-4ff2-a288-10a9d65c5165', 'main_artist'),
  ('7e576d23-bc1c-478f-a7cb-f5d23ceab878', '7de56641-8aac-4153-92f2-266079feb13a', 'main_artist'),
  ('80d70f6f-7e1f-4ef0-845d-6d90872a1d7e', '9fd35e84-4660-4c5e-9873-e56beaa8db20', 'main_artist'),
  ('ef9d4df6-94d8-4cbe-b73f-65d18c136d7d', '8499e863-4b68-4547-bc64-375088e38df4', 'main_artist'),
  ('817319e4-0d19-445f-89cb-e59d16bfdd27', '8499e863-4b68-4547-bc64-375088e38df4', 'main_artist'),
  ('6a7183fe-8272-4ba6-94b7-4a3fd21eaa6b', '3406085a-2abe-4026-9876-834cacf43b46', 'main_artist'),
  ('664d2e74-da49-439b-ab84-ae03dc7ade55', '3406085a-2abe-4026-9876-834cacf43b46', 'main_artist'),
  ('01994806-b225-42fa-8460-8eb21db94471', '8499e863-4b68-4547-bc64-375088e38df4', 'main_artist'),
  ('e85d6704-b9cd-439f-8ab0-7d93130bc7e6', '8499e863-4b68-4547-bc64-375088e38df4', 'main_artist'),
  ('07516655-0957-4452-b1ec-ff9291b0fe81', '8499e863-4b68-4547-bc64-375088e38df4', 'main_artist'),
  ('0ba054c9-18d5-4a4e-a44e-de2c8e24bd25', '8499e863-4b68-4547-bc64-375088e38df4', 'main_artist'),
  ('766132b8-730a-4d90-8e04-c72bef02d9a8', 'cc124cb6-69ae-44ad-8f24-a665bab545ce', 'main_artist'),
  ('e27fcf30-80d5-4dd7-842c-d70ba35d0565', '8abacf32-ebc0-4e79-867b-5adc8016cf94', 'main_artist'),
  ('acdc4b1b-93b7-4044-800d-1235444f71d3', '427a3f05-555a-4982-a860-ec4576aae0da', 'main_artist'),
  ('0969d6ef-1b19-42c3-bc3b-c7ab7d2f8d1b', '7de56641-8aac-4153-92f2-266079feb13a', 'main_artist'),
  ('7d83e02a-3872-4658-a87b-a381361e793a', '8abacf32-ebc0-4e79-867b-5adc8016cf94', 'main_artist'),
  ('3db20e70-a63b-4e76-ace9-17070e61d127', '766ab820-8dcd-491a-8b9a-161106d32151', 'main_artist'),
  ('0b7b1ee6-c0fe-4c8a-90a3-f2ff5d5a5b32', '2cafaf80-f01e-4f3a-be6b-f9bc43fa2758', 'main_artist'),
  ('f26537b6-7a2f-41f9-9aa3-d5f2bcbe1417', 'de0c6f57-1ee1-4e67-aa4c-051268ac1a7d', 'main_artist'),
  ('0c6f4fc7-dc2c-4baa-a19b-d10349b121cf', '8abacf32-ebc0-4e79-867b-5adc8016cf94', 'main_artist'),
  ('e5945a4f-51c7-426e-b8d3-ee1e3e4cc60b', '427a3f05-555a-4982-a860-ec4576aae0da', 'main_artist'),
  ('0785c48d-4412-4af4-adae-8e74cc417529', '7581bfc6-349e-4e99-91e0-f832b8b98abc', 'main_artist'),
  ('6fc12485-fa0b-462a-a9c5-7a1ec19f9b5c', 'cc124cb6-69ae-44ad-8f24-a665bab545ce', 'main_artist'),
  ('b1b8b467-4c73-4441-8336-e12655fd5863', '8499e863-4b68-4547-bc64-375088e38df4', 'main_artist'),
  ('bba929bb-98a1-48bf-a7e8-49ef4e2e6272', '8499e863-4b68-4547-bc64-375088e38df4', 'main_artist'),
  ('d7261638-454a-4041-8a88-a88c9ff5efd0', '8abacf32-ebc0-4e79-867b-5adc8016cf94', 'main_artist'),
  ('84baab3a-30ee-4aaf-a2e4-364a27cede2f', 'e6ae5fbb-6b7b-4979-b7da-db267f3c4486', 'main_artist'),
  ('83b0607e-ae11-46d5-96aa-2f42dd728de9', '8499e863-4b68-4547-bc64-375088e38df4', 'main_artist'),
  ('24803de6-8730-4b59-b3a6-7428d0ffe482', '0a2af683-95d7-4e0d-9a93-73d9ac9a3fd8', 'main_artist'),
  ('1820c2d6-d2db-427c-92c7-3fe350452ffb', '478c418f-6f3f-4c8f-b7a8-b0facf33dae8', 'main_artist'),
  ('3bfd2bcf-df68-4b97-9cf8-88517eb2cc4b', '7c3f2684-d010-4030-848a-539d69a97ee7', 'main_artist'),
  ('841d1956-5e8e-4ff7-af94-ef171a07eff4', '7de56641-8aac-4153-92f2-266079feb13a', 'main_artist'),
  ('b8c4dc9e-3e9a-4ca9-848f-b986b160a239', '346e0717-a56d-4dba-871e-8d15a1f8cc77', 'main_artist'),
  ('b50a0147-e449-4a8c-a716-59b3a205dfc3', '8499e863-4b68-4547-bc64-375088e38df4', 'main_artist'),
  ('929fbb2d-bb84-4e27-84e3-1908392cba71', '15cf7c80-eb20-4595-b99a-21e5d19c24e3', 'main_artist'),
  ('aed91152-f217-47b5-83fc-82e45a418ed7', '1b65e707-fb07-4464-a60a-855dc2a37814', 'main_artist'),
  ('8f00ac08-429f-47d8-843c-9f72cb222ace', '1b65e707-fb07-4464-a60a-855dc2a37814', 'main_artist'),
  ('998e60b2-8164-4dc5-9823-4f1777461daf', 'e10d638c-b582-434a-95b5-b2e7c751c0d0', 'main_artist'),
  ('613c45bb-7dfe-4ef6-892f-594e57160847', 'e10d638c-b582-434a-95b5-b2e7c751c0d0', 'main_artist'),
  ('38aa58cc-a61b-4335-9149-a16a492d8c09', 'e10d638c-b582-434a-95b5-b2e7c751c0d0', 'main_artist'),
  ('2ec9f645-8ca9-4b17-b66d-5a245281ea64', 'e10d638c-b582-434a-95b5-b2e7c751c0d0', 'main_artist'),
  ('2ea14b10-01be-4832-9624-18422e99bde8', 'e10d638c-b582-434a-95b5-b2e7c751c0d0', 'main_artist'),
  ('a56a7f0d-6865-4f8d-b1e2-29d05e88298b', 'e10d638c-b582-434a-95b5-b2e7c751c0d0', 'main_artist'),
  ('2163b0f7-2df4-4d7b-b483-7070678f4fd0', 'e10d638c-b582-434a-95b5-b2e7c751c0d0', 'main_artist'),
  ('a4e24d04-cf8c-49d8-bfc7-556cdfb3593a', '9fd35e84-4660-4c5e-9873-e56beaa8db20', 'main_artist'),
  ('9ea2c318-9fcd-47fe-b80a-5648f6fa81b2', '9fd35e84-4660-4c5e-9873-e56beaa8db20', 'main_artist'),
  ('531325bb-c45d-45ac-8fc1-c026780002e9', '092ba2ed-dc7c-435a-81a0-6c22fddae856', 'main_artist'),
  ('bc955fbb-1696-41a4-ba4c-2c0df395da01', '3406085a-2abe-4026-9876-834cacf43b46', 'main_artist'),
  ('3a26eeae-87da-4b08-a9cc-9804e97de0f6', '346e0717-a56d-4dba-871e-8d15a1f8cc77', 'main_artist'),
  ('2f350bb7-12cc-4e23-a9f3-af7361cd61ef', 'e10d638c-b582-434a-95b5-b2e7c751c0d0', 'main_artist'),
  ('29950774-e726-4f3e-9d59-49bebfcbfec3', '0a2af683-95d7-4e0d-9a93-73d9ac9a3fd8', 'main_artist'),
  ('b213ab6d-e962-4568-a349-7e7de6a33850', '346e0717-a56d-4dba-871e-8d15a1f8cc77', 'main_artist'),
  ('2c7c94a6-246e-4627-a24d-b3bcfff60400', '3406085a-2abe-4026-9876-834cacf43b46', 'main_artist'),
  ('ffc19c05-7455-4789-8dc0-02989882b5ab', 'f36aa4c7-c905-42a9-a2ae-c9820d805301', 'main_artist'),
  ('9ce874e3-faaf-45d7-b1d5-362ca7ba1969', '8499e863-4b68-4547-bc64-375088e38df4', 'main_artist')
ON CONFLICT DO NOTHING;
COMMIT;

BEGIN; -- art_fursonas
-- art_fursonas: 40 строк
INSERT INTO art_fursonas ("art_id", "fursona_id", "display_order") VALUES
  ('177bdf0d-cb2f-46fc-894b-3bcff72b0efa', 'caebd859-4d8c-4cf7-af12-2afe964867a2', 1),
  ('0682893d-7e97-419d-bb9e-9960777ccc6f', 'caebd859-4d8c-4cf7-af12-2afe964867a2', 1),
  ('ef4d4927-061f-4c31-9710-6d14bb7d6399', 'caebd859-4d8c-4cf7-af12-2afe964867a2', 1),
  ('99868e82-8dd1-47e0-8d3d-b2504754429e', 'caebd859-4d8c-4cf7-af12-2afe964867a2', 1),
  ('7e576d23-bc1c-478f-a7cb-f5d23ceab878', 'e24426b8-9c06-4364-8a81-47c64015ddb0', 1),
  ('7e576d23-bc1c-478f-a7cb-f5d23ceab878', 'caebd859-4d8c-4cf7-af12-2afe964867a2', 1),
  ('80d70f6f-7e1f-4ef0-845d-6d90872a1d7e', 'caebd859-4d8c-4cf7-af12-2afe964867a2', 1),
  ('ef9d4df6-94d8-4cbe-b73f-65d18c136d7d', 'd245a435-7d7c-4dd0-9a59-48e161d1aa7f', 1),
  ('817319e4-0d19-445f-89cb-e59d16bfdd27', 'd245a435-7d7c-4dd0-9a59-48e161d1aa7f', 1),
  ('0ba054c9-18d5-4a4e-a44e-de2c8e24bd25', 'caebd859-4d8c-4cf7-af12-2afe964867a2', 1),
  ('766132b8-730a-4d90-8e04-c72bef02d9a8', 'caebd859-4d8c-4cf7-af12-2afe964867a2', 1),
  ('e27fcf30-80d5-4dd7-842c-d70ba35d0565', 'caebd859-4d8c-4cf7-af12-2afe964867a2', 1),
  ('acdc4b1b-93b7-4044-800d-1235444f71d3', 'caebd859-4d8c-4cf7-af12-2afe964867a2', 1),
  ('acdc4b1b-93b7-4044-800d-1235444f71d3', 'e973710c-c04f-4c51-b9e8-99d749ee7c3a', 1),
  ('0969d6ef-1b19-42c3-bc3b-c7ab7d2f8d1b', 'caebd859-4d8c-4cf7-af12-2afe964867a2', 1),
  ('7d83e02a-3872-4658-a87b-a381361e793a', 'f69caf81-d518-4b5b-a629-a4a083bf3068', 1),
  ('7d83e02a-3872-4658-a87b-a381361e793a', 'caebd859-4d8c-4cf7-af12-2afe964867a2', 1),
  ('3db20e70-a63b-4e76-ace9-17070e61d127', 'caebd859-4d8c-4cf7-af12-2afe964867a2', 1),
  ('f26537b6-7a2f-41f9-9aa3-d5f2bcbe1417', 'caebd859-4d8c-4cf7-af12-2afe964867a2', 1),
  ('0c6f4fc7-dc2c-4baa-a19b-d10349b121cf', 'caebd859-4d8c-4cf7-af12-2afe964867a2', 1),
  ('e5945a4f-51c7-426e-b8d3-ee1e3e4cc60b', '1585ac14-a5f3-4200-ba09-aa1c03433c5d', 1),
  ('0785c48d-4412-4af4-adae-8e74cc417529', 'caebd859-4d8c-4cf7-af12-2afe964867a2', 1),
  ('6fc12485-fa0b-462a-a9c5-7a1ec19f9b5c', 'caebd859-4d8c-4cf7-af12-2afe964867a2', 1),
  ('bba929bb-98a1-48bf-a7e8-49ef4e2e6272', 'caebd859-4d8c-4cf7-af12-2afe964867a2', 1),
  ('84baab3a-30ee-4aaf-a2e4-364a27cede2f', 'caebd859-4d8c-4cf7-af12-2afe964867a2', 1),
  ('841d1956-5e8e-4ff7-af94-ef171a07eff4', 'caebd859-4d8c-4cf7-af12-2afe964867a2', 1),
  ('b8c4dc9e-3e9a-4ca9-848f-b986b160a239', 'caebd859-4d8c-4cf7-af12-2afe964867a2', 1),
  ('aed91152-f217-47b5-83fc-82e45a418ed7', 'caebd859-4d8c-4cf7-af12-2afe964867a2', 1),
  ('8f00ac08-429f-47d8-843c-9f72cb222ace', 'caebd859-4d8c-4cf7-af12-2afe964867a2', 1),
  ('998e60b2-8164-4dc5-9823-4f1777461daf', 'caebd859-4d8c-4cf7-af12-2afe964867a2', 1),
  ('613c45bb-7dfe-4ef6-892f-594e57160847', 'caebd859-4d8c-4cf7-af12-2afe964867a2', 1),
  ('2ec9f645-8ca9-4b17-b66d-5a245281ea64', 'c4353c2e-4a1d-4cab-bbf3-53f17a3d1c79', 1),
  ('2ea14b10-01be-4832-9624-18422e99bde8', 'c4353c2e-4a1d-4cab-bbf3-53f17a3d1c79', 1),
  ('a4e24d04-cf8c-49d8-bfc7-556cdfb3593a', 'c4353c2e-4a1d-4cab-bbf3-53f17a3d1c79', 1),
  ('3a26eeae-87da-4b08-a9cc-9804e97de0f6', 'caebd859-4d8c-4cf7-af12-2afe964867a2', 1),
  ('2f350bb7-12cc-4e23-a9f3-af7361cd61ef', 'c4353c2e-4a1d-4cab-bbf3-53f17a3d1c79', 1),
  ('b213ab6d-e962-4568-a349-7e7de6a33850', 'caebd859-4d8c-4cf7-af12-2afe964867a2', 1),
  ('2c7c94a6-246e-4627-a24d-b3bcfff60400', 'caebd859-4d8c-4cf7-af12-2afe964867a2', 1),
  ('ffc19c05-7455-4789-8dc0-02989882b5ab', 'caebd859-4d8c-4cf7-af12-2afe964867a2', 1),
  ('9ce874e3-faaf-45d7-b1d5-362ca7ba1969', 'caebd859-4d8c-4cf7-af12-2afe964867a2', 1)
ON CONFLICT DO NOTHING;
COMMIT;

BEGIN; -- art_tags
-- art_tags: 268 строк
INSERT INTO art_tags ("art_id", "tag_id") VALUES
  ('f26537b6-7a2f-41f9-9aa3-d5f2bcbe1417', '27bd62de-5e8d-442f-bb2e-9f57b4a10ca3'),
  ('f26537b6-7a2f-41f9-9aa3-d5f2bcbe1417', '8a0c0743-62da-42e8-96fa-bb0c2b150cfd'),
  ('0c6f4fc7-dc2c-4baa-a19b-d10349b121cf', '3d22b346-8d33-4af2-85b3-b21ab73bedbd'),
  ('0c6f4fc7-dc2c-4baa-a19b-d10349b121cf', 'ec2d9b1c-de9b-4a5b-8efa-d038fa4f27df'),
  ('e5945a4f-51c7-426e-b8d3-ee1e3e4cc60b', '3d22b346-8d33-4af2-85b3-b21ab73bedbd'),
  ('0785c48d-4412-4af4-adae-8e74cc417529', '3d22b346-8d33-4af2-85b3-b21ab73bedbd'),
  ('0785c48d-4412-4af4-adae-8e74cc417529', '5e49fd79-0de5-40e9-b0a0-fabf88fbdcd9'),
  ('177bdf0d-cb2f-46fc-894b-3bcff72b0efa', '5e49fd79-0de5-40e9-b0a0-fabf88fbdcd9'),
  ('177bdf0d-cb2f-46fc-894b-3bcff72b0efa', '42d71c20-4a4e-4f56-bf5b-1e586e020393'),
  ('914cd97c-1dbc-4732-b079-7c941bc9eb43', '3d22b346-8d33-4af2-85b3-b21ab73bedbd'),
  ('914cd97c-1dbc-4732-b079-7c941bc9eb43', '04f20d78-d96c-4422-9a6a-780fd4d3c376'),
  ('914cd97c-1dbc-4732-b079-7c941bc9eb43', '3750c858-63a2-4b7c-be3a-76dac7121d5c'),
  ('914cd97c-1dbc-4732-b079-7c941bc9eb43', '7edb1330-8401-4919-8c75-32352c3d96cd'),
  ('914cd97c-1dbc-4732-b079-7c941bc9eb43', '94cc870f-c661-4fb5-b1ef-00a37cf6e03f'),
  ('01c71cd7-ac1a-40f6-b0b1-c0fdfe0ad410', '3d22b346-8d33-4af2-85b3-b21ab73bedbd'),
  ('01c71cd7-ac1a-40f6-b0b1-c0fdfe0ad410', '3750c858-63a2-4b7c-be3a-76dac7121d5c'),
  ('01c71cd7-ac1a-40f6-b0b1-c0fdfe0ad410', '06a29fef-1b77-408b-aea3-1070a07b41ee'),
  ('01c71cd7-ac1a-40f6-b0b1-c0fdfe0ad410', '465f5397-cb59-4c24-b7c5-c7e6bb2c8ab2'),
  ('01f03e9b-dcbc-44b9-8f35-b31e46536449', 'ec2d9b1c-de9b-4a5b-8efa-d038fa4f27df'),
  ('6fc12485-fa0b-462a-a9c5-7a1ec19f9b5c', '04f20d78-d96c-4422-9a6a-780fd4d3c376'),
  ('6fc12485-fa0b-462a-a9c5-7a1ec19f9b5c', '5e49fd79-0de5-40e9-b0a0-fabf88fbdcd9'),
  ('b1b8b467-4c73-4441-8336-e12655fd5863', '3d22b346-8d33-4af2-85b3-b21ab73bedbd'),
  ('b1b8b467-4c73-4441-8336-e12655fd5863', '7edb1330-8401-4919-8c75-32352c3d96cd'),
  ('bba929bb-98a1-48bf-a7e8-49ef4e2e6272', '3d22b346-8d33-4af2-85b3-b21ab73bedbd'),
  ('bba929bb-98a1-48bf-a7e8-49ef4e2e6272', '42d71c20-4a4e-4f56-bf5b-1e586e020393'),
  ('d7261638-454a-4041-8a88-a88c9ff5efd0', '66bc1c8b-6f0f-49d6-93a7-e99cd0757eba'),
  ('84baab3a-30ee-4aaf-a2e4-364a27cede2f', '3d22b346-8d33-4af2-85b3-b21ab73bedbd'),
  ('84baab3a-30ee-4aaf-a2e4-364a27cede2f', '506b51c0-904f-40c6-adcc-b53ed982d7da'),
  ('0682893d-7e97-419d-bb9e-9960777ccc6f', '3d22b346-8d33-4af2-85b3-b21ab73bedbd'),
  ('0682893d-7e97-419d-bb9e-9960777ccc6f', '3750c858-63a2-4b7c-be3a-76dac7121d5c'),
  ('0682893d-7e97-419d-bb9e-9960777ccc6f', '7edb1330-8401-4919-8c75-32352c3d96cd'),
  ('0682893d-7e97-419d-bb9e-9960777ccc6f', '5e49fd79-0de5-40e9-b0a0-fabf88fbdcd9'),
  ('0682893d-7e97-419d-bb9e-9960777ccc6f', 'a0b01090-ad38-4ffe-b8df-6927c4f9e440'),
  ('83b0607e-ae11-46d5-96aa-2f42dd728de9', '32c13b75-dc99-483a-b6df-d1d4dfae14b1'),
  ('83b0607e-ae11-46d5-96aa-2f42dd728de9', '42d71c20-4a4e-4f56-bf5b-1e586e020393'),
  ('24803de6-8730-4b59-b3a6-7428d0ffe482', '04f20d78-d96c-4422-9a6a-780fd4d3c376'),
  ('24803de6-8730-4b59-b3a6-7428d0ffe482', 'cffcccdf-df61-4df6-aa3d-6874035cf2eb'),
  ('841d1956-5e8e-4ff7-af94-ef171a07eff4', '3d22b346-8d33-4af2-85b3-b21ab73bedbd'),
  ('841d1956-5e8e-4ff7-af94-ef171a07eff4', 'c742434c-0057-4fea-a6d2-c60bd254011a'),
  ('841d1956-5e8e-4ff7-af94-ef171a07eff4', '27bd62de-5e8d-442f-bb2e-9f57b4a10ca3'),
  ('ef4d4927-061f-4c31-9710-6d14bb7d6399', '3d22b346-8d33-4af2-85b3-b21ab73bedbd'),
  ('ef4d4927-061f-4c31-9710-6d14bb7d6399', '04f20d78-d96c-4422-9a6a-780fd4d3c376'),
  ('ef4d4927-061f-4c31-9710-6d14bb7d6399', '3750c858-63a2-4b7c-be3a-76dac7121d5c'),
  ('ef4d4927-061f-4c31-9710-6d14bb7d6399', '5e49fd79-0de5-40e9-b0a0-fabf88fbdcd9'),
  ('99868e82-8dd1-47e0-8d3d-b2504754429e', '3d22b346-8d33-4af2-85b3-b21ab73bedbd'),
  ('99868e82-8dd1-47e0-8d3d-b2504754429e', '04f20d78-d96c-4422-9a6a-780fd4d3c376'),
  ('99868e82-8dd1-47e0-8d3d-b2504754429e', '5e49fd79-0de5-40e9-b0a0-fabf88fbdcd9'),
  ('2163b0f7-2df4-4d7b-b483-7070678f4fd0', '7edb1330-8401-4919-8c75-32352c3d96cd'),
  ('a4e24d04-cf8c-49d8-bfc7-556cdfb3593a', '27bd62de-5e8d-442f-bb2e-9f57b4a10ca3'),
  ('a4e24d04-cf8c-49d8-bfc7-556cdfb3593a', '3eda4105-2e5f-479e-8258-604609ec11a4'),
  ('0de349da-09de-4fb7-bc7c-36bdb8d79cf8', '3d22b346-8d33-4af2-85b3-b21ab73bedbd'),
  ('0de349da-09de-4fb7-bc7c-36bdb8d79cf8', '3750c858-63a2-4b7c-be3a-76dac7121d5c'),
  ('0de349da-09de-4fb7-bc7c-36bdb8d79cf8', '506b51c0-904f-40c6-adcc-b53ed982d7da'),
  ('a4e24d04-cf8c-49d8-bfc7-556cdfb3593a', '8a0c0743-62da-42e8-96fa-bb0c2b150cfd'),
  ('a4e24d04-cf8c-49d8-bfc7-556cdfb3593a', 'c742434c-0057-4fea-a6d2-c60bd254011a'),
  ('b8c4dc9e-3e9a-4ca9-848f-b986b160a239', '3750c858-63a2-4b7c-be3a-76dac7121d5c'),
  ('b8c4dc9e-3e9a-4ca9-848f-b986b160a239', '5e49fd79-0de5-40e9-b0a0-fabf88fbdcd9'),
  ('9ea2c318-9fcd-47fe-b80a-5648f6fa81b2', '4e2563cf-302c-4b16-af57-736a77552024'),
  ('531325bb-c45d-45ac-8fc1-c026780002e9', '21730dab-0000-487a-ad41-5e2e4644763a'),
  ('531325bb-c45d-45ac-8fc1-c026780002e9', '7edb1330-8401-4919-8c75-32352c3d96cd'),
  ('bc955fbb-1696-41a4-ba4c-2c0df395da01', '4e2563cf-302c-4b16-af57-736a77552024'),
  ('b50a0147-e449-4a8c-a716-59b3a205dfc3', '7edb1330-8401-4919-8c75-32352c3d96cd'),
  ('3a26eeae-87da-4b08-a9cc-9804e97de0f6', '3750c858-63a2-4b7c-be3a-76dac7121d5c'),
  ('3a26eeae-87da-4b08-a9cc-9804e97de0f6', '465f5397-cb59-4c24-b7c5-c7e6bb2c8ab2'),
  ('929fbb2d-bb84-4e27-84e3-1908392cba71', '42d71c20-4a4e-4f56-bf5b-1e586e020393'),
  ('3a26eeae-87da-4b08-a9cc-9804e97de0f6', '5e49fd79-0de5-40e9-b0a0-fabf88fbdcd9'),
  ('2f350bb7-12cc-4e23-a9f3-af7361cd61ef', '3eda4105-2e5f-479e-8258-604609ec11a4'),
  ('2f350bb7-12cc-4e23-a9f3-af7361cd61ef', '4e2563cf-302c-4b16-af57-736a77552024'),
  ('29950774-e726-4f3e-9d59-49bebfcbfec3', '3d22b346-8d33-4af2-85b3-b21ab73bedbd'),
  ('29950774-e726-4f3e-9d59-49bebfcbfec3', '7edb1330-8401-4919-8c75-32352c3d96cd'),
  ('b213ab6d-e962-4568-a349-7e7de6a33850', '5e49fd79-0de5-40e9-b0a0-fabf88fbdcd9'),
  ('fdf7e9d1-ca29-4a0a-8e09-1ff07edb4fd1', 'c742434c-0057-4fea-a6d2-c60bd254011a'),
  ('fdf7e9d1-ca29-4a0a-8e09-1ff07edb4fd1', '8a0c0743-62da-42e8-96fa-bb0c2b150cfd'),
  ('fdf7e9d1-ca29-4a0a-8e09-1ff07edb4fd1', 'ec2d9b1c-de9b-4a5b-8efa-d038fa4f27df'),
  ('fdf7e9d1-ca29-4a0a-8e09-1ff07edb4fd1', '330a6c85-f93e-44c4-a4d8-a5749af42b40'),
  ('b213ab6d-e962-4568-a349-7e7de6a33850', '04f20d78-d96c-4422-9a6a-780fd4d3c376'),
  ('2c7c94a6-246e-4627-a24d-b3bcfff60400', '8a0c0743-62da-42e8-96fa-bb0c2b150cfd'),
  ('2c7c94a6-246e-4627-a24d-b3bcfff60400', '5e49fd79-0de5-40e9-b0a0-fabf88fbdcd9'),
  ('2c7c94a6-246e-4627-a24d-b3bcfff60400', '27bd62de-5e8d-442f-bb2e-9f57b4a10ca3'),
  ('ffc19c05-7455-4789-8dc0-02989882b5ab', '06a29fef-1b77-408b-aea3-1070a07b41ee'),
  ('766e7ff4-6944-45bb-ad60-0b418c06120f', '3d22b346-8d33-4af2-85b3-b21ab73bedbd'),
  ('766e7ff4-6944-45bb-ad60-0b418c06120f', '04f20d78-d96c-4422-9a6a-780fd4d3c376'),
  ('766e7ff4-6944-45bb-ad60-0b418c06120f', '3750c858-63a2-4b7c-be3a-76dac7121d5c'),
  ('766e7ff4-6944-45bb-ad60-0b418c06120f', '960b5929-8523-4b66-acf4-add1bcf29962'),
  ('766e7ff4-6944-45bb-ad60-0b418c06120f', 'cc0a8ef6-8343-4846-b087-23858015f97c'),
  ('ffc19c05-7455-4789-8dc0-02989882b5ab', '465f5397-cb59-4c24-b7c5-c7e6bb2c8ab2'),
  ('aed91152-f217-47b5-83fc-82e45a418ed7', '5e49fd79-0de5-40e9-b0a0-fabf88fbdcd9'),
  ('aed91152-f217-47b5-83fc-82e45a418ed7', 'c742434c-0057-4fea-a6d2-c60bd254011a'),
  ('9fa9281d-1d24-40b7-bfc5-bdf032e84056', '3d22b346-8d33-4af2-85b3-b21ab73bedbd'),
  ('9fa9281d-1d24-40b7-bfc5-bdf032e84056', '04f20d78-d96c-4422-9a6a-780fd4d3c376'),
  ('ae9d9a81-962e-4fcd-a4f2-36dda8d12e24', '3d22b346-8d33-4af2-85b3-b21ab73bedbd'),
  ('ae9d9a81-962e-4fcd-a4f2-36dda8d12e24', '04f20d78-d96c-4422-9a6a-780fd4d3c376'),
  ('ae9d9a81-962e-4fcd-a4f2-36dda8d12e24', 'c742434c-0057-4fea-a6d2-c60bd254011a'),
  ('ae9d9a81-962e-4fcd-a4f2-36dda8d12e24', '8a0c0743-62da-42e8-96fa-bb0c2b150cfd'),
  ('ae9d9a81-962e-4fcd-a4f2-36dda8d12e24', '42d71c20-4a4e-4f56-bf5b-1e586e020393'),
  ('8f00ac08-429f-47d8-843c-9f72cb222ace', '8a0c0743-62da-42e8-96fa-bb0c2b150cfd'),
  ('7b44430d-a175-4f05-9fad-49b2fc63a967', '3d22b346-8d33-4af2-85b3-b21ab73bedbd'),
  ('7b44430d-a175-4f05-9fad-49b2fc63a967', '04f20d78-d96c-4422-9a6a-780fd4d3c376'),
  ('7b44430d-a175-4f05-9fad-49b2fc63a967', 'c742434c-0057-4fea-a6d2-c60bd254011a'),
  ('7b44430d-a175-4f05-9fad-49b2fc63a967', '8a0c0743-62da-42e8-96fa-bb0c2b150cfd'),
  ('7b44430d-a175-4f05-9fad-49b2fc63a967', 'ec2d9b1c-de9b-4a5b-8efa-d038fa4f27df'),
  ('f48640d3-e44b-4699-994b-711a65959280', 'ec2d9b1c-de9b-4a5b-8efa-d038fa4f27df'),
  ('f48640d3-e44b-4699-994b-711a65959280', '3d22b346-8d33-4af2-85b3-b21ab73bedbd'),
  ('f48640d3-e44b-4699-994b-711a65959280', '20f17b00-e990-4aef-94d7-c2eeea80b0d8'),
  ('7e576d23-bc1c-478f-a7cb-f5d23ceab878', '20f17b00-e990-4aef-94d7-c2eeea80b0d8'),
  ('7e576d23-bc1c-478f-a7cb-f5d23ceab878', '3d22b346-8d33-4af2-85b3-b21ab73bedbd'),
  ('7e576d23-bc1c-478f-a7cb-f5d23ceab878', '8a0c0743-62da-42e8-96fa-bb0c2b150cfd'),
  ('7e576d23-bc1c-478f-a7cb-f5d23ceab878', '5e49fd79-0de5-40e9-b0a0-fabf88fbdcd9'),
  ('7e576d23-bc1c-478f-a7cb-f5d23ceab878', 'c742434c-0057-4fea-a6d2-c60bd254011a'),
  ('80d70f6f-7e1f-4ef0-845d-6d90872a1d7e', '3d22b346-8d33-4af2-85b3-b21ab73bedbd'),
  ('80d70f6f-7e1f-4ef0-845d-6d90872a1d7e', '04f20d78-d96c-4422-9a6a-780fd4d3c376'),
  ('80d70f6f-7e1f-4ef0-845d-6d90872a1d7e', '5e49fd79-0de5-40e9-b0a0-fabf88fbdcd9'),
  ('80d70f6f-7e1f-4ef0-845d-6d90872a1d7e', '42d71c20-4a4e-4f56-bf5b-1e586e020393'),
  ('80d70f6f-7e1f-4ef0-845d-6d90872a1d7e', '06a29fef-1b77-408b-aea3-1070a07b41ee'),
  ('80d70f6f-7e1f-4ef0-845d-6d90872a1d7e', 'a0b01090-ad38-4ffe-b8df-6927c4f9e440'),
  ('80d70f6f-7e1f-4ef0-845d-6d90872a1d7e', '465f5397-cb59-4c24-b7c5-c7e6bb2c8ab2'),
  ('8f00ac08-429f-47d8-843c-9f72cb222ace', 'ec2d9b1c-de9b-4a5b-8efa-d038fa4f27df'),
  ('998e60b2-8164-4dc5-9823-4f1777461daf', '4e2563cf-302c-4b16-af57-736a77552024'),
  ('998e60b2-8164-4dc5-9823-4f1777461daf', '3750c858-63a2-4b7c-be3a-76dac7121d5c'),
  ('613c45bb-7dfe-4ef6-892f-594e57160847', '04f20d78-d96c-4422-9a6a-780fd4d3c376'),
  ('613c45bb-7dfe-4ef6-892f-594e57160847', '465f5397-cb59-4c24-b7c5-c7e6bb2c8ab2'),
  ('613c45bb-7dfe-4ef6-892f-594e57160847', '5e49fd79-0de5-40e9-b0a0-fabf88fbdcd9'),
  ('613c45bb-7dfe-4ef6-892f-594e57160847', '4e2563cf-302c-4b16-af57-736a77552024'),
  ('38aa58cc-a61b-4335-9149-a16a492d8c09', '32c13b75-dc99-483a-b6df-d1d4dfae14b1'),
  ('38aa58cc-a61b-4335-9149-a16a492d8c09', '4e2563cf-302c-4b16-af57-736a77552024'),
  ('38aa58cc-a61b-4335-9149-a16a492d8c09', '7edb1330-8401-4919-8c75-32352c3d96cd'),
  ('2ec9f645-8ca9-4b17-b66d-5a245281ea64', '4e2563cf-302c-4b16-af57-736a77552024'),
  ('2ea14b10-01be-4832-9624-18422e99bde8', '04f20d78-d96c-4422-9a6a-780fd4d3c376'),
  ('a56a7f0d-6865-4f8d-b1e2-29d05e88298b', '465f5397-cb59-4c24-b7c5-c7e6bb2c8ab2'),
  ('a56a7f0d-6865-4f8d-b1e2-29d05e88298b', '7edb1330-8401-4919-8c75-32352c3d96cd'),
  ('2163b0f7-2df4-4d7b-b483-7070678f4fd0', '3750c858-63a2-4b7c-be3a-76dac7121d5c'),
  ('2163b0f7-2df4-4d7b-b483-7070678f4fd0', '4e2563cf-302c-4b16-af57-736a77552024'),
  ('f26537b6-7a2f-41f9-9aa3-d5f2bcbe1417', '3d22b346-8d33-4af2-85b3-b21ab73bedbd'),
  ('f26537b6-7a2f-41f9-9aa3-d5f2bcbe1417', 'c742434c-0057-4fea-a6d2-c60bd254011a'),
  ('0c6f4fc7-dc2c-4baa-a19b-d10349b121cf', 'ad1bdb36-d5a1-4f86-ae2b-cc11a9b97304'),
  ('a4e24d04-cf8c-49d8-bfc7-556cdfb3593a', '32c13b75-dc99-483a-b6df-d1d4dfae14b1'),
  ('a4e24d04-cf8c-49d8-bfc7-556cdfb3593a', '4e2563cf-302c-4b16-af57-736a77552024'),
  ('9ea2c318-9fcd-47fe-b80a-5648f6fa81b2', '42d71c20-4a4e-4f56-bf5b-1e586e020393'),
  ('9ea2c318-9fcd-47fe-b80a-5648f6fa81b2', '960b5929-8523-4b66-acf4-add1bcf29962'),
  ('531325bb-c45d-45ac-8fc1-c026780002e9', '4e2563cf-302c-4b16-af57-736a77552024'),
  ('bc955fbb-1696-41a4-ba4c-2c0df395da01', '42d71c20-4a4e-4f56-bf5b-1e586e020393'),
  ('e5945a4f-51c7-426e-b8d3-ee1e3e4cc60b', '15e80997-868a-42e9-b149-7149fd894a53'),
  ('e5945a4f-51c7-426e-b8d3-ee1e3e4cc60b', '506b51c0-904f-40c6-adcc-b53ed982d7da'),
  ('0785c48d-4412-4af4-adae-8e74cc417529', '04f20d78-d96c-4422-9a6a-780fd4d3c376'),
  ('0785c48d-4412-4af4-adae-8e74cc417529', '3efeea17-80af-40bf-b7bd-a58d3a6d5478'),
  ('0785c48d-4412-4af4-adae-8e74cc417529', '890ea8f4-00bc-445f-aa3b-b14c79ddc150'),
  ('0785c48d-4412-4af4-adae-8e74cc417529', 'f8f9de9d-6a36-4d37-a1a9-5e0fb2199290'),
  ('6fc12485-fa0b-462a-a9c5-7a1ec19f9b5c', '3d22b346-8d33-4af2-85b3-b21ab73bedbd'),
  ('6fc12485-fa0b-462a-a9c5-7a1ec19f9b5c', '890ea8f4-00bc-445f-aa3b-b14c79ddc150'),
  ('b1b8b467-4c73-4441-8336-e12655fd5863', '42d71c20-4a4e-4f56-bf5b-1e586e020393'),
  ('b1b8b467-4c73-4441-8336-e12655fd5863', '960b5929-8523-4b66-acf4-add1bcf29962'),
  ('bba929bb-98a1-48bf-a7e8-49ef4e2e6272', '5e49fd79-0de5-40e9-b0a0-fabf88fbdcd9'),
  ('d7261638-454a-4041-8a88-a88c9ff5efd0', '7edb1330-8401-4919-8c75-32352c3d96cd'),
  ('84baab3a-30ee-4aaf-a2e4-364a27cede2f', '15e80997-868a-42e9-b149-7149fd894a53'),
  ('84baab3a-30ee-4aaf-a2e4-364a27cede2f', '32c13b75-dc99-483a-b6df-d1d4dfae14b1'),
  ('bc955fbb-1696-41a4-ba4c-2c0df395da01', '506b51c0-904f-40c6-adcc-b53ed982d7da'),
  ('83b0607e-ae11-46d5-96aa-2f42dd728de9', '3d22b346-8d33-4af2-85b3-b21ab73bedbd'),
  ('83b0607e-ae11-46d5-96aa-2f42dd728de9', '506b51c0-904f-40c6-adcc-b53ed982d7da'),
  ('24803de6-8730-4b59-b3a6-7428d0ffe482', '42d71c20-4a4e-4f56-bf5b-1e586e020393'),
  ('1820c2d6-d2db-427c-92c7-3fe350452ffb', '32c13b75-dc99-483a-b6df-d1d4dfae14b1'),
  ('1820c2d6-d2db-427c-92c7-3fe350452ffb', '3d22b346-8d33-4af2-85b3-b21ab73bedbd'),
  ('841d1956-5e8e-4ff7-af94-ef171a07eff4', '8a0c0743-62da-42e8-96fa-bb0c2b150cfd'),
  ('3a26eeae-87da-4b08-a9cc-9804e97de0f6', '04f20d78-d96c-4422-9a6a-780fd4d3c376'),
  ('3a26eeae-87da-4b08-a9cc-9804e97de0f6', '3d22b346-8d33-4af2-85b3-b21ab73bedbd'),
  ('3a26eeae-87da-4b08-a9cc-9804e97de0f6', '7edb1330-8401-4919-8c75-32352c3d96cd'),
  ('ef9d4df6-94d8-4cbe-b73f-65d18c136d7d', '15e80997-868a-42e9-b149-7149fd894a53'),
  ('ef9d4df6-94d8-4cbe-b73f-65d18c136d7d', '3d22b346-8d33-4af2-85b3-b21ab73bedbd'),
  ('ef9d4df6-94d8-4cbe-b73f-65d18c136d7d', '42d71c20-4a4e-4f56-bf5b-1e586e020393'),
  ('ef9d4df6-94d8-4cbe-b73f-65d18c136d7d', '8a0c0743-62da-42e8-96fa-bb0c2b150cfd'),
  ('ef9d4df6-94d8-4cbe-b73f-65d18c136d7d', 'c742434c-0057-4fea-a6d2-c60bd254011a'),
  ('817319e4-0d19-445f-89cb-e59d16bfdd27', '15e80997-868a-42e9-b149-7149fd894a53'),
  ('817319e4-0d19-445f-89cb-e59d16bfdd27', '27bd62de-5e8d-442f-bb2e-9f57b4a10ca3'),
  ('817319e4-0d19-445f-89cb-e59d16bfdd27', '3d22b346-8d33-4af2-85b3-b21ab73bedbd'),
  ('817319e4-0d19-445f-89cb-e59d16bfdd27', '42d71c20-4a4e-4f56-bf5b-1e586e020393'),
  ('817319e4-0d19-445f-89cb-e59d16bfdd27', '8a0c0743-62da-42e8-96fa-bb0c2b150cfd'),
  ('817319e4-0d19-445f-89cb-e59d16bfdd27', 'c742434c-0057-4fea-a6d2-c60bd254011a'),
  ('6a7183fe-8272-4ba6-94b7-4a3fd21eaa6b', '3d22b346-8d33-4af2-85b3-b21ab73bedbd'),
  ('6a7183fe-8272-4ba6-94b7-4a3fd21eaa6b', 'c742434c-0057-4fea-a6d2-c60bd254011a'),
  ('6a7183fe-8272-4ba6-94b7-4a3fd21eaa6b', '8a0c0743-62da-42e8-96fa-bb0c2b150cfd'),
  ('664d2e74-da49-439b-ab84-ae03dc7ade55', '3d22b346-8d33-4af2-85b3-b21ab73bedbd'),
  ('664d2e74-da49-439b-ab84-ae03dc7ade55', '3750c858-63a2-4b7c-be3a-76dac7121d5c'),
  ('664d2e74-da49-439b-ab84-ae03dc7ade55', '7edb1330-8401-4919-8c75-32352c3d96cd'),
  ('664d2e74-da49-439b-ab84-ae03dc7ade55', '42d71c20-4a4e-4f56-bf5b-1e586e020393'),
  ('01994806-b225-42fa-8460-8eb21db94471', '04f20d78-d96c-4422-9a6a-780fd4d3c376'),
  ('01994806-b225-42fa-8460-8eb21db94471', '3750c858-63a2-4b7c-be3a-76dac7121d5c'),
  ('01994806-b225-42fa-8460-8eb21db94471', '3d22b346-8d33-4af2-85b3-b21ab73bedbd'),
  ('01994806-b225-42fa-8460-8eb21db94471', '42d71c20-4a4e-4f56-bf5b-1e586e020393'),
  ('01994806-b225-42fa-8460-8eb21db94471', '7edb1330-8401-4919-8c75-32352c3d96cd'),
  ('e85d6704-b9cd-439f-8ab0-7d93130bc7e6', '3d22b346-8d33-4af2-85b3-b21ab73bedbd'),
  ('e85d6704-b9cd-439f-8ab0-7d93130bc7e6', '04f20d78-d96c-4422-9a6a-780fd4d3c376'),
  ('e85d6704-b9cd-439f-8ab0-7d93130bc7e6', '3750c858-63a2-4b7c-be3a-76dac7121d5c'),
  ('e85d6704-b9cd-439f-8ab0-7d93130bc7e6', '7edb1330-8401-4919-8c75-32352c3d96cd'),
  ('e85d6704-b9cd-439f-8ab0-7d93130bc7e6', '42d71c20-4a4e-4f56-bf5b-1e586e020393'),
  ('07516655-0957-4452-b1ec-ff9291b0fe81', '7edb1330-8401-4919-8c75-32352c3d96cd'),
  ('07516655-0957-4452-b1ec-ff9291b0fe81', '080a314c-8636-4030-8c8b-f9c46574a7cf'),
  ('0ba054c9-18d5-4a4e-a44e-de2c8e24bd25', '3d22b346-8d33-4af2-85b3-b21ab73bedbd'),
  ('0ba054c9-18d5-4a4e-a44e-de2c8e24bd25', '04f20d78-d96c-4422-9a6a-780fd4d3c376'),
  ('0ba054c9-18d5-4a4e-a44e-de2c8e24bd25', '42d71c20-4a4e-4f56-bf5b-1e586e020393'),
  ('766132b8-730a-4d90-8e04-c72bef02d9a8', '3d22b346-8d33-4af2-85b3-b21ab73bedbd'),
  ('766132b8-730a-4d90-8e04-c72bef02d9a8', '04f20d78-d96c-4422-9a6a-780fd4d3c376'),
  ('766132b8-730a-4d90-8e04-c72bef02d9a8', '3750c858-63a2-4b7c-be3a-76dac7121d5c'),
  ('766132b8-730a-4d90-8e04-c72bef02d9a8', '5e49fd79-0de5-40e9-b0a0-fabf88fbdcd9'),
  ('e27fcf30-80d5-4dd7-842c-d70ba35d0565', 'eb6cd1b5-0745-4616-b1dc-a90570921224'),
  ('e27fcf30-80d5-4dd7-842c-d70ba35d0565', '3d22b346-8d33-4af2-85b3-b21ab73bedbd'),
  ('e27fcf30-80d5-4dd7-842c-d70ba35d0565', '04f20d78-d96c-4422-9a6a-780fd4d3c376'),
  ('acdc4b1b-93b7-4044-800d-1235444f71d3', '15e80997-868a-42e9-b149-7149fd894a53'),
  ('acdc4b1b-93b7-4044-800d-1235444f71d3', '3d22b346-8d33-4af2-85b3-b21ab73bedbd'),
  ('acdc4b1b-93b7-4044-800d-1235444f71d3', '506b51c0-904f-40c6-adcc-b53ed982d7da'),
  ('0969d6ef-1b19-42c3-bc3b-c7ab7d2f8d1b', '3d22b346-8d33-4af2-85b3-b21ab73bedbd'),
  ('0969d6ef-1b19-42c3-bc3b-c7ab7d2f8d1b', '32c13b75-dc99-483a-b6df-d1d4dfae14b1'),
  ('0969d6ef-1b19-42c3-bc3b-c7ab7d2f8d1b', '890ea8f4-00bc-445f-aa3b-b14c79ddc150'),
  ('7d83e02a-3872-4658-a87b-a381361e793a', '15e80997-868a-42e9-b149-7149fd894a53'),
  ('7d83e02a-3872-4658-a87b-a381361e793a', '3d22b346-8d33-4af2-85b3-b21ab73bedbd'),
  ('7d83e02a-3872-4658-a87b-a381361e793a', '04f20d78-d96c-4422-9a6a-780fd4d3c376'),
  ('7d83e02a-3872-4658-a87b-a381361e793a', '3750c858-63a2-4b7c-be3a-76dac7121d5c'),
  ('841d1956-5e8e-4ff7-af94-ef171a07eff4', '5e49fd79-0de5-40e9-b0a0-fabf88fbdcd9'),
  ('2f350bb7-12cc-4e23-a9f3-af7361cd61ef', '3750c858-63a2-4b7c-be3a-76dac7121d5c'),
  ('2f350bb7-12cc-4e23-a9f3-af7361cd61ef', '42d71c20-4a4e-4f56-bf5b-1e586e020393'),
  ('b8c4dc9e-3e9a-4ca9-848f-b986b160a239', '04f20d78-d96c-4422-9a6a-780fd4d3c376'),
  ('3db20e70-a63b-4e76-ace9-17070e61d127', '3d22b346-8d33-4af2-85b3-b21ab73bedbd'),
  ('3db20e70-a63b-4e76-ace9-17070e61d127', '04f20d78-d96c-4422-9a6a-780fd4d3c376'),
  ('3db20e70-a63b-4e76-ace9-17070e61d127', '3750c858-63a2-4b7c-be3a-76dac7121d5c'),
  ('3db20e70-a63b-4e76-ace9-17070e61d127', '5e49fd79-0de5-40e9-b0a0-fabf88fbdcd9'),
  ('0b7b1ee6-c0fe-4c8a-90a3-f2ff5d5a5b32', '3d22b346-8d33-4af2-85b3-b21ab73bedbd'),
  ('0b7b1ee6-c0fe-4c8a-90a3-f2ff5d5a5b32', '04f20d78-d96c-4422-9a6a-780fd4d3c376'),
  ('0b7b1ee6-c0fe-4c8a-90a3-f2ff5d5a5b32', '3750c858-63a2-4b7c-be3a-76dac7121d5c'),
  ('0b7b1ee6-c0fe-4c8a-90a3-f2ff5d5a5b32', '7edb1330-8401-4919-8c75-32352c3d96cd'),
  ('29950774-e726-4f3e-9d59-49bebfcbfec3', '3750c858-63a2-4b7c-be3a-76dac7121d5c'),
  ('29950774-e726-4f3e-9d59-49bebfcbfec3', '42d71c20-4a4e-4f56-bf5b-1e586e020393'),
  ('b8c4dc9e-3e9a-4ca9-848f-b986b160a239', '3d22b346-8d33-4af2-85b3-b21ab73bedbd'),
  ('b213ab6d-e962-4568-a349-7e7de6a33850', '3d22b346-8d33-4af2-85b3-b21ab73bedbd'),
  ('b213ab6d-e962-4568-a349-7e7de6a33850', '067c04d6-203a-4e0a-b3f9-5d327a52a092'),
  ('b213ab6d-e962-4568-a349-7e7de6a33850', '7edb1330-8401-4919-8c75-32352c3d96cd'),
  ('2c7c94a6-246e-4627-a24d-b3bcfff60400', 'c742434c-0057-4fea-a6d2-c60bd254011a'),
  ('2c7c94a6-246e-4627-a24d-b3bcfff60400', 'ec2d9b1c-de9b-4a5b-8efa-d038fa4f27df'),
  ('b50a0147-e449-4a8c-a716-59b3a205dfc3', '3d22b346-8d33-4af2-85b3-b21ab73bedbd'),
  ('b50a0147-e449-4a8c-a716-59b3a205dfc3', '42d71c20-4a4e-4f56-bf5b-1e586e020393'),
  ('b50a0147-e449-4a8c-a716-59b3a205dfc3', '960b5929-8523-4b66-acf4-add1bcf29962'),
  ('929fbb2d-bb84-4e27-84e3-1908392cba71', '3d22b346-8d33-4af2-85b3-b21ab73bedbd'),
  ('929fbb2d-bb84-4e27-84e3-1908392cba71', '7edb1330-8401-4919-8c75-32352c3d96cd'),
  ('ffc19c05-7455-4789-8dc0-02989882b5ab', '3750c858-63a2-4b7c-be3a-76dac7121d5c'),
  ('aed91152-f217-47b5-83fc-82e45a418ed7', '3d22b346-8d33-4af2-85b3-b21ab73bedbd'),
  ('aed91152-f217-47b5-83fc-82e45a418ed7', '8a0c0743-62da-42e8-96fa-bb0c2b150cfd'),
  ('aed91152-f217-47b5-83fc-82e45a418ed7', 'ec2d9b1c-de9b-4a5b-8efa-d038fa4f27df'),
  ('ffc19c05-7455-4789-8dc0-02989882b5ab', '3d22b346-8d33-4af2-85b3-b21ab73bedbd'),
  ('ffc19c05-7455-4789-8dc0-02989882b5ab', '5e49fd79-0de5-40e9-b0a0-fabf88fbdcd9'),
  ('8f00ac08-429f-47d8-843c-9f72cb222ace', '3d22b346-8d33-4af2-85b3-b21ab73bedbd'),
  ('8f00ac08-429f-47d8-843c-9f72cb222ace', '5e49fd79-0de5-40e9-b0a0-fabf88fbdcd9'),
  ('8f00ac08-429f-47d8-843c-9f72cb222ace', 'c742434c-0057-4fea-a6d2-c60bd254011a'),
  ('998e60b2-8164-4dc5-9823-4f1777461daf', '5e49fd79-0de5-40e9-b0a0-fabf88fbdcd9'),
  ('998e60b2-8164-4dc5-9823-4f1777461daf', '04f20d78-d96c-4422-9a6a-780fd4d3c376'),
  ('998e60b2-8164-4dc5-9823-4f1777461daf', '067c04d6-203a-4e0a-b3f9-5d327a52a092'),
  ('613c45bb-7dfe-4ef6-892f-594e57160847', '3750c858-63a2-4b7c-be3a-76dac7121d5c'),
  ('613c45bb-7dfe-4ef6-892f-594e57160847', '06a29fef-1b77-408b-aea3-1070a07b41ee'),
  ('38aa58cc-a61b-4335-9149-a16a492d8c09', '506b51c0-904f-40c6-adcc-b53ed982d7da'),
  ('2ec9f645-8ca9-4b17-b66d-5a245281ea64', '3eda4105-2e5f-479e-8258-604609ec11a4'),
  ('2ec9f645-8ca9-4b17-b66d-5a245281ea64', '506b51c0-904f-40c6-adcc-b53ed982d7da'),
  ('2ec9f645-8ca9-4b17-b66d-5a245281ea64', 'a0b01090-ad38-4ffe-b8df-6927c4f9e440'),
  ('2ea14b10-01be-4832-9624-18422e99bde8', '4e2563cf-302c-4b16-af57-736a77552024'),
  ('a56a7f0d-6865-4f8d-b1e2-29d05e88298b', '04f20d78-d96c-4422-9a6a-780fd4d3c376'),
  ('a56a7f0d-6865-4f8d-b1e2-29d05e88298b', '3750c858-63a2-4b7c-be3a-76dac7121d5c'),
  ('a56a7f0d-6865-4f8d-b1e2-29d05e88298b', '4e2563cf-302c-4b16-af57-736a77552024'),
  ('9ce874e3-faaf-45d7-b1d5-362ca7ba1969', '3d22b346-8d33-4af2-85b3-b21ab73bedbd'),
  ('9ce874e3-faaf-45d7-b1d5-362ca7ba1969', '067c04d6-203a-4e0a-b3f9-5d327a52a092'),
  ('9ce874e3-faaf-45d7-b1d5-362ca7ba1969', 'c742434c-0057-4fea-a6d2-c60bd254011a'),
  ('9ce874e3-faaf-45d7-b1d5-362ca7ba1969', '27bd62de-5e8d-442f-bb2e-9f57b4a10ca3'),
  ('9ce874e3-faaf-45d7-b1d5-362ca7ba1969', '5e49fd79-0de5-40e9-b0a0-fabf88fbdcd9'),
  ('9ce874e3-faaf-45d7-b1d5-362ca7ba1969', '8a0c0743-62da-42e8-96fa-bb0c2b150cfd')
ON CONFLICT DO NOTHING;
COMMIT;

BEGIN; -- cons
-- cons: 17 строк
INSERT INTO cons ("id", "created_at", "updated_at", "name", "slug", "subtitle", "description", "event_date", "announced_date", "location", "city", "country", "event_type", "status", "attendance_status", "attendees_count", "expected_visitors", "my_rating", "my_review", "conclusion", "has_dealers_den", "has_art_show", "has_fursuit_parade", "has_competitions", "entrance_fee", "total_spent", "purchases_summary", "meta_title", "meta_description", "meta_image", "meta_url", "official_website", "is_featured", "avatar_url", "pros_old", "cons_text_old", "purchase_items", "rating_organization", "rating_program", "rating_atmosphere", "rating_location", "rating_participants", "rating_food", "review_completed", "pros", "cons_text", "photos_folder", "logo_url", "pros_text", "event_end_date") VALUES
  ('6db66d4f-a581-4e43-b960-9e8447706595', '2025-09-15T17:13:17.225664+00:00', '2025-12-09T13:48:53.839985+00:00', 'FurMarket 3', 'furmarket', 'Маркет на фурри-тематику в Москве', 'Здесь можно найти любимых авторов, крафтеров, пушистиков и много красивого, яркого мерча. Мероприятие, от которого можно пищать от восторга!', '2025-03-22T00:00:00+00:00', '2024-04-20T00:00:00+00:00', 'Никулинская', 'Москва', 'Россия', 'market', 'completed', '{"status":"attended","roles":[]}', 150, 200, 4, 'В целом мероприятие оставило очень приятное впечатление. Несмотря на некоторые организационные недостатки, атмосфера и контент полностью компенсировали их. Обязательно посещу это мероприятие снова в следующем году и буду рекомендовать его друзьям.', 'Очень удачный формат мероприятия для города. Надеюсь, что FurMarket станет регулярным и будет развиваться. Питерские мастера показали высокий уровень!', TRUE, FALSE, FALSE, FALSE, 500.0, 3500.0, 'Купил всё запланированное и даже больше. Цены адекватные для авторских работ, качество на высоте.', 'FurMarket | Мероприятия Fox Taffy', 'Отчёт Fox Taffy с первого фурри-маркета FurMarket в Санкт-Петербурге', 'https://plugjsubjcfblzkabjia.supabase.co/storage/v1/object/public/Convent/events/banners/1765287868345_j5m39lxcqy.jpg', 'https://foxtaffy.fun/events/furmarket', 'https://vk.com/furrmarket', FALSE, 'https://plugjsubjcfblzkabjia.supabase.co/storage/v1/object/public/gallery/events/furmarket.jpg', NULL, NULL, '[]'::jsonb, 4, 5, 5, 3, 5, NULL, TRUE, '["Разнообразная и насыщенная программа", "Дружелюбная атмосфера и отзывчивые организаторы", "Интересные мастер-классы и активности", "Качественный маркет с разнообразными товарами", "Отличное озвучивание и музыкальное сопровождение"]'::jsonb, '["Тесное помещение с недостаточной вентиляцией", "Мало сидячих мест для отдыха", "Высокие цены на еду и напитки", "Не очень удобное расположение относительно транспорта", "Некоторые задержки в расписании"]'::jsonb, NULL, NULL, '[]'::jsonb, NULL),
  ('6e914263-54d6-4bd1-8024-56b6c8939dff', '2025-09-25T17:13:38.489+00:00', '2025-12-09T14:25:55.61997+00:00', '♡ i LUV it ♡', '-i-luv-it-', 'Новый фурри маркет в Москве', 'Мероприятие для фурри и не только', '2025-09-27T00:00:00+00:00', '2024-06-01T00:00:00+00:00', 'Большой Трехсвятительский переулок', 'Москва', 'Россия', 'market', 'completed', '{"status":"attended","roles":[]}', 80, 100, 4, 'Конвент получился невероятно атмосферным и тёплым — сочетание фростпанк-стилистики, живописной природы и заботливо подготовленного лагеря превратило суровые условия в комфортное приключение. Участники отмечали вкусную и сытную кухню, уют у костра, интересные квесты, неожиданные повороты сюжета и море подарков. Даже скептики, которые не любят палаточные мероприятия, были приятно удивлены уровнем организации, дружелюбной атмосферой и чувством единства. Мероприятие запомнилось не только тематикой, но и искренними эмоциями, новыми знакомствами и тем, что здесь каждый смог найти себе место — будь то участие в конкурсах, барные посиделки, вечерние разговоры или просто наблюдение за событиями. Турфур оставил ощущение, что это не просто конвент, а большое тёплое семейное приключение, в которое хочется вернуться. ❤️', 'TourFurr показал что фурри-мероприятия могут быть очень разнообразными. Иногда простое общение на природе ценнее любых конвентов.', TRUE, TRUE, TRUE, TRUE, 300.0, 0.0, 'Трат практически не было, кроме взноса на общий стол. Главная ценность мероприятия - в общении.', 'TourFurr | Мероприятия Fox Taffy', 'Отчёт Fox Taffy с фурри-пикника TourFurr в Сокольниках', 'https://plugjsubjcfblzkabjia.supabase.co/storage/v1/object/public/gallery/events/banners/1763841460928_xnvpjy8z6y.jpg', 'https://foxtaffy.fun/events/i-love-it', 'https://t.me/i_luv_it_market', FALSE, NULL, NULL, NULL, '[]'::jsonb, 5, 5, 5, 1, 5, 5, TRUE, '["Атмосфера", "Приятные орги", "Вайб Хэллоуина ", "Вкусный бар", "Много торговцев", "Квесты и Ивенты", "Фотостудия"]'::jsonb, '["Маленькое место", "Далеко от метро", "Раздевалка переполнена"]'::jsonb, NULL, NULL, '[]'::jsonb, NULL),
  ('6e9ae38e-b01f-4b22-9379-787a6f3c49b2', '2025-09-15T17:13:17.225664+00:00', '2025-11-22T21:21:25.838514+00:00', 'Тупикон', 'sillycon', 'Атмосферный конвент для своих', 'Камерный конвент с особой атмосферой. Название говорящее - здесь можно расслабиться и "потупить". Дружелюбное сообщество, интересная программа и уютная обстановка.', '2025-09-04T00:00:00+00:00', '2024-03-15T00:00:00+00:00', 'База отдыха "Изумруд"', 'Калужская область', 'Россия', 'convention', 'completed', 'attended', 120, 150, 4, 'Для большинства Тупикон, это ламповая тусовка, море эмоций и творчества. ', 'Sillycon - это именно то место где можно отдохнуть душой. Никакой спешки, никакого стресса. Просто хорошие люди и приятное времяпровождение.', TRUE, TRUE, TRUE, TRUE, 1800.0, 2400.0, 'Покупки были скромными, больше сосредоточился на общении и программе мероприятия.', 'Тупикон | Мероприятия Fox Taffy', 'Отчёт Fox Taffy с атмосферного конвента Тупикон в Санкт-Петербурге', 'https://plugjsubjcfblzkabjia.supabase.co/storage/v1/object/public/gallery/events/banners/1763841400564_7zrovuvq1cf.jpg', 'https://foxtaffy.fun/events/sillycon', 'https://sillycon.ru', FALSE, 'https://plugjsubjcfblzkabjia.supabase.co/storage/v1/object/public/gallery/events/2p.jpg', NULL, NULL, '[]'::jsonb, 5, 5, 5, 4, 4, 4, TRUE, '["Ламповая атмосфера", "Мощные ивенты", "Бар и коктейли на уровне", "Много фурсьютеров", "Уютные посиделки у костра", "Классные художники и арты", "Орги и волонтёры старались по максимуму"]'::jsonb, '["Шум ночью в жилых корпусах", "Очереди в столовой 30 минут", "Общие туалеты и душевые", "Еда как в лагере"]'::jsonb, 'https://plugjsubjcfblzkabjia.supabase.co/storage/v1/object/public/gallery/events/2P/', NULL, '[]'::jsonb, NULL),
  ('b480090e-1061-4287-8d2b-def56df7bf75', '2025-11-27T04:20:27.566+00:00', '2025-12-07T20:00:44.02635+00:00', 'Tails Squad - Winter forest', 'tails-squad-winter-forest', NULL, 'Вечеринка в лофте — вечер, когда город превращается в заснеженный лес', '2025-12-06T00:00:00+00:00', NULL, 'Лофт', 'Москва', 'Россия', 'party', 'completed', 'attended', 90, 113, NULL, 'Забежал на вечеринку с опозданием, но влился моментально. Музыка - огонь, диджеи молодцы. Еда - просто космос, респект поварам, они с утра пахали. Покушал от души.

Локация - праздничная, Дед Мороз топчик, жаль без Снегурки( Но в целом всё на 5+. Отдельный респект Фози и команде, организовали круто.

Гримёрка классная, но вещи валялись - крючков не хватило. Народу было много, но тесноты не чувствовалось. Все тусили по-разному: в покер, кальян, ивенты. Ёлка с рисунками на шарах от гостей прикольно. Бар - вкусняшка, мне даже фирменный коктейль намешали с маунти дью.

Вайб был предновогодний, душевный, прямо в сердечко ❤️', NULL, FALSE, FALSE, FALSE, FALSE, 0.0, 0.0, '', 'Tails Squad - Winter forest', NULL, 'https://plugjsubjcfblzkabjia.supabase.co/storage/v1/object/public/gallery/events/banners/1764217239032_1ltaj6vtad5.jpg', NULL, 'https://t.me/TailsSquadNews', FALSE, 'https://plugjsubjcfblzkabjia.supabase.co/storage/v1/object/public/gallery/events/avatars/1764217188435_xz6uqwpx1v.jpg', NULL, NULL, '[]'::jsonb, 5, NULL, 5, 5, 5, 5, TRUE, '["Незабываемый вайб", "Вкусная еда и напитки", "Крутая музыка и диджеи", "Интересные ивенты ", "Видна работа организаторов - всё продумано"]'::jsonb, '["Далеко от метро", "Мало крючков в гримёрке, был беспорядок"]'::jsonb, '', NULL, '[]'::jsonb, NULL),
  ('7c5b5e33-5b5d-40eb-91a3-9d84894e9328', '2025-09-15T17:13:17.225664+00:00', '2025-12-17T06:47:37.847465+00:00', 'FurrMarket 4', 'furmarket-4', 'Маркет на фурри-тематику в Москве', 'Здесь можно найти любимых авторов, крафтеров, пушистиков и много красивого, яркого мерча. Мероприятие, от которого можно пищать от восторга!', '2025-08-02T00:00:00+00:00', '2024-10-01T00:00:00+00:00', 'Амбер плаза', 'Москва', 'Россия', 'market', 'completed', '{"status":"attended","roles":[]}', 250, 300, 4, 'FurrMarket растёт и развивается! Заметно больше мастеров чем в прошлые разы, появились новые категории товаров. Особенно порадовало появление фурсьют-мастеров. Организация стала лучше, есть зоны отдыха.', 'Мероприятие явно набирает обороты. Качество растёт, количество участников увеличивается. Рад видеть как развивается питерская фурри-сцена!', TRUE, TRUE, FALSE, TRUE, 600.0, 5200.0, 'Потратил чуть больше обычного, но нашёл несколько уникальных вещей которых раньше не было.', 'FurrMarket 4 | Мероприятия Fox Taffy', 'Отчёт Fox Taffy с четвёртого FurrMarket в Санкт-Петербурге', 'https://plugjsubjcfblzkabjia.supabase.co/storage/v1/object/public/gallery/events/banners/1763841499608_ocgeforsqcg.jpg', 'https://foxtaffy.fun/events/FurrMarket4', 'https://vk.com/furrmarket', FALSE, 'https://plugjsubjcfblzkabjia.supabase.co/storage/v1/object/public/gallery/events/furmarket.jpg', NULL, NULL, '[]'::jsonb, 4, 4, 4, 2, 4, 5, TRUE, '["Хорошо работающие кондиционеры", "Дружелюбная атмосфера и отзывчивые организаторы", "Интересные мастер-классы и активности", "Качественный маркет с разнообразными товарами", "Отличное озвучивание и музыкальное сопровождение"]'::jsonb, '["Тесное помещение с большим количеством людей", "Мало сидячих мест для отдыха", "Сьютерная - пустое со столом по центру помещение", "Перенос регистрации", "Некоторые задержки в расписании"]'::jsonb, 'https://plugjsubjcfblzkabjia.supabase.co/storage/v1/object/public/gallery/events/FurrMarket4/', NULL, '[]'::jsonb, NULL),
  ('87f5b09a-1fd3-47f4-a4bf-9013a2997db3', '2025-09-15T17:06:18.350267+00:00', '2025-12-09T14:36:55.65122+00:00', 'SkyFurrBurg', 'sky-furr-burg-2024', 'Афинские Игры 2025', 'Пышные сады Эллады ждут вас на приватном ретрите-конвенте в античном сеттинге от SkyFurr и Furrburg. Тут были SPA, бассейны, безлимитный бар и яркие фурри-ивенты!', '2025-07-05T00:00:00+00:00', '2024-06-15T00:00:00+00:00', 'Вилла "Аксиньино"', 'Московская область', 'Россия', 'convention', 'completed', '{"status":"attended","roles":[]}', 280, 300, 5, 'С первого взгляда место производит отличное впечатление: природа, тишина, ухоженность. Но уже в первый день стали заметны организационные проблемы: неработающие зоны, неразделённые раздевалки, технические неисправности. Несмотря на это, благодаря атмосфере, классной программе, фурсьютерам и людям — я провёл время незабываемо. Надеюсь, в будущем команда учтёт все ошибки. Я бы с радостью вернулся на обновлённую и доработанную версию этого мероприятия!', 'В целом SkyFurrBurg 2024 стал одним из самых тёплых и душевных конвентов, которые я посещал. Небольшой размер мероприятия только добавил ему уютности и семейной атмосферы. Обязательно приеду в следующем году!', TRUE, TRUE, TRUE, TRUE, 2500.0, 0.0, 'Все покупки оказались очень качественными. Питерские мастера действительно умеют делать красивые и долговечные вещи. Особенно доволен арт-коммишеном с небесной тематикой.', 'SkyFurrBurg | Мероприятия Fox Taffy', 'Отчёт Fox Taffy с конвента SkyFurrBurg в Санкт-Петербурге - самый уютный фурри-конвент с небесной тематикой', 'https://plugjsubjcfblzkabjia.supabase.co/storage/v1/object/public/Convent/events/banners/1765288236854_vwpq3n9czg.jpg', 'https://foxtaffy.fun/events/SkyFurrBurg', 'http://skyfurrburg.ru', FALSE, 'https://plugjsubjcfblzkabjia.supabase.co/storage/v1/object/public/Convent/events/avatars/1765288221251_tuo8swtdaln.png', NULL, NULL, '[]'::jsonb, 4, 2, 5, 5, 3, 4, TRUE, '["Интересная и разнообразная программа.", "Два фурсьютера — большая помощь для гостей", "Приятный бар с отзывчивыми барменами.", "Уютная территория с прудом и зеленью.", "Надувные матрасы для отдыха и общения.", "Фурсьютеры создавали отличное настроение."]'::jsonb, '["Мешал храп из соседней палатки.", "Неудобный сайт с устаревшей информацией.", "Неприятный запах из туалета в гримёрке.", "Общая раздевалка у бассейна.", "Хамам и джакузи не работали, бассейн холодный.", "Некоторые помещения были закрыты.", "Проблемы с электричеством и задержки в расписании."]'::jsonb, 'https://plugjsubjcfblzkabjia.supabase.co/storage/v1/object/public/gallery/events/SFB/', NULL, '[]'::jsonb, '2025-07-08'),
  ('3d49b41e-c624-43c6-8f20-95c431182ae4', '2025-09-24T16:16:46.023+00:00', '2025-12-13T13:04:43.369646+00:00', 'AnyFurry Fest VI', 'any-furry-fest-6', 'Крупнейший фурри-фестиваль России', 'Фурри-фестиваль для всех пушистых с насыщенной программой: маркет художников, конкурс фурсьютов, фотозона, настольные и ролевые игры, VR, кинопоказы, мастер-классы, лекции и сценические активности.', '2025-11-29T00:00:00+00:00', '2024-06-01T00:00:00+00:00', 'Веткина улица', 'Москва', 'Россия', 'festival', 'completed', '{"status":"attended","roles":["vip"]}', 150, 100, 5, 'Конвент получился невероятно атмосферным и тёплым — сочетание фростпанк-стилистики, живописной природы и заботливо подготовленного лагеря превратило суровые условия в комфортное приключение. Участники отмечали вкусную и сытную кухню, уют у костра, интересные квесты, неожиданные повороты сюжета и море подарков. Даже скептики, которые не любят палаточные мероприятия, были приятно удивлены уровнем организации, дружелюбной атмосферой и чувством единства. Мероприятие запомнилось не только тематикой, но и искренними эмоциями, новыми знакомствами и тем, что здесь каждый смог найти себе место — будь то участие в конкурсах, барные посиделки, вечерние разговоры или просто наблюдение за событиями. Турфур оставил ощущение, что это не просто конвент, а большое тёплое семейное приключение, в которое хочется вернуться. ❤️', 'TourFurr показал что фурри-мероприятия могут быть очень разнообразными. Иногда простое общение на природе ценнее любых конвентов.', TRUE, TRUE, TRUE, TRUE, 300.0, 900.0, 'Трат практически не было, кроме взноса на общий стол. Главная ценность мероприятия - в общении.', 'TourFurr | Мероприятия Fox Taffy', 'Отчёт Fox Taffy с фурри-пикника TourFurr в Сокольниках', 'https://plugjsubjcfblzkabjia.supabase.co/storage/v1/object/public/Convent/events/banners/1765593496165_qc0rtg73nu.jpg', 'https://foxtaffy.fun/events/aff6', 'https://vk.com/anyfurryfest', FALSE, 'https://plugjsubjcfblzkabjia.supabase.co/storage/v1/object/public/gallery/events/aff5.jpg', NULL, NULL, '[{"name": "Чай Орса", "image": "https://plugjsubjcfblzkabjia.supabase.co/storage/v1/object/public/gallery/events/anyfurry-fest-vi/buy.jpg", "price": "400"}, {"name": "Морковка", "image": "https://plugjsubjcfblzkabjia.supabase.co/storage/v1/object/public/gallery/events/anyfurry-fest-vi/Buy2.jpg", "price": "500"}]'::jsonb, 5, 5, 5, 4, 5, NULL, TRUE, '["Большое помещение", "Свежо в сьюте", "Много людей - но не мешались"]'::jsonb, '["Место с охраной иногда раздражала", "Сьютерная маленькая, можно было расширить"]'::jsonb, 'https://plugjsubjcfblzkabjia.supabase.co/storage/v1/object/public/gallery/events/anyfurry-fest-vi/', NULL, '[]'::jsonb, NULL),
  ('0d47bae2-592a-45b5-ad1b-c3e5e4719ff6', '2026-01-26T16:18:52.504+00:00', '2026-01-26T16:18:52.504+00:00', 'Eurofurence', 'eurofurence-1769444332504', NULL, 'Это ежегодная международная выставка меха, которая проходит в Германии, в Гамбурге.', '2026-08-19T00:00:00+00:00', NULL, 'CCH', 'Гамбург', 'Германия', 'convention', 'completed', '{"status":"planning","roles":[]}', 0, 5000, NULL, '', NULL, TRUE, TRUE, TRUE, FALSE, 0.0, 0.0, '', 'Eurofurence', NULL, NULL, NULL, 'https://www.eurofurence.org/EF30/', FALSE, 'https://plugjsubjcfblzkabjia.supabase.co/storage/v1/object/public/Convent/events/avatars/1769443833141_fz09u0fs6f.jpg', NULL, NULL, '[]'::jsonb, NULL, NULL, NULL, NULL, NULL, NULL, FALSE, '[]'::jsonb, '[]'::jsonb, 'eurofurence', NULL, '[]'::jsonb, '2026-08-23'),
  ('3e243bed-cc5b-49ff-9115-45bc09b21cad', '2025-09-15T17:13:17.225664+00:00', '2025-12-09T14:03:28.134515+00:00', 'Fox Family Fest', 'fff', 'Выстовка-фестиваль домашних лис', 'Ежегодная образовательная выставка-фестиваль домашних лис. Вас ждут лекции о правильном отношении к дикой природе, о сложностях содержания экзотических животных в домашних условиях, о нюансах ветеринарного сопровождения и кормления, а также мастер-классы, тематическая ярмарка и фотозона с экзотическими питомцами', '2025-05-31T00:00:00+00:00', '2024-05-10T00:00:00+00:00', 'ТРЦ', 'Москва', 'Россия', 'festival', 'completed', '{"status":"attended","roles":[]}', 180, 200, 5, 'Невероятный летний фест! Сочетание природы и фурри-культуры оказалось идеальным. Программа была разнообразной - от мастер-классов в помещении до игр на свежем воздухе. Вечерние мероприятия у костра особенно запомнились.', 'FFF показал что фурри-мероприятия летом могут быть ещё лучше! Свежий воздух, природа, друзья - что ещё нужно для счастья?', TRUE, TRUE, TRUE, TRUE, 2200.0, 6800.0, 'Потратился больше обычного на уникальные летние товары - солнцезащитные очки с ушками, летние значки, и конечно же традиционные покупки.', 'FFF | Мероприятия Fox Taffy', 'Отчёт Fox Taffy с летнего фурри-феста FFF в Подмосковье', 'https://plugjsubjcfblzkabjia.supabase.co/storage/v1/object/public/Convent/events/banners/1765289004699_6rdud83jhno.jpg', 'https://foxtaffy.fun/events/fff', 'https://foxfamilyfest.ru/', FALSE, 'https://plugjsubjcfblzkabjia.supabase.co/storage/v1/object/public/gallery/events/fff.jpg', NULL, NULL, '[]'::jsonb, 5, 5, 5, 5, 3, NULL, TRUE, '["Большая локация", "Много маркетов", "Еноты лисы и хорьки", "Контактные животные"]'::jsonb, '["Далеко от метро", "Скучно после 2х часов"]'::jsonb, 'https://plugjsubjcfblzkabjia.supabase.co/storage/v1/object/public/gallery/events/fox-family-fest/', NULL, '[]'::jsonb, NULL),
  ('0ca7fd10-7892-4a9e-8ab3-177e794b397b', '2025-09-15T17:13:17.225664+00:00', '2025-11-22T21:00:55.274636+00:00', 'TourFurr', 'tourfurr', 'Фростпанк тематика', 'Еежегодный кемпинг-кон для любителей фурри-культуры, где каждый год новая тематика.', '2025-08-07T00:00:00+00:00', '2024-06-01T00:00:00+00:00', 'Кемпинг', 'Московская область', 'Россия', 'convention', 'completed', 'attended', 80, 100, 4, 'Конвент получился невероятно атмосферным и тёплым — сочетание фростпанк-стилистики, живописной природы и заботливо подготовленного лагеря превратило суровые условия в комфортное приключение. Участники отмечали вкусную и сытную кухню, уют у костра, интересные квесты, неожиданные повороты сюжета и море подарков. Даже скептики, которые не любят палаточные мероприятия, были приятно удивлены уровнем организации, дружелюбной атмосферой и чувством единства. Мероприятие запомнилось не только тематикой, но и искренними эмоциями, новыми знакомствами и тем, что здесь каждый смог найти себе место — будь то участие в конкурсах, барные посиделки, вечерние разговоры или просто наблюдение за событиями. Турфур оставил ощущение, что это не просто конвент, а большое тёплое семейное приключение, в которое хочется вернуться. ❤️', 'TourFurr показал что фурри-мероприятия могут быть очень разнообразными. Иногда простое общение на природе ценнее любых конвентов.', FALSE, FALSE, FALSE, TRUE, 300.0, 8000.0, 'Трат практически не было, кроме взноса на общий стол. Главная ценность мероприятия - в общении.', 'TourFurr | Мероприятия Fox Taffy', 'Отчёт Fox Taffy с фурри-пикника TourFurr в Сокольниках', 'https://plugjsubjcfblzkabjia.supabase.co/storage/v1/object/public/gallery/events/banners/1763845235746_w1312w0nqzh.jpg', 'https://foxtaffy.fun/events/TourFurr', NULL, FALSE, 'https://plugjsubjcfblzkabjia.supabase.co/storage/v1/object/public/gallery/events/avatars/1763845245958_vkpsbxwisfk.png', NULL, NULL, '[]'::jsonb, 5, 5, 5, 4, 5, 3, TRUE, '["Живописная локация с приятной флорой", "Вкусная тематическая еда", "Интересные ивенты", "Отличная работа организаторов", "Тихий лагерь был реально тихим, учитывая мой острый слух"]'::jsonb, '["Слабый и нестабильный интернет", "Трудный подъезд из-за дорог", "Открытые мусорные пакеты привлекали ос", "Задержки ивентов до 30 минут", "Мало калорий в еде, при активных ивентах быстрее устаёшь и больше хочешь есть", "Проходимое место: встречались дети и лесной патруль"]'::jsonb, 'https://plugjsubjcfblzkabjia.supabase.co/storage/v1/object/public/gallery/events/tourfurr/', NULL, '[]'::jsonb, NULL),
  ('b47658ea-6d94-44c1-bb49-b95d98d71c59', '2026-02-01T23:35:48.24+00:00', '2026-02-01T23:35:48.24+00:00', 'Foxwood: Circus', 'foxwood-circus', NULL, 'Цирковая тематика', '2026-05-14T00:00:00+00:00', NULL, 'Парк-отель Розендорф', 'Московская область', 'Россия', 'convention', 'completed', '{"status":"registered","roles":[]}', NULL, 200, NULL, '', NULL, TRUE, TRUE, TRUE, FALSE, 0.0, 0.0, '', 'Foxwood: Circus', NULL, NULL, NULL, 'https://foxwood.camp', FALSE, 'https://plugjsubjcfblzkabjia.supabase.co/storage/v1/object/public/Convent/events/avatars/1769988846237_1q94b13kpg0h.jpg', NULL, NULL, '[]'::jsonb, NULL, NULL, NULL, NULL, NULL, NULL, FALSE, '[]'::jsonb, '[]'::jsonb, '', NULL, '[]'::jsonb, '2026-05-17'),
  ('34592274-88e2-447e-b01a-f2468b8774d8', '2025-09-15T17:13:17.225664+00:00', '2025-12-09T14:07:29.695471+00:00', 'FoxWood: Back to 2000s', 'foxwood-2000s', 'Эпоха ярких красок, зажигательных хитов и незабываемой атмосферы 2000-х!', 'FoxWood — это ежегодный фурри-конвент с душой. Место, где собираются друзья, сообщество и вдохновение. Здесь царит уютная, теплая атмосфера, в которой каждый чувствует себя своим — будь ты в фурсьюте, с блокнотом художника или просто с открытым сердцем. В 2025 году мы перенеслись в яркие и свободные 2000-е — эпоху, когда музыка звучала с кассетников, пиксели грели душу, а дружба рождалась в оффлайне. Мы воссоздали стиль того времени через конкурсы, фотозоны, танцы, фандомные активности и море живого общения.', '2025-05-15T00:00:00+00:00', '2024-06-20T00:00:00+00:00', 'Парк-отель "Розендорф"', 'Подмосковье', 'Россия', 'convention', 'completed', '{"status":"attended","roles":["volunteer"]}', 160, 180, 5, 'Совершенно потрясающая концепция! Лесная тематика смешанная с ностальгией по нулевым создала невероятную атмосферу. Декорации были на высшем уровне - везде деревья, мох, а музыка из 2000-х добавляла особого шарма.', 'FoxWood стал одним из самых запоминающихся мероприятий года. Такой креативный подход к тематике встречается редко. Надеюсь на продолжение серии!', TRUE, TRUE, TRUE, TRUE, 2800.0, 7500.0, 'Купил много тематических вещей - лесные значки, ретро-постеры, и конечно же эксклюзивный мерч мероприятия в стиле 2000-х.', 'FoxWood 2000s | Мероприятия Fox Taffy', 'Отчёт Fox Taffy с ретро-мероприятия FoxWood: Back to 2000s', 'https://plugjsubjcfblzkabjia.supabase.co/storage/v1/object/public/Convent/events/banners/1765289204288_x0vq2cnwqz.jpg', 'https://foxtaffy.fun/events/foxwood', 'https://vk.com/foxwood', FALSE, 'https://plugjsubjcfblzkabjia.supabase.co/storage/v1/object/public/gallery/events/foxwood.jpg', NULL, NULL, '[]'::jsonb, 5, 5, 5, 5, 5, 5, TRUE, '[]'::jsonb, '[]'::jsonb, NULL, NULL, '[]'::jsonb, '2025-05-18'),
  ('ca400524-f258-4a13-82af-fe9b18f75603', '2026-02-01T23:41:49.707+00:00', '2026-02-01T23:41:49.707+00:00', 'United Furry Convention', 'united-furry-convention', NULL, 'Почувствуйте “страшное” гостеприимство, познакомившись с чудной семейкой хозяев.

Откройте все тайны этого места, заглядывая в самые подозрительные комнаты и изучая скелеты в шкафу 👀', '2026-04-16T00:00:00+00:00', NULL, '.', 'Подмосковье', 'Россия', 'convention', 'completed', '{"status":"registered","roles":[]}', NULL, 130, NULL, '', NULL, TRUE, TRUE, TRUE, FALSE, 0.0, 0.0, '', 'United Furry Convention', NULL, 'https://plugjsubjcfblzkabjia.supabase.co/storage/v1/object/public/Convent/events/banners/1769989148468_lsw6qi6v0q8.jpg', NULL, 'https://ufcon.ru', FALSE, 'https://plugjsubjcfblzkabjia.supabase.co/storage/v1/object/public/Convent/events/avatars/1769989144086_97a1dosr2hw.jpg', NULL, NULL, '[]'::jsonb, NULL, NULL, NULL, NULL, NULL, NULL, FALSE, '[]'::jsonb, '[]'::jsonb, '', NULL, '[]'::jsonb, '2026-04-19'),
  ('5fd24c3d-7672-4017-b7cc-0fcd2f44bb51', '2025-09-15T17:13:17.225664+00:00', '2025-12-09T14:10:20.278339+00:00', 'Any Furry Fest V', 'any-furry-fest-5', 'Крупнейший фурри-фестиваль России', 'Фурри-фестиваль для всех пушистых с насыщенной программой: маркет художников, конкурс фурсьютов, фотозона, настольные и ролевые игры, VR, кинопоказы, мастер-классы, лекции и сценические активности.', '2024-10-19T00:00:00+00:00', '2024-04-01T00:00:00+00:00', 'Новосущёвский', 'Москва', 'Россия', 'festival', 'completed', '{"status":"attended","roles":["vip"]}', 150, 200, 5, 'В целом мероприятие оставило очень приятное впечатление. Несмотря на некоторые организационные недостатки, атмосфера и контент полностью компенсировали их. Обязательно посещу это мероприятие снова в следующем году и буду рекомендовать его друзьям.', 'AFF5 превзошёл все мои ожидания. Это было одно из лучших фурри-мероприятий, которые я посещал. Качество контента, уровень организации и атмосфера - всё на 5+. Уже жду следующего года!', TRUE, TRUE, TRUE, TRUE, 3500.0, 5000.0, 'Потратил больше запланированного, но каждая покупка того стоила. Особенно доволен заказанными артами и уникальными товарами от приглашённых мастеров.', 'Any Furry Fest V | Мероприятия Fox Taffy', 'Отчёт Fox Taffy с крупнейшего фурри-фестиваля России Any Furry Fest V в Москве', 'https://plugjsubjcfblzkabjia.supabase.co/storage/v1/object/public/Convent/events/banners/1765289391830_ybw46b3bp3d.jpg', 'https://foxtaffy.fun/events/aff5', 'https://vk.com/anyfurryfest', FALSE, 'https://plugjsubjcfblzkabjia.supabase.co/storage/v1/object/public/gallery/events/aff5.jpg', NULL, NULL, '[]'::jsonb, 5, 5, 5, 3, 5, NULL, TRUE, '["Разнообразная и насыщенная программа", "Дружелюбная атмосфера и отзывчивые организаторы", "Интересные мастер-классы и активности", "Качественный маркет с разнообразными товарами", "Отличное озвучивание и музыкальное сопровождение"]'::jsonb, '["Тесное помещение с недостаточной вентиляцией", "Мало сидячих мест для отдыха", "Высокие цены на еду и напитки", "Не очень удобное расположение относительно транспорта", "Некоторые задержки в расписании"]'::jsonb, NULL, NULL, '[]'::jsonb, NULL),
  ('1e1d0e2a-bc28-4e94-8142-09a6b78d23b4', '2026-02-10T17:11:30.823+00:00', '2026-02-10T17:11:30.823+00:00', 'TourFurr 3: Game of Thrones', 'tourfurr-3-game-of-thrones', NULL, 'Истинная победа достанется тому, кто сможет мастерски играть и на поле, и в тени - заключать сделки, предугадывать предательства и всегда держать козырь в рукаве.', '2026-08-06T00:00:00+00:00', NULL, 'Кемпинг', 'Подмосковье', 'Россия', 'convention', 'completed', '{"status":"planning","roles":["volunteer"]}', 121, 121, NULL, '', NULL, FALSE, FALSE, TRUE, FALSE, 0.0, 0.0, '', 'TourFurr 3: Game of Thrones', NULL, NULL, NULL, 'https://www.tourfurr.camp', FALSE, 'https://plugjsubjcfblzkabjia.supabase.co/storage/v1/object/public/Convent/events/avatars/1770743306763_bn6h9gpjyc6.jpg', NULL, NULL, '[]'::jsonb, NULL, NULL, NULL, NULL, NULL, NULL, FALSE, '[]'::jsonb, '[]'::jsonb, '', NULL, '[]'::jsonb, '2026-08-09'),
  ('d5ef6b9d-c490-47bb-af74-ec8db974d70d', '2026-02-01T23:32:22.662+00:00', '2026-02-15T17:06:03.690443+00:00', 'Tails Squad - ValenTAILS Day', 'tails-squad-valentails-day', NULL, 'Приближается самый романтичный день в году -
❤️День всех влюблённых❤️', '2026-02-14T00:00:00+00:00', NULL, 'Метро Марксистская', 'Москва', 'Россия', 'party', 'completed', '{"status":"attended","roles":[]}', 60, 75, NULL, 'Забежал на вечеринку с опозданием, но влился моментально! Музыка огонь, диджеи просто красавцы. Отдельный респект поварам, которые пахали с утра: еда реально космос, наелся от души.

Локация очень приятная и тематическая. Особенно порадовала гримёрка, в этот раз места хватило всем, крючков и вешалок было предостаточно. Организаторы явно прислушались к фидбеку, это ценно.

Кайфанул от антуража и фотозоны и тематики. Бар тоже вкусняшка, коктейли очень зашли, хоть я и пил немного. Кто-то рубился в покер, кто-то в кальяны, но везде был свой движ.

Вайб получился максимально душевный, прямо в сердечко ❤️', NULL, FALSE, FALSE, FALSE, FALSE, 0.0, 0.0, '', 'Tails Squad - ValenTAILS Day', NULL, 'https://plugjsubjcfblzkabjia.supabase.co/storage/v1/object/public/Convent/events/banners/1771175158504_yyhfh3h178g.jpg', NULL, 'https://t.me/TailsSquadNews', FALSE, 'https://plugjsubjcfblzkabjia.supabase.co/storage/v1/object/public/Convent/events/avatars/1769988599592_o2s8g1laiva.jpg', NULL, NULL, '[]'::jsonb, 5, NULL, 5, 5, 5, 5, TRUE, '["Вкусная еда и напитки", "Музыка крутая", "Работа оргов супер!", "Вайбик"]'::jsonb, '["Далеко от метро"]'::jsonb, '', NULL, '[]'::jsonb, NULL),
  ('4487eeb1-233b-496b-a1da-7459c7181a7d', '2025-10-01T17:10:52.559+00:00', '2025-12-15T15:27:26.038306+00:00', 'Трешкон', 'trashcon', 'Крупнейший фурри-фестиваль России', 'Конференция фурри по тематике "Игры Престолов"', '2025-11-14T00:00:00+00:00', '2024-06-01T00:00:00+00:00', 'Сосново', 'Санкт-Петербург', 'Россия', 'convention', 'completed', '{"status":"attended","roles":["volunteer"]}', 130, 140, 4, 'Мероприятие вытянули сами участники - атмосфера, вайб и люди были шикарные, но организация провалилась почти во всех ключевых точках.
Локация уютная, бар классный, отдельные моменты стали легендарными, но еда, расписание, анонсы и работа с мерчом подвели сильнее всего.

Опыт есть, потенциал большой, но нужен серьёзный разбор и апгрейд перед следующим разом.', 'TourFurr показал что фурри-мероприятия могут быть очень разнообразными. Иногда простое общение на природе ценнее любых конвентов.', TRUE, TRUE, TRUE, TRUE, 300.0, 8000.0, 'Трат практически не было, кроме взноса на общий стол. Главная ценность мероприятия - в общении.', 'TourFurr | Мероприятия Fox Taffy', 'Отчёт Fox Taffy с фурри-пикника TourFurr в Сокольниках', 'https://plugjsubjcfblzkabjia.supabase.co/storage/v1/object/public/gallery/events/banners/1763841318118_9zfmtotshm.jpg', 'https://foxtaffy.fun/events/trashcon', 'https://trashcon.vercel.app/', FALSE, 'https://plugjsubjcfblzkabjia.supabase.co/storage/v1/object/public/gallery/events/%20TrashCon.jpg', NULL, NULL, '[]'::jsonb, 1, 1, 4, 3, 4, 1, TRUE, '["Атмосфера и участники", "Эвент с поиском енота", "Чай/кальяны", "Оправдал название кона"]'::jsonb, '["Еда", "Мерч и спонсорские наборы", "Ивенты", "Анонсы", "Инфраструктура локации местами хромала", "Проблемы с соблюдением правил", "Стрим не понят для большинства", "Нечитаемый бейдж", "Шумоизоляция 0"]'::jsonb, NULL, NULL, '[]'::jsonb, '2025-11-17')
ON CONFLICT DO NOTHING;
COMMIT;

BEGIN; -- con_links
-- con_links: 2 строк
INSERT INTO con_links ("id", "con_id", "link_type", "title", "url", "icon_class", "display_order", "is_active") VALUES
  ('93ecab46-20fe-4c20-9b37-04bec71783cd', '5fd24c3d-7672-4017-b7cc-0fcd2f44bb51', 'website', 'Официальный сайт', 'https://anyfurryfest.ru', 'fas fa-globe', 1, TRUE),
  ('a3a2b522-f1e9-4935-a778-d1abb022de0f', '5fd24c3d-7672-4017-b7cc-0fcd2f44bb51', 'telegram', 'Telegram канал', 'https://t.me/anyfurryfest', 'fab fa-telegram', 2, TRUE)
ON CONFLICT DO NOTHING;
COMMIT;

BEGIN; -- con_features
-- con_features: 2 строк
INSERT INTO con_features ("id", "con_id", "feature_type", "title", "description", "icon_class", "is_featured", "display_order") VALUES
  ('58cc0206-0fcd-4a2a-8ecd-13d2d321f8e0', '5fd24c3d-7672-4017-b7cc-0fcd2f44bb51', 'guest', 'Звёздные гости', 'Приглашённые художники и создатели контента мирового уровня', 'fas fa-star', TRUE, 1),
  ('6b265faa-8835-4d0d-a547-cf46cc1a8282', '5fd24c3d-7672-4017-b7cc-0fcd2f44bb51', 'activity', 'Масштабный Dealers Den', 'Огромная торговая зона с сотнями мастеров со всей России', 'fas fa-store', TRUE, 2)
ON CONFLICT DO NOTHING;
COMMIT;

BEGIN; -- con_photos
-- con_photos: 354 строк
INSERT INTO con_photos ("id", "con_id", "image_url", "thumbnail_url", "alt_text", "caption", "photo_type", "is_featured", "display_order", "taken_at", "file_path", "thumbnail_path", "file_size", "file_name") VALUES
  ('ba4fff35-0988-448f-b27e-d0801ecb2cb4', '0ca7fd10-7892-4a9e-8ab3-177e794b397b', 'https://plugjsubjcfblzkabjia.supabase.co/storage/v1/object/public/gallery/events/tourfurr/1763841235782_jg3rpywlomr.jpg', 'https://plugjsubjcfblzkabjia.supabase.co/storage/v1/object/public/gallery/events/tourfurr/1763841235782_jg3rpywlomr.jpg', NULL, NULL, 'general', FALSE, 0, NULL, NULL, NULL, NULL, NULL),
  ('785dc604-658a-436b-a527-c92ef4434905', '0ca7fd10-7892-4a9e-8ab3-177e794b397b', 'https://plugjsubjcfblzkabjia.supabase.co/storage/v1/object/public/gallery/events/tourfurr/1763841236716_0kefljgvqim.jpg', 'https://plugjsubjcfblzkabjia.supabase.co/storage/v1/object/public/gallery/events/tourfurr/1763841236716_0kefljgvqim.jpg', NULL, NULL, 'general', FALSE, 1, NULL, NULL, NULL, NULL, NULL),
  ('ce5b41a0-ff40-4e6a-9794-e5010d0d5cea', '0ca7fd10-7892-4a9e-8ab3-177e794b397b', 'https://plugjsubjcfblzkabjia.supabase.co/storage/v1/object/public/gallery/events/tourfurr/1763841237735_ex6me8fw7s.jpg', 'https://plugjsubjcfblzkabjia.supabase.co/storage/v1/object/public/gallery/events/tourfurr/1763841237735_ex6me8fw7s.jpg', NULL, NULL, 'general', FALSE, 2, NULL, NULL, NULL, NULL, NULL),
  ('c0c8197b-b484-4467-affb-250e1b1aa56a', '0ca7fd10-7892-4a9e-8ab3-177e794b397b', 'https://plugjsubjcfblzkabjia.supabase.co/storage/v1/object/public/gallery/events/tourfurr/1763841238873_ttv38pz023o.jpg', 'https://plugjsubjcfblzkabjia.supabase.co/storage/v1/object/public/gallery/events/tourfurr/1763841238873_ttv38pz023o.jpg', NULL, NULL, 'general', FALSE, 3, NULL, NULL, NULL, NULL, NULL),
  ('3efc37d1-f6fc-4cc3-a970-fbea76837f88', '0ca7fd10-7892-4a9e-8ab3-177e794b397b', 'https://plugjsubjcfblzkabjia.supabase.co/storage/v1/object/public/gallery/events/tourfurr/1763841240098_dr4jij7und.jpg', 'https://plugjsubjcfblzkabjia.supabase.co/storage/v1/object/public/gallery/events/tourfurr/1763841240098_dr4jij7und.jpg', NULL, NULL, 'general', FALSE, 4, NULL, NULL, NULL, NULL, NULL),
  ('4af5f870-afdf-4662-bf58-e00860ff5692', '6e9ae38e-b01f-4b22-9379-787a6f3c49b2', 'https://plugjsubjcfblzkabjia.supabase.co/storage/v1/object/public/gallery/events/tupikon/1763846439973_lz6qb0qyg7c.jpg', 'https://plugjsubjcfblzkabjia.supabase.co/storage/v1/object/public/gallery/events/tupikon/1763846439973_lz6qb0qyg7c.jpg', NULL, NULL, 'general', FALSE, 0, NULL, NULL, NULL, NULL, NULL),
  ('366b32c5-0c1d-463a-89d4-518b00656b62', '6e9ae38e-b01f-4b22-9379-787a6f3c49b2', 'https://plugjsubjcfblzkabjia.supabase.co/storage/v1/object/public/gallery/events/tupikon/1763846441123_7v6p9rlae88.jpg', 'https://plugjsubjcfblzkabjia.supabase.co/storage/v1/object/public/gallery/events/tupikon/1763846441123_7v6p9rlae88.jpg', NULL, NULL, 'general', FALSE, 1, NULL, NULL, NULL, NULL, NULL),
  ('f76125c9-be54-4d90-863a-7b12511deb30', '6e9ae38e-b01f-4b22-9379-787a6f3c49b2', 'https://plugjsubjcfblzkabjia.supabase.co/storage/v1/object/public/gallery/events/tupikon/1763846441939_caqpkdi8fq.jpg', 'https://plugjsubjcfblzkabjia.supabase.co/storage/v1/object/public/gallery/events/tupikon/1763846441939_caqpkdi8fq.jpg', NULL, NULL, 'general', FALSE, 2, NULL, NULL, NULL, NULL, NULL),
  ('52140abe-4b8f-4360-9aca-88ce9d9f35f1', '6e9ae38e-b01f-4b22-9379-787a6f3c49b2', 'https://plugjsubjcfblzkabjia.supabase.co/storage/v1/object/public/gallery/events/tupikon/1763846443294_xnliqm3iq1j.jpg', 'https://plugjsubjcfblzkabjia.supabase.co/storage/v1/object/public/gallery/events/tupikon/1763846443294_xnliqm3iq1j.jpg', NULL, NULL, 'general', FALSE, 3, NULL, NULL, NULL, NULL, NULL),
  ('dfe04e2f-984c-48fe-bf8a-ad30f0e959c2', '6e9ae38e-b01f-4b22-9379-787a6f3c49b2', 'https://plugjsubjcfblzkabjia.supabase.co/storage/v1/object/public/gallery/events/tupikon/1763846444267_1nozeag9h54.jpg', 'https://plugjsubjcfblzkabjia.supabase.co/storage/v1/object/public/gallery/events/tupikon/1763846444267_1nozeag9h54.jpg', NULL, NULL, 'general', FALSE, 4, NULL, NULL, NULL, NULL, NULL),
  ('f039960e-49bb-41bc-b5a9-1683ab73fdb2', '6e9ae38e-b01f-4b22-9379-787a6f3c49b2', 'https://plugjsubjcfblzkabjia.supabase.co/storage/v1/object/public/gallery/events/tupikon/1763846445426_id2t72g0xuk.jpg', 'https://plugjsubjcfblzkabjia.supabase.co/storage/v1/object/public/gallery/events/tupikon/1763846445426_id2t72g0xuk.jpg', NULL, NULL, 'general', FALSE, 5, NULL, NULL, NULL, NULL, NULL),
  ('1997c101-5303-4e6f-88b3-e6ab97a5948a', '6e9ae38e-b01f-4b22-9379-787a6f3c49b2', 'https://plugjsubjcfblzkabjia.supabase.co/storage/v1/object/public/gallery/events/tupikon/1763846446409_eycuwqimhvs.jpg', 'https://plugjsubjcfblzkabjia.supabase.co/storage/v1/object/public/gallery/events/tupikon/1763846446409_eycuwqimhvs.jpg', NULL, NULL, 'general', FALSE, 6, NULL, NULL, NULL, NULL, NULL),
  ('1254a7fe-0603-4322-9d39-bc7436b6d834', '6e9ae38e-b01f-4b22-9379-787a6f3c49b2', 'https://plugjsubjcfblzkabjia.supabase.co/storage/v1/object/public/gallery/events/tupikon/1763846447510_3hlekm803j2.jpg', 'https://plugjsubjcfblzkabjia.supabase.co/storage/v1/object/public/gallery/events/tupikon/1763846447510_3hlekm803j2.jpg', NULL, NULL, 'general', FALSE, 7, NULL, NULL, NULL, NULL, NULL),
  ('090ec330-851e-435b-9d31-e37f0beed5e2', '6e9ae38e-b01f-4b22-9379-787a6f3c49b2', 'https://plugjsubjcfblzkabjia.supabase.co/storage/v1/object/public/gallery/events/tupikon/1763846448491_oi3mrijnk8.jpg', 'https://plugjsubjcfblzkabjia.supabase.co/storage/v1/object/public/gallery/events/tupikon/1763846448491_oi3mrijnk8.jpg', NULL, NULL, 'general', FALSE, 8, NULL, NULL, NULL, NULL, NULL),
  ('863dbdd7-0af8-4765-a293-8a85c75ef60c', '6e9ae38e-b01f-4b22-9379-787a6f3c49b2', 'https://plugjsubjcfblzkabjia.supabase.co/storage/v1/object/public/gallery/events/tupikon/1763846449414_qedu7ppakcf.jpg', 'https://plugjsubjcfblzkabjia.supabase.co/storage/v1/object/public/gallery/events/tupikon/1763846449414_qedu7ppakcf.jpg', NULL, NULL, 'general', FALSE, 9, NULL, NULL, NULL, NULL, NULL),
  ('f7ee9b9c-4de2-4dcb-b2ce-c257cecd63b4', '6e9ae38e-b01f-4b22-9379-787a6f3c49b2', 'https://plugjsubjcfblzkabjia.supabase.co/storage/v1/object/public/gallery/events/tupikon/1763846450618_nktvwc9sy8.jpg', 'https://plugjsubjcfblzkabjia.supabase.co/storage/v1/object/public/gallery/events/tupikon/1763846450618_nktvwc9sy8.jpg', NULL, NULL, 'general', FALSE, 10, NULL, NULL, NULL, NULL, NULL),
  ('01b5ca80-925c-4260-8859-73d0507dfa28', '6e9ae38e-b01f-4b22-9379-787a6f3c49b2', 'https://plugjsubjcfblzkabjia.supabase.co/storage/v1/object/public/gallery/events/tupikon/1763846451909_62x9g7tom3n.jpg', 'https://plugjsubjcfblzkabjia.supabase.co/storage/v1/object/public/gallery/events/tupikon/1763846451909_62x9g7tom3n.jpg', NULL, NULL, 'general', FALSE, 11, NULL, NULL, NULL, NULL, NULL),
  ('815b287d-ca14-4592-84be-79679fb9b67c', '6e9ae38e-b01f-4b22-9379-787a6f3c49b2', 'https://plugjsubjcfblzkabjia.supabase.co/storage/v1/object/public/gallery/events/tupikon/1763846453177_k47hzyb2bdo.jpg', 'https://plugjsubjcfblzkabjia.supabase.co/storage/v1/object/public/gallery/events/tupikon/1763846453177_k47hzyb2bdo.jpg', NULL, NULL, 'general', FALSE, 12, NULL, NULL, NULL, NULL, NULL),
  ('d31cc54a-4b5e-4d85-9ec1-7e91ad596705', '6e9ae38e-b01f-4b22-9379-787a6f3c49b2', 'https://plugjsubjcfblzkabjia.supabase.co/storage/v1/object/public/gallery/events/tupikon/1763846454644_xsftrqdzo1.jpg', 'https://plugjsubjcfblzkabjia.supabase.co/storage/v1/object/public/gallery/events/tupikon/1763846454644_xsftrqdzo1.jpg', NULL, NULL, 'general', FALSE, 13, NULL, NULL, NULL, NULL, NULL),
  ('52c7a66e-570d-48fe-a0d7-73c7b25fc475', '6e9ae38e-b01f-4b22-9379-787a6f3c49b2', 'https://plugjsubjcfblzkabjia.supabase.co/storage/v1/object/public/gallery/events/tupikon/1763846456400_ugw3osxo249.jpg', 'https://plugjsubjcfblzkabjia.supabase.co/storage/v1/object/public/gallery/events/tupikon/1763846456400_ugw3osxo249.jpg', NULL, NULL, 'general', FALSE, 14, NULL, NULL, NULL, NULL, NULL),
  ('153b506d-021d-4b45-a4b9-3f82f7a4cb73', '6e9ae38e-b01f-4b22-9379-787a6f3c49b2', 'https://plugjsubjcfblzkabjia.supabase.co/storage/v1/object/public/gallery/events/tupikon/1763846457367_luco68rj0r.jpg', 'https://plugjsubjcfblzkabjia.supabase.co/storage/v1/object/public/gallery/events/tupikon/1763846457367_luco68rj0r.jpg', NULL, NULL, 'general', FALSE, 15, NULL, NULL, NULL, NULL, NULL),
  ('91c1c8cd-5fea-4a65-8a5d-a3d1159cfacf', '6e9ae38e-b01f-4b22-9379-787a6f3c49b2', 'https://plugjsubjcfblzkabjia.supabase.co/storage/v1/object/public/gallery/events/tupikon/1763846458465_eb3l5yqeket.jpg', 'https://plugjsubjcfblzkabjia.supabase.co/storage/v1/object/public/gallery/events/tupikon/1763846458465_eb3l5yqeket.jpg', NULL, NULL, 'general', FALSE, 16, NULL, NULL, NULL, NULL, NULL),
  ('6bce007b-6d3c-4981-b628-5053970924d8', '6e9ae38e-b01f-4b22-9379-787a6f3c49b2', 'https://plugjsubjcfblzkabjia.supabase.co/storage/v1/object/public/gallery/events/tupikon/1763846459812_nuqjpiz0jik.jpg', 'https://plugjsubjcfblzkabjia.supabase.co/storage/v1/object/public/gallery/events/tupikon/1763846459812_nuqjpiz0jik.jpg', NULL, NULL, 'general', FALSE, 17, NULL, NULL, NULL, NULL, NULL),
  ('a7acd556-ff95-4de9-99a9-1a6b668ac04a', '6e9ae38e-b01f-4b22-9379-787a6f3c49b2', 'https://plugjsubjcfblzkabjia.supabase.co/storage/v1/object/public/gallery/events/tupikon/1763846461293_7m0cq1ko2hr.jpg', 'https://plugjsubjcfblzkabjia.supabase.co/storage/v1/object/public/gallery/events/tupikon/1763846461293_7m0cq1ko2hr.jpg', NULL, NULL, 'general', FALSE, 18, NULL, NULL, NULL, NULL, NULL),
  ('7048fe01-f5ad-42da-802e-54f3b6c25e8d', '6e9ae38e-b01f-4b22-9379-787a6f3c49b2', 'https://plugjsubjcfblzkabjia.supabase.co/storage/v1/object/public/gallery/events/tupikon/1763846462340_a3d4pjju2zk.jpg', 'https://plugjsubjcfblzkabjia.supabase.co/storage/v1/object/public/gallery/events/tupikon/1763846462340_a3d4pjju2zk.jpg', NULL, NULL, 'general', FALSE, 19, NULL, NULL, NULL, NULL, NULL),
  ('ff089c2b-6bdf-4503-bca3-2e26fdd521c1', '6e9ae38e-b01f-4b22-9379-787a6f3c49b2', 'https://plugjsubjcfblzkabjia.supabase.co/storage/v1/object/public/gallery/events/tupikon/1763846463621_lhh8ebr4wz.jpg', 'https://plugjsubjcfblzkabjia.supabase.co/storage/v1/object/public/gallery/events/tupikon/1763846463621_lhh8ebr4wz.jpg', NULL, NULL, 'general', FALSE, 20, NULL, NULL, NULL, NULL, NULL),
  ('7ec3ace4-2ea6-4197-9e41-64fe4b0ef8b0', '6e9ae38e-b01f-4b22-9379-787a6f3c49b2', 'https://plugjsubjcfblzkabjia.supabase.co/storage/v1/object/public/gallery/events/tupikon/1763846464692_f0o597g8h2.jpg', 'https://plugjsubjcfblzkabjia.supabase.co/storage/v1/object/public/gallery/events/tupikon/1763846464692_f0o597g8h2.jpg', NULL, NULL, 'general', FALSE, 21, NULL, NULL, NULL, NULL, NULL),
  ('d27a0f93-5e60-48c9-9013-07648da48a56', '6e9ae38e-b01f-4b22-9379-787a6f3c49b2', 'https://plugjsubjcfblzkabjia.supabase.co/storage/v1/object/public/gallery/events/tupikon/1763846466101_o0824oacsg.jpg', 'https://plugjsubjcfblzkabjia.supabase.co/storage/v1/object/public/gallery/events/tupikon/1763846466101_o0824oacsg.jpg', NULL, NULL, 'general', FALSE, 22, NULL, NULL, NULL, NULL, NULL),
  ('cd2fed6d-215f-44fe-92d7-511814087797', '6e9ae38e-b01f-4b22-9379-787a6f3c49b2', 'https://plugjsubjcfblzkabjia.supabase.co/storage/v1/object/public/gallery/events/tupikon/1763846467130_nqr7wic9zn.jpg', 'https://plugjsubjcfblzkabjia.supabase.co/storage/v1/object/public/gallery/events/tupikon/1763846467130_nqr7wic9zn.jpg', NULL, NULL, 'general', FALSE, 23, NULL, NULL, NULL, NULL, NULL),
  ('a7ca16bc-597b-4e2c-bda5-5e0a1eb756ac', '6e9ae38e-b01f-4b22-9379-787a6f3c49b2', 'https://plugjsubjcfblzkabjia.supabase.co/storage/v1/object/public/gallery/events/tupikon/1763846468133_ciy2tzheq3h.jpg', 'https://plugjsubjcfblzkabjia.supabase.co/storage/v1/object/public/gallery/events/tupikon/1763846468133_ciy2tzheq3h.jpg', NULL, NULL, 'general', FALSE, 24, NULL, NULL, NULL, NULL, NULL),
  ('a42b4d34-4d6f-4234-a944-8bc325b26632', '6e9ae38e-b01f-4b22-9379-787a6f3c49b2', 'https://plugjsubjcfblzkabjia.supabase.co/storage/v1/object/public/gallery/events/tupikon/1763846469304_egwp57a7v3s.jpg', 'https://plugjsubjcfblzkabjia.supabase.co/storage/v1/object/public/gallery/events/tupikon/1763846469304_egwp57a7v3s.jpg', NULL, NULL, 'general', FALSE, 25, NULL, NULL, NULL, NULL, NULL),
  ('49c7f5fd-e3a1-4274-9206-cefdba868ba1', '6e9ae38e-b01f-4b22-9379-787a6f3c49b2', 'https://plugjsubjcfblzkabjia.supabase.co/storage/v1/object/public/gallery/events/tupikon/1763846470927_oqysnw331m.jpg', 'https://plugjsubjcfblzkabjia.supabase.co/storage/v1/object/public/gallery/events/tupikon/1763846470927_oqysnw331m.jpg', NULL, NULL, 'general', FALSE, 26, NULL, NULL, NULL, NULL, NULL),
  ('1714c6c9-589e-4470-ba02-00f577e502f9', '6e9ae38e-b01f-4b22-9379-787a6f3c49b2', 'https://plugjsubjcfblzkabjia.supabase.co/storage/v1/object/public/gallery/events/tupikon/1763846472487_3dxl72dz2n8.jpg', 'https://plugjsubjcfblzkabjia.supabase.co/storage/v1/object/public/gallery/events/tupikon/1763846472487_3dxl72dz2n8.jpg', NULL, NULL, 'general', FALSE, 27, NULL, NULL, NULL, NULL, NULL),
  ('06d08906-eb5b-4ff2-b5a8-9b218a589062', '6e9ae38e-b01f-4b22-9379-787a6f3c49b2', 'https://plugjsubjcfblzkabjia.supabase.co/storage/v1/object/public/gallery/events/tupikon/1763846473927_9gdx56u6ej.jpg', 'https://plugjsubjcfblzkabjia.supabase.co/storage/v1/object/public/gallery/events/tupikon/1763846473927_9gdx56u6ej.jpg', NULL, NULL, 'general', FALSE, 28, NULL, NULL, NULL, NULL, NULL),
  ('36eb7f64-6319-4e05-898d-f97ff3074c1a', '6e9ae38e-b01f-4b22-9379-787a6f3c49b2', 'https://plugjsubjcfblzkabjia.supabase.co/storage/v1/object/public/gallery/events/tupikon/1763846475449_p2sfeyrhup.jpg', 'https://plugjsubjcfblzkabjia.supabase.co/storage/v1/object/public/gallery/events/tupikon/1763846475449_p2sfeyrhup.jpg', NULL, NULL, 'general', FALSE, 29, NULL, NULL, NULL, NULL, NULL),
  ('d36a608b-2267-41da-9668-6f1ac0932d6b', '6e9ae38e-b01f-4b22-9379-787a6f3c49b2', 'https://plugjsubjcfblzkabjia.supabase.co/storage/v1/object/public/gallery/events/tupikon/1763846476464_8pitkwtzf0e.jpg', 'https://plugjsubjcfblzkabjia.supabase.co/storage/v1/object/public/gallery/events/tupikon/1763846476464_8pitkwtzf0e.jpg', NULL, NULL, 'general', FALSE, 30, NULL, NULL, NULL, NULL, NULL),
  ('87d611ae-5185-456f-8a4e-15ab3d1b968b', '6e9ae38e-b01f-4b22-9379-787a6f3c49b2', 'https://plugjsubjcfblzkabjia.supabase.co/storage/v1/object/public/gallery/events/tupikon/1763846477712_6023ii2rkad.jpg', 'https://plugjsubjcfblzkabjia.supabase.co/storage/v1/object/public/gallery/events/tupikon/1763846477712_6023ii2rkad.jpg', NULL, NULL, 'general', FALSE, 31, NULL, NULL, NULL, NULL, NULL),
  ('7bce46d2-f446-431d-9667-78f49b3ce73b', '6e9ae38e-b01f-4b22-9379-787a6f3c49b2', 'https://plugjsubjcfblzkabjia.supabase.co/storage/v1/object/public/gallery/events/tupikon/1763846478636_eqje03ugsrm.jpg', 'https://plugjsubjcfblzkabjia.supabase.co/storage/v1/object/public/gallery/events/tupikon/1763846478636_eqje03ugsrm.jpg', NULL, NULL, 'general', FALSE, 32, NULL, NULL, NULL, NULL, NULL),
  ('5fe3ca2f-7295-4170-a52b-e4fbd9b001b3', '6e9ae38e-b01f-4b22-9379-787a6f3c49b2', 'https://plugjsubjcfblzkabjia.supabase.co/storage/v1/object/public/gallery/events/tupikon/1763846479627_iestdujaim.jpg', 'https://plugjsubjcfblzkabjia.supabase.co/storage/v1/object/public/gallery/events/tupikon/1763846479627_iestdujaim.jpg', NULL, NULL, 'general', FALSE, 33, NULL, NULL, NULL, NULL, NULL),
  ('1ecb27bf-daf7-4889-a2ab-0d4f91eb0aa1', '3d49b41e-c624-43c6-8f20-95c431182ae4', 'https://plugjsubjcfblzkabjia.supabase.co/storage/v1/object/public/gallery/events/anyfurry-fest-vi/1764501919075_vf3ndo215cs.jpg', 'https://plugjsubjcfblzkabjia.supabase.co/storage/v1/object/public/gallery/events/anyfurry-fest-vi/1764501919075_vf3ndo215cs.jpg', NULL, NULL, 'general', FALSE, 0, NULL, NULL, NULL, NULL, NULL),
  ('dfbd8b71-488b-42f7-8538-96979ab3757c', '3d49b41e-c624-43c6-8f20-95c431182ae4', 'https://plugjsubjcfblzkabjia.supabase.co/storage/v1/object/public/gallery/events/anyfurry-fest-vi/1764501920114_fm5r8cpszfg.jpg', 'https://plugjsubjcfblzkabjia.supabase.co/storage/v1/object/public/gallery/events/anyfurry-fest-vi/1764501920114_fm5r8cpszfg.jpg', NULL, NULL, 'general', FALSE, 1, NULL, NULL, NULL, NULL, NULL),
  ('ed602f89-b177-4ee8-a63d-c1cd620c9c38', '3d49b41e-c624-43c6-8f20-95c431182ae4', 'https://plugjsubjcfblzkabjia.supabase.co/storage/v1/object/public/gallery/events/anyfurry-fest-vi/1764501920926_ny0dg1azlae.jpg', 'https://plugjsubjcfblzkabjia.supabase.co/storage/v1/object/public/gallery/events/anyfurry-fest-vi/1764501920926_ny0dg1azlae.jpg', NULL, NULL, 'general', FALSE, 2, NULL, NULL, NULL, NULL, NULL),
  ('b965cf6b-5bf6-4882-9ad7-64cb43168472', '3d49b41e-c624-43c6-8f20-95c431182ae4', 'https://plugjsubjcfblzkabjia.supabase.co/storage/v1/object/public/gallery/events/anyfurry-fest-vi/1764501921714_s0rs5gtxjs.jpg', 'https://plugjsubjcfblzkabjia.supabase.co/storage/v1/object/public/gallery/events/anyfurry-fest-vi/1764501921714_s0rs5gtxjs.jpg', NULL, NULL, 'general', FALSE, 3, NULL, NULL, NULL, NULL, NULL),
  ('7fa51294-3c67-4382-8cae-311c5a6a832f', '3d49b41e-c624-43c6-8f20-95c431182ae4', 'https://plugjsubjcfblzkabjia.supabase.co/storage/v1/object/public/gallery/events/anyfurry-fest-vi/1764523525420_wlg6efzwwtd.jpg', 'https://plugjsubjcfblzkabjia.supabase.co/storage/v1/object/public/gallery/events/anyfurry-fest-vi/1764523525420_wlg6efzwwtd.jpg', NULL, NULL, 'general', FALSE, 4, NULL, NULL, NULL, NULL, NULL),
  ('3a283dc7-5054-4685-b74b-e6d51607bcde', '3d49b41e-c624-43c6-8f20-95c431182ae4', 'https://plugjsubjcfblzkabjia.supabase.co/storage/v1/object/public/Convent/events/3d49b41e-c624-43c6-8f20-95c431182ae4/original/1764690883984_xfqe7iuvhp.jpg', 'https://plugjsubjcfblzkabjia.supabase.co/storage/v1/object/public/Convent/events/3d49b41e-c624-43c6-8f20-95c431182ae4/thumbnails/1764690884974_18fhue5mnjh.jpg', NULL, NULL, 'general', FALSE, 5, NULL, 'events/3d49b41e-c624-43c6-8f20-95c431182ae4/original/1764690883984_xfqe7iuvhp.jpg', 'events/3d49b41e-c624-43c6-8f20-95c431182ae4/thumbnails/1764690884974_18fhue5mnjh.jpg', 931449, 'photo_1_2025-12-02_18-50-59.jpg'),
  ('7b597cfe-b941-4116-a000-55595947f73b', '3d49b41e-c624-43c6-8f20-95c431182ae4', 'https://plugjsubjcfblzkabjia.supabase.co/storage/v1/object/public/Convent/events/3d49b41e-c624-43c6-8f20-95c431182ae4/original/1764690885632_psl4t158mkm.jpg', 'https://plugjsubjcfblzkabjia.supabase.co/storage/v1/object/public/Convent/events/3d49b41e-c624-43c6-8f20-95c431182ae4/thumbnails/1764690886425_2whr9vn0b48.jpg', NULL, NULL, 'general', FALSE, 6, NULL, 'events/3d49b41e-c624-43c6-8f20-95c431182ae4/original/1764690885632_psl4t158mkm.jpg', 'events/3d49b41e-c624-43c6-8f20-95c431182ae4/thumbnails/1764690886425_2whr9vn0b48.jpg', 1239007, 'photo_2_2025-12-02_18-50-59.jpg'),
  ('7205ec34-b55d-4f82-aa7b-b70f0b88f13d', '3d49b41e-c624-43c6-8f20-95c431182ae4', 'https://plugjsubjcfblzkabjia.supabase.co/storage/v1/object/public/Convent/events/3d49b41e-c624-43c6-8f20-95c431182ae4/original/1764690886972_q2q1s2k54gs.jpg', 'https://plugjsubjcfblzkabjia.supabase.co/storage/v1/object/public/Convent/events/3d49b41e-c624-43c6-8f20-95c431182ae4/thumbnails/1764690887705_mupu0238odm.jpg', NULL, NULL, 'general', FALSE, 7, NULL, 'events/3d49b41e-c624-43c6-8f20-95c431182ae4/original/1764690886972_q2q1s2k54gs.jpg', 'events/3d49b41e-c624-43c6-8f20-95c431182ae4/thumbnails/1764690887705_mupu0238odm.jpg', 843425, 'photo_3_2025-12-02_18-50-59.jpg'),
  ('ce01507d-2f20-4939-936b-dabb88664c95', '3d49b41e-c624-43c6-8f20-95c431182ae4', 'https://plugjsubjcfblzkabjia.supabase.co/storage/v1/object/public/Convent/events/3d49b41e-c624-43c6-8f20-95c431182ae4/original/1764690888265_0dzmo2syw0yr.jpg', 'https://plugjsubjcfblzkabjia.supabase.co/storage/v1/object/public/Convent/events/3d49b41e-c624-43c6-8f20-95c431182ae4/thumbnails/1764690888805_xshx92mnbn7.jpg', NULL, NULL, 'general', FALSE, 8, NULL, 'events/3d49b41e-c624-43c6-8f20-95c431182ae4/original/1764690888265_0dzmo2syw0yr.jpg', 'events/3d49b41e-c624-43c6-8f20-95c431182ae4/thumbnails/1764690888805_xshx92mnbn7.jpg', 925900, 'photo_4_2025-12-02_18-50-59.jpg'),
  ('20d6d57b-4651-41b9-8de0-fc5491eca8b5', '3d49b41e-c624-43c6-8f20-95c431182ae4', 'https://plugjsubjcfblzkabjia.supabase.co/storage/v1/object/public/gallery/events/anyfurry-fest-vi/1764501919075_vf3ndo215cs.jpg', 'https://plugjsubjcfblzkabjia.supabase.co/storage/v1/object/public/gallery/events/anyfurry-fest-vi/1764501919075_vf3ndo215cs.jpg', NULL, NULL, 'general', FALSE, 9, NULL, NULL, NULL, NULL, NULL),
  ('356c0b3b-fb50-4729-825d-755ca002d43e', '3d49b41e-c624-43c6-8f20-95c431182ae4', 'https://plugjsubjcfblzkabjia.supabase.co/storage/v1/object/public/gallery/events/anyfurry-fest-vi/1764501920114_fm5r8cpszfg.jpg', 'https://plugjsubjcfblzkabjia.supabase.co/storage/v1/object/public/gallery/events/anyfurry-fest-vi/1764501920114_fm5r8cpszfg.jpg', NULL, NULL, 'general', FALSE, 10, NULL, NULL, NULL, NULL, NULL),
  ('034882b2-5523-4df8-8134-b0a00c9de4a9', '3d49b41e-c624-43c6-8f20-95c431182ae4', 'https://plugjsubjcfblzkabjia.supabase.co/storage/v1/object/public/gallery/events/anyfurry-fest-vi/1764501920926_ny0dg1azlae.jpg', 'https://plugjsubjcfblzkabjia.supabase.co/storage/v1/object/public/gallery/events/anyfurry-fest-vi/1764501920926_ny0dg1azlae.jpg', NULL, NULL, 'general', FALSE, 11, NULL, NULL, NULL, NULL, NULL),
  ('8a784370-f102-4b5b-8492-4abff4e6a60f', '3d49b41e-c624-43c6-8f20-95c431182ae4', 'https://plugjsubjcfblzkabjia.supabase.co/storage/v1/object/public/gallery/events/anyfurry-fest-vi/1764501921714_s0rs5gtxjs.jpg', 'https://plugjsubjcfblzkabjia.supabase.co/storage/v1/object/public/gallery/events/anyfurry-fest-vi/1764501921714_s0rs5gtxjs.jpg', NULL, NULL, 'general', FALSE, 12, NULL, NULL, NULL, NULL, NULL),
  ('84cd1668-8c36-4c99-a641-9e0015c2f897', '3d49b41e-c624-43c6-8f20-95c431182ae4', 'https://plugjsubjcfblzkabjia.supabase.co/storage/v1/object/public/gallery/events/anyfurry-fest-vi/1764523525420_wlg6efzwwtd.jpg', 'https://plugjsubjcfblzkabjia.supabase.co/storage/v1/object/public/gallery/events/anyfurry-fest-vi/1764523525420_wlg6efzwwtd.jpg', NULL, NULL, 'general', FALSE, 13, NULL, NULL, NULL, NULL, NULL),
  ('8b522eb6-c3ce-4377-b197-0d3b131590dd', '3d49b41e-c624-43c6-8f20-95c431182ae4', 'https://plugjsubjcfblzkabjia.supabase.co/storage/v1/object/public/Convent/events/3d49b41e-c624-43c6-8f20-95c431182ae4/thumbnails/1764690884974_18fhue5mnjh.jpg', 'https://plugjsubjcfblzkabjia.supabase.co/storage/v1/object/public/Convent/events/3d49b41e-c624-43c6-8f20-95c431182ae4/thumbnails/1764690884974_18fhue5mnjh.jpg', NULL, NULL, 'general', FALSE, 14, NULL, NULL, NULL, NULL, NULL),
  ('176652ac-b2fd-4bc7-bb44-be39919f2c11', '3d49b41e-c624-43c6-8f20-95c431182ae4', 'https://plugjsubjcfblzkabjia.supabase.co/storage/v1/object/public/Convent/events/3d49b41e-c624-43c6-8f20-95c431182ae4/thumbnails/1764690886425_2whr9vn0b48.jpg', 'https://plugjsubjcfblzkabjia.supabase.co/storage/v1/object/public/Convent/events/3d49b41e-c624-43c6-8f20-95c431182ae4/thumbnails/1764690886425_2whr9vn0b48.jpg', NULL, NULL, 'general', FALSE, 15, NULL, NULL, NULL, NULL, NULL),
  ('2be4c0ce-1992-49ad-926a-8c51a2a85330', '3d49b41e-c624-43c6-8f20-95c431182ae4', 'https://plugjsubjcfblzkabjia.supabase.co/storage/v1/object/public/Convent/events/3d49b41e-c624-43c6-8f20-95c431182ae4/thumbnails/1764690887705_mupu0238odm.jpg', 'https://plugjsubjcfblzkabjia.supabase.co/storage/v1/object/public/Convent/events/3d49b41e-c624-43c6-8f20-95c431182ae4/thumbnails/1764690887705_mupu0238odm.jpg', NULL, NULL, 'general', FALSE, 16, NULL, NULL, NULL, NULL, NULL),
  ('05410a61-91da-48aa-bda8-a731f001b67f', '3d49b41e-c624-43c6-8f20-95c431182ae4', 'https://plugjsubjcfblzkabjia.supabase.co/storage/v1/object/public/Convent/events/3d49b41e-c624-43c6-8f20-95c431182ae4/thumbnails/1764690888805_xshx92mnbn7.jpg', 'https://plugjsubjcfblzkabjia.supabase.co/storage/v1/object/public/Convent/events/3d49b41e-c624-43c6-8f20-95c431182ae4/thumbnails/1764690888805_xshx92mnbn7.jpg', NULL, NULL, 'general', FALSE, 17, NULL, NULL, NULL, NULL, NULL),
  ('7e0a2733-14d9-4102-8eab-d95055e84c1d', '3d49b41e-c624-43c6-8f20-95c431182ae4', 'https://plugjsubjcfblzkabjia.supabase.co/storage/v1/object/public/gallery/events/anyfurry-fest-vi/1764501919075_vf3ndo215cs.jpg', 'https://plugjsubjcfblzkabjia.supabase.co/storage/v1/object/public/gallery/events/anyfurry-fest-vi/1764501919075_vf3ndo215cs.jpg', NULL, NULL, 'general', FALSE, 18, NULL, NULL, NULL, NULL, NULL),
  ('05c47a11-fcb6-4ada-803b-b1a0ea419b9c', '3d49b41e-c624-43c6-8f20-95c431182ae4', 'https://plugjsubjcfblzkabjia.supabase.co/storage/v1/object/public/gallery/events/anyfurry-fest-vi/1764501920114_fm5r8cpszfg.jpg', 'https://plugjsubjcfblzkabjia.supabase.co/storage/v1/object/public/gallery/events/anyfurry-fest-vi/1764501920114_fm5r8cpszfg.jpg', NULL, NULL, 'general', FALSE, 19, NULL, NULL, NULL, NULL, NULL),
  ('999a4fea-799d-494d-b9a0-43949feb14a3', '3d49b41e-c624-43c6-8f20-95c431182ae4', 'https://plugjsubjcfblzkabjia.supabase.co/storage/v1/object/public/gallery/events/anyfurry-fest-vi/1764501920926_ny0dg1azlae.jpg', 'https://plugjsubjcfblzkabjia.supabase.co/storage/v1/object/public/gallery/events/anyfurry-fest-vi/1764501920926_ny0dg1azlae.jpg', NULL, NULL, 'general', FALSE, 20, NULL, NULL, NULL, NULL, NULL),
  ('e287901f-0f6f-4d65-919b-b276478cad2d', '3d49b41e-c624-43c6-8f20-95c431182ae4', 'https://plugjsubjcfblzkabjia.supabase.co/storage/v1/object/public/gallery/events/anyfurry-fest-vi/1764501921714_s0rs5gtxjs.jpg', 'https://plugjsubjcfblzkabjia.supabase.co/storage/v1/object/public/gallery/events/anyfurry-fest-vi/1764501921714_s0rs5gtxjs.jpg', NULL, NULL, 'general', FALSE, 21, NULL, NULL, NULL, NULL, NULL),
  ('730259ef-da20-4e30-95f6-5332fbbb3f1a', '3d49b41e-c624-43c6-8f20-95c431182ae4', 'https://plugjsubjcfblzkabjia.supabase.co/storage/v1/object/public/gallery/events/anyfurry-fest-vi/1764523525420_wlg6efzwwtd.jpg', 'https://plugjsubjcfblzkabjia.supabase.co/storage/v1/object/public/gallery/events/anyfurry-fest-vi/1764523525420_wlg6efzwwtd.jpg', NULL, NULL, 'general', FALSE, 22, NULL, NULL, NULL, NULL, NULL),
  ('a1cc57b5-50be-4f4d-94fe-b3907a044fca', '3d49b41e-c624-43c6-8f20-95c431182ae4', 'https://plugjsubjcfblzkabjia.supabase.co/storage/v1/object/public/Convent/events/3d49b41e-c624-43c6-8f20-95c431182ae4/thumbnails/1764690884974_18fhue5mnjh.jpg', 'https://plugjsubjcfblzkabjia.supabase.co/storage/v1/object/public/Convent/events/3d49b41e-c624-43c6-8f20-95c431182ae4/thumbnails/1764690884974_18fhue5mnjh.jpg', NULL, NULL, 'general', FALSE, 23, NULL, NULL, NULL, NULL, NULL),
  ('e28fe492-c772-4477-a944-302c5938ff26', '3d49b41e-c624-43c6-8f20-95c431182ae4', 'https://plugjsubjcfblzkabjia.supabase.co/storage/v1/object/public/Convent/events/3d49b41e-c624-43c6-8f20-95c431182ae4/thumbnails/1764690886425_2whr9vn0b48.jpg', 'https://plugjsubjcfblzkabjia.supabase.co/storage/v1/object/public/Convent/events/3d49b41e-c624-43c6-8f20-95c431182ae4/thumbnails/1764690886425_2whr9vn0b48.jpg', NULL, NULL, 'general', FALSE, 24, NULL, NULL, NULL, NULL, NULL),
  ('31a07184-2b3c-458e-a590-6be6714508bd', '3d49b41e-c624-43c6-8f20-95c431182ae4', 'https://plugjsubjcfblzkabjia.supabase.co/storage/v1/object/public/Convent/events/3d49b41e-c624-43c6-8f20-95c431182ae4/thumbnails/1764690887705_mupu0238odm.jpg', 'https://plugjsubjcfblzkabjia.supabase.co/storage/v1/object/public/Convent/events/3d49b41e-c624-43c6-8f20-95c431182ae4/thumbnails/1764690887705_mupu0238odm.jpg', NULL, NULL, 'general', FALSE, 25, NULL, NULL, NULL, NULL, NULL),
  ('71fc63ef-cf8f-4589-a55a-eb4d54ee44e4', '3d49b41e-c624-43c6-8f20-95c431182ae4', 'https://plugjsubjcfblzkabjia.supabase.co/storage/v1/object/public/Convent/events/3d49b41e-c624-43c6-8f20-95c431182ae4/thumbnails/1764690888805_xshx92mnbn7.jpg', 'https://plugjsubjcfblzkabjia.supabase.co/storage/v1/object/public/Convent/events/3d49b41e-c624-43c6-8f20-95c431182ae4/thumbnails/1764690888805_xshx92mnbn7.jpg', NULL, NULL, 'general', FALSE, 26, NULL, NULL, NULL, NULL, NULL),
  ('b34aca01-21bb-4943-aecb-0aaa7e48f4bb', '3d49b41e-c624-43c6-8f20-95c431182ae4', 'https://plugjsubjcfblzkabjia.supabase.co/storage/v1/object/public/gallery/events/anyfurry-fest-vi/1764501919075_vf3ndo215cs.jpg', 'https://plugjsubjcfblzkabjia.supabase.co/storage/v1/object/public/gallery/events/anyfurry-fest-vi/1764501919075_vf3ndo215cs.jpg', NULL, NULL, 'general', FALSE, 27, NULL, NULL, NULL, NULL, NULL),
  ('e7e15875-e67f-4c3e-947e-0ecb5204ac1f', '3d49b41e-c624-43c6-8f20-95c431182ae4', 'https://plugjsubjcfblzkabjia.supabase.co/storage/v1/object/public/gallery/events/anyfurry-fest-vi/1764501920114_fm5r8cpszfg.jpg', 'https://plugjsubjcfblzkabjia.supabase.co/storage/v1/object/public/gallery/events/anyfurry-fest-vi/1764501920114_fm5r8cpszfg.jpg', NULL, NULL, 'general', FALSE, 28, NULL, NULL, NULL, NULL, NULL),
  ('161c878e-9281-4194-886c-efc051b61fe1', '3d49b41e-c624-43c6-8f20-95c431182ae4', 'https://plugjsubjcfblzkabjia.supabase.co/storage/v1/object/public/gallery/events/anyfurry-fest-vi/1764501920926_ny0dg1azlae.jpg', 'https://plugjsubjcfblzkabjia.supabase.co/storage/v1/object/public/gallery/events/anyfurry-fest-vi/1764501920926_ny0dg1azlae.jpg', NULL, NULL, 'general', FALSE, 29, NULL, NULL, NULL, NULL, NULL),
  ('5ebdb133-bbd1-4cdf-b5bb-06b8ba2fcce4', '3d49b41e-c624-43c6-8f20-95c431182ae4', 'https://plugjsubjcfblzkabjia.supabase.co/storage/v1/object/public/gallery/events/anyfurry-fest-vi/1764501921714_s0rs5gtxjs.jpg', 'https://plugjsubjcfblzkabjia.supabase.co/storage/v1/object/public/gallery/events/anyfurry-fest-vi/1764501921714_s0rs5gtxjs.jpg', NULL, NULL, 'general', FALSE, 30, NULL, NULL, NULL, NULL, NULL),
  ('1d3cd095-3a9a-42d0-b955-7d872c35286d', '3d49b41e-c624-43c6-8f20-95c431182ae4', 'https://plugjsubjcfblzkabjia.supabase.co/storage/v1/object/public/gallery/events/anyfurry-fest-vi/1764523525420_wlg6efzwwtd.jpg', 'https://plugjsubjcfblzkabjia.supabase.co/storage/v1/object/public/gallery/events/anyfurry-fest-vi/1764523525420_wlg6efzwwtd.jpg', NULL, NULL, 'general', FALSE, 31, NULL, NULL, NULL, NULL, NULL),
  ('e28dbe7c-eaf3-492d-91a7-c06b15cb5965', '3d49b41e-c624-43c6-8f20-95c431182ae4', 'https://plugjsubjcfblzkabjia.supabase.co/storage/v1/object/public/Convent/events/3d49b41e-c624-43c6-8f20-95c431182ae4/original/1764690883984_xfqe7iuvhp.jpg', 'https://plugjsubjcfblzkabjia.supabase.co/storage/v1/object/public/Convent/events/3d49b41e-c624-43c6-8f20-95c431182ae4/original/1764690883984_xfqe7iuvhp.jpg', NULL, NULL, 'general', FALSE, 32, NULL, NULL, NULL, NULL, NULL),
  ('18ba156f-d156-4d60-818e-8d3a2f6a7372', '3d49b41e-c624-43c6-8f20-95c431182ae4', 'https://plugjsubjcfblzkabjia.supabase.co/storage/v1/object/public/Convent/events/3d49b41e-c624-43c6-8f20-95c431182ae4/original/1764690885632_psl4t158mkm.jpg', 'https://plugjsubjcfblzkabjia.supabase.co/storage/v1/object/public/Convent/events/3d49b41e-c624-43c6-8f20-95c431182ae4/original/1764690885632_psl4t158mkm.jpg', NULL, NULL, 'general', FALSE, 33, NULL, NULL, NULL, NULL, NULL),
  ('2b3d9e56-dca9-4b5d-bb0b-22b825fa6894', '3d49b41e-c624-43c6-8f20-95c431182ae4', 'https://plugjsubjcfblzkabjia.supabase.co/storage/v1/object/public/Convent/events/3d49b41e-c624-43c6-8f20-95c431182ae4/original/1764690886972_q2q1s2k54gs.jpg', 'https://plugjsubjcfblzkabjia.supabase.co/storage/v1/object/public/Convent/events/3d49b41e-c624-43c6-8f20-95c431182ae4/original/1764690886972_q2q1s2k54gs.jpg', NULL, NULL, 'general', FALSE, 34, NULL, NULL, NULL, NULL, NULL),
  ('e8aa3955-b667-48fd-83f7-df6d6de1287d', '3d49b41e-c624-43c6-8f20-95c431182ae4', 'https://plugjsubjcfblzkabjia.supabase.co/storage/v1/object/public/Convent/events/3d49b41e-c624-43c6-8f20-95c431182ae4/original/1764690888265_0dzmo2syw0yr.jpg', 'https://plugjsubjcfblzkabjia.supabase.co/storage/v1/object/public/Convent/events/3d49b41e-c624-43c6-8f20-95c431182ae4/original/1764690888265_0dzmo2syw0yr.jpg', NULL, NULL, 'general', FALSE, 35, NULL, NULL, NULL, NULL, NULL),
  ('8adb979f-eee2-442f-af30-3645ca772512', '3d49b41e-c624-43c6-8f20-95c431182ae4', 'https://plugjsubjcfblzkabjia.supabase.co/storage/v1/object/public/gallery/events/anyfurry-fest-vi/1764501919075_vf3ndo215cs.jpg', 'https://plugjsubjcfblzkabjia.supabase.co/storage/v1/object/public/gallery/events/anyfurry-fest-vi/1764501919075_vf3ndo215cs.jpg', NULL, NULL, 'general', FALSE, 36, NULL, NULL, NULL, NULL, NULL),
  ('444f80cd-4e1f-41ef-b604-d6c2a086ec79', '3d49b41e-c624-43c6-8f20-95c431182ae4', 'https://plugjsubjcfblzkabjia.supabase.co/storage/v1/object/public/gallery/events/anyfurry-fest-vi/1764501920114_fm5r8cpszfg.jpg', 'https://plugjsubjcfblzkabjia.supabase.co/storage/v1/object/public/gallery/events/anyfurry-fest-vi/1764501920114_fm5r8cpszfg.jpg', NULL, NULL, 'general', FALSE, 37, NULL, NULL, NULL, NULL, NULL),
  ('50248bfb-1a1c-4562-8ad5-0baa1b1c6ac2', '3d49b41e-c624-43c6-8f20-95c431182ae4', 'https://plugjsubjcfblzkabjia.supabase.co/storage/v1/object/public/gallery/events/anyfurry-fest-vi/1764501920926_ny0dg1azlae.jpg', 'https://plugjsubjcfblzkabjia.supabase.co/storage/v1/object/public/gallery/events/anyfurry-fest-vi/1764501920926_ny0dg1azlae.jpg', NULL, NULL, 'general', FALSE, 38, NULL, NULL, NULL, NULL, NULL),
  ('63171961-45b6-43c8-8691-bbc98ef7c849', '3d49b41e-c624-43c6-8f20-95c431182ae4', 'https://plugjsubjcfblzkabjia.supabase.co/storage/v1/object/public/gallery/events/anyfurry-fest-vi/1764501921714_s0rs5gtxjs.jpg', 'https://plugjsubjcfblzkabjia.supabase.co/storage/v1/object/public/gallery/events/anyfurry-fest-vi/1764501921714_s0rs5gtxjs.jpg', NULL, NULL, 'general', FALSE, 39, NULL, NULL, NULL, NULL, NULL),
  ('a211be5d-5542-45a2-98fc-da1de136cc00', '3d49b41e-c624-43c6-8f20-95c431182ae4', 'https://plugjsubjcfblzkabjia.supabase.co/storage/v1/object/public/gallery/events/anyfurry-fest-vi/1764523525420_wlg6efzwwtd.jpg', 'https://plugjsubjcfblzkabjia.supabase.co/storage/v1/object/public/gallery/events/anyfurry-fest-vi/1764523525420_wlg6efzwwtd.jpg', NULL, NULL, 'general', FALSE, 40, NULL, NULL, NULL, NULL, NULL),
  ('77eb8915-ab56-4ac4-8adc-78b1b903e824', '3d49b41e-c624-43c6-8f20-95c431182ae4', 'https://plugjsubjcfblzkabjia.supabase.co/storage/v1/object/public/Convent/events/3d49b41e-c624-43c6-8f20-95c431182ae4/thumbnails/1764690884974_18fhue5mnjh.jpg', 'https://plugjsubjcfblzkabjia.supabase.co/storage/v1/object/public/Convent/events/3d49b41e-c624-43c6-8f20-95c431182ae4/thumbnails/1764690884974_18fhue5mnjh.jpg', NULL, NULL, 'general', FALSE, 41, NULL, NULL, NULL, NULL, NULL),
  ('4558e4d3-c808-4093-bc43-d98b93536c4f', '3d49b41e-c624-43c6-8f20-95c431182ae4', 'https://plugjsubjcfblzkabjia.supabase.co/storage/v1/object/public/Convent/events/3d49b41e-c624-43c6-8f20-95c431182ae4/thumbnails/1764690886425_2whr9vn0b48.jpg', 'https://plugjsubjcfblzkabjia.supabase.co/storage/v1/object/public/Convent/events/3d49b41e-c624-43c6-8f20-95c431182ae4/thumbnails/1764690886425_2whr9vn0b48.jpg', NULL, NULL, 'general', FALSE, 42, NULL, NULL, NULL, NULL, NULL),
  ('306d377a-7292-422a-a5a5-e4d49ec79057', '3d49b41e-c624-43c6-8f20-95c431182ae4', 'https://plugjsubjcfblzkabjia.supabase.co/storage/v1/object/public/Convent/events/3d49b41e-c624-43c6-8f20-95c431182ae4/thumbnails/1764690887705_mupu0238odm.jpg', 'https://plugjsubjcfblzkabjia.supabase.co/storage/v1/object/public/Convent/events/3d49b41e-c624-43c6-8f20-95c431182ae4/thumbnails/1764690887705_mupu0238odm.jpg', NULL, NULL, 'general', FALSE, 43, NULL, NULL, NULL, NULL, NULL),
  ('d923155c-4abe-4db6-be93-2662fbdccfd8', '3d49b41e-c624-43c6-8f20-95c431182ae4', 'https://plugjsubjcfblzkabjia.supabase.co/storage/v1/object/public/Convent/events/3d49b41e-c624-43c6-8f20-95c431182ae4/thumbnails/1764690888805_xshx92mnbn7.jpg', 'https://plugjsubjcfblzkabjia.supabase.co/storage/v1/object/public/Convent/events/3d49b41e-c624-43c6-8f20-95c431182ae4/thumbnails/1764690888805_xshx92mnbn7.jpg', NULL, NULL, 'general', FALSE, 44, NULL, NULL, NULL, NULL, NULL),
  ('5de099f9-156c-4fc7-b0ec-e97d897d77b6', '3d49b41e-c624-43c6-8f20-95c431182ae4', 'https://plugjsubjcfblzkabjia.supabase.co/storage/v1/object/public/gallery/events/anyfurry-fest-vi/1764501919075_vf3ndo215cs.jpg', 'https://plugjsubjcfblzkabjia.supabase.co/storage/v1/object/public/gallery/events/anyfurry-fest-vi/1764501919075_vf3ndo215cs.jpg', NULL, NULL, 'general', FALSE, 45, NULL, NULL, NULL, NULL, NULL),
  ('55bd4280-8a19-4987-ada6-75201173d23e', '3d49b41e-c624-43c6-8f20-95c431182ae4', 'https://plugjsubjcfblzkabjia.supabase.co/storage/v1/object/public/gallery/events/anyfurry-fest-vi/1764501920114_fm5r8cpszfg.jpg', 'https://plugjsubjcfblzkabjia.supabase.co/storage/v1/object/public/gallery/events/anyfurry-fest-vi/1764501920114_fm5r8cpszfg.jpg', NULL, NULL, 'general', FALSE, 46, NULL, NULL, NULL, NULL, NULL),
  ('193cda06-c180-410a-a245-d198547298e8', '3d49b41e-c624-43c6-8f20-95c431182ae4', 'https://plugjsubjcfblzkabjia.supabase.co/storage/v1/object/public/gallery/events/anyfurry-fest-vi/1764501920926_ny0dg1azlae.jpg', 'https://plugjsubjcfblzkabjia.supabase.co/storage/v1/object/public/gallery/events/anyfurry-fest-vi/1764501920926_ny0dg1azlae.jpg', NULL, NULL, 'general', FALSE, 47, NULL, NULL, NULL, NULL, NULL),
  ('79c9e035-1ba5-4a91-ac82-4534b6a7c571', '3d49b41e-c624-43c6-8f20-95c431182ae4', 'https://plugjsubjcfblzkabjia.supabase.co/storage/v1/object/public/gallery/events/anyfurry-fest-vi/1764501921714_s0rs5gtxjs.jpg', 'https://plugjsubjcfblzkabjia.supabase.co/storage/v1/object/public/gallery/events/anyfurry-fest-vi/1764501921714_s0rs5gtxjs.jpg', NULL, NULL, 'general', FALSE, 48, NULL, NULL, NULL, NULL, NULL),
  ('60d148b7-2415-4e22-b771-5c99156e1a1e', '3d49b41e-c624-43c6-8f20-95c431182ae4', 'https://plugjsubjcfblzkabjia.supabase.co/storage/v1/object/public/gallery/events/anyfurry-fest-vi/1764523525420_wlg6efzwwtd.jpg', 'https://plugjsubjcfblzkabjia.supabase.co/storage/v1/object/public/gallery/events/anyfurry-fest-vi/1764523525420_wlg6efzwwtd.jpg', NULL, NULL, 'general', FALSE, 49, NULL, NULL, NULL, NULL, NULL),
  ('c77b2a2a-1d8f-42f3-800b-d5d4a5f069c0', '3d49b41e-c624-43c6-8f20-95c431182ae4', 'https://plugjsubjcfblzkabjia.supabase.co/storage/v1/object/public/Convent/events/3d49b41e-c624-43c6-8f20-95c431182ae4/thumbnails/1764690884974_18fhue5mnjh.jpg', 'https://plugjsubjcfblzkabjia.supabase.co/storage/v1/object/public/Convent/events/3d49b41e-c624-43c6-8f20-95c431182ae4/thumbnails/1764690884974_18fhue5mnjh.jpg', NULL, NULL, 'general', FALSE, 50, NULL, NULL, NULL, NULL, NULL),
  ('2cd8c834-07ef-4148-979b-6a491861b150', '3d49b41e-c624-43c6-8f20-95c431182ae4', 'https://plugjsubjcfblzkabjia.supabase.co/storage/v1/object/public/Convent/events/3d49b41e-c624-43c6-8f20-95c431182ae4/thumbnails/1764690886425_2whr9vn0b48.jpg', 'https://plugjsubjcfblzkabjia.supabase.co/storage/v1/object/public/Convent/events/3d49b41e-c624-43c6-8f20-95c431182ae4/thumbnails/1764690886425_2whr9vn0b48.jpg', NULL, NULL, 'general', FALSE, 51, NULL, NULL, NULL, NULL, NULL),
  ('0959cce0-b93e-4246-9a1c-93f4a26246ce', '3d49b41e-c624-43c6-8f20-95c431182ae4', 'https://plugjsubjcfblzkabjia.supabase.co/storage/v1/object/public/Convent/events/3d49b41e-c624-43c6-8f20-95c431182ae4/thumbnails/1764690887705_mupu0238odm.jpg', 'https://plugjsubjcfblzkabjia.supabase.co/storage/v1/object/public/Convent/events/3d49b41e-c624-43c6-8f20-95c431182ae4/thumbnails/1764690887705_mupu0238odm.jpg', NULL, NULL, 'general', FALSE, 52, NULL, NULL, NULL, NULL, NULL),
  ('ff234c52-57a8-43e6-b8ed-6d03debf6278', '3d49b41e-c624-43c6-8f20-95c431182ae4', 'https://plugjsubjcfblzkabjia.supabase.co/storage/v1/object/public/Convent/events/3d49b41e-c624-43c6-8f20-95c431182ae4/thumbnails/1764690888805_xshx92mnbn7.jpg', 'https://plugjsubjcfblzkabjia.supabase.co/storage/v1/object/public/Convent/events/3d49b41e-c624-43c6-8f20-95c431182ae4/thumbnails/1764690888805_xshx92mnbn7.jpg', NULL, NULL, 'general', FALSE, 53, NULL, NULL, NULL, NULL, NULL),
  ('6e4675b3-250d-4175-a43a-3933e3f59625', '5fd24c3d-7672-4017-b7cc-0fcd2f44bb51', 'https://plugjsubjcfblzkabjia.supabase.co/storage/v1/object/public/Convent/events/5fd24c3d-7672-4017-b7cc-0fcd2f44bb51/original/1764721546769_f18aurfani9.jpg', 'https://plugjsubjcfblzkabjia.supabase.co/storage/v1/object/public/Convent/events/5fd24c3d-7672-4017-b7cc-0fcd2f44bb51/thumbnails/1764721551794_xhjew4v6zo.jpg', NULL, NULL, 'general', FALSE, 0, NULL, 'events/5fd24c3d-7672-4017-b7cc-0fcd2f44bb51/original/1764721546769_f18aurfani9.jpg', 'events/5fd24c3d-7672-4017-b7cc-0fcd2f44bb51/thumbnails/1764721551794_xhjew4v6zo.jpg', 7049206, 'AFFV (8).jpg'),
  ('81526ff6-43eb-4fe0-9e66-e385b82dc2ba', '5fd24c3d-7672-4017-b7cc-0fcd2f44bb51', 'https://plugjsubjcfblzkabjia.supabase.co/storage/v1/object/public/Convent/events/5fd24c3d-7672-4017-b7cc-0fcd2f44bb51/original/1764721554506_ohkv2a3pxg.jpg', 'https://plugjsubjcfblzkabjia.supabase.co/storage/v1/object/public/Convent/events/5fd24c3d-7672-4017-b7cc-0fcd2f44bb51/thumbnails/1764721565643_u9cfufpel7s.jpg', NULL, NULL, 'general', FALSE, 1, NULL, 'events/5fd24c3d-7672-4017-b7cc-0fcd2f44bb51/original/1764721554506_ohkv2a3pxg.jpg', 'events/5fd24c3d-7672-4017-b7cc-0fcd2f44bb51/thumbnails/1764721565643_u9cfufpel7s.jpg', 6948736, 'AFFV (6).jpg'),
  ('2dc3f1fe-9768-4117-b1e7-21b5e1606ba8', '5fd24c3d-7672-4017-b7cc-0fcd2f44bb51', 'https://plugjsubjcfblzkabjia.supabase.co/storage/v1/object/public/Convent/events/5fd24c3d-7672-4017-b7cc-0fcd2f44bb51/original/1764721569378_6y3t8rj0xjg.jpg', 'https://plugjsubjcfblzkabjia.supabase.co/storage/v1/object/public/Convent/events/5fd24c3d-7672-4017-b7cc-0fcd2f44bb51/thumbnails/1764721572985_juruw0df7i.jpg', NULL, NULL, 'general', FALSE, 2, NULL, 'events/5fd24c3d-7672-4017-b7cc-0fcd2f44bb51/original/1764721569378_6y3t8rj0xjg.jpg', 'events/5fd24c3d-7672-4017-b7cc-0fcd2f44bb51/thumbnails/1764721572985_juruw0df7i.jpg', 4794352, 'AFFV (29).jpg'),
  ('954fed46-c8a2-4805-bfbf-4f0f9a842699', '5fd24c3d-7672-4017-b7cc-0fcd2f44bb51', 'https://plugjsubjcfblzkabjia.supabase.co/storage/v1/object/public/Convent/events/5fd24c3d-7672-4017-b7cc-0fcd2f44bb51/original/1764721576364_1zkvkih49k4.jpg', 'https://plugjsubjcfblzkabjia.supabase.co/storage/v1/object/public/Convent/events/5fd24c3d-7672-4017-b7cc-0fcd2f44bb51/thumbnails/1764721583522_h4iq6inu5mk.jpg', NULL, NULL, 'general', FALSE, 3, NULL, 'events/5fd24c3d-7672-4017-b7cc-0fcd2f44bb51/original/1764721576364_1zkvkih49k4.jpg', 'events/5fd24c3d-7672-4017-b7cc-0fcd2f44bb51/thumbnails/1764721583522_h4iq6inu5mk.jpg', 4292123, 'AFFV (44).jpg'),
  ('0ece57e2-5963-4c83-82b6-9b082dc34630', '5fd24c3d-7672-4017-b7cc-0fcd2f44bb51', 'https://plugjsubjcfblzkabjia.supabase.co/storage/v1/object/public/Convent/events/5fd24c3d-7672-4017-b7cc-0fcd2f44bb51/original/1764721586875_yx23sg85qu.jpg', 'https://plugjsubjcfblzkabjia.supabase.co/storage/v1/object/public/Convent/events/5fd24c3d-7672-4017-b7cc-0fcd2f44bb51/thumbnails/1764721588315_cgoc7n1q3kc.jpg', NULL, NULL, 'general', FALSE, 4, NULL, 'events/5fd24c3d-7672-4017-b7cc-0fcd2f44bb51/original/1764721586875_yx23sg85qu.jpg', 'events/5fd24c3d-7672-4017-b7cc-0fcd2f44bb51/thumbnails/1764721588315_cgoc7n1q3kc.jpg', 1778216, 'AFFV (4).jpg'),
  ('118d55be-15a5-4829-a1cd-93cf8946cbc1', '5fd24c3d-7672-4017-b7cc-0fcd2f44bb51', 'https://plugjsubjcfblzkabjia.supabase.co/storage/v1/object/public/Convent/events/5fd24c3d-7672-4017-b7cc-0fcd2f44bb51/original/1764721591662_3fgr0lwme5c.jpg', 'https://plugjsubjcfblzkabjia.supabase.co/storage/v1/object/public/Convent/events/5fd24c3d-7672-4017-b7cc-0fcd2f44bb51/thumbnails/1764721594593_m5hxp5gubnr.jpg', NULL, NULL, 'general', FALSE, 5, NULL, 'events/5fd24c3d-7672-4017-b7cc-0fcd2f44bb51/original/1764721591662_3fgr0lwme5c.jpg', 'events/5fd24c3d-7672-4017-b7cc-0fcd2f44bb51/thumbnails/1764721594593_m5hxp5gubnr.jpg', 1184775, 'AFFV (60).jpg'),
  ('40a9b8aa-01f7-4fe3-b8e3-113970bd2a0e', '5fd24c3d-7672-4017-b7cc-0fcd2f44bb51', 'https://plugjsubjcfblzkabjia.supabase.co/storage/v1/object/public/Convent/events/5fd24c3d-7672-4017-b7cc-0fcd2f44bb51/original/1764721597631_xrpjq98smbp.jpg', 'https://plugjsubjcfblzkabjia.supabase.co/storage/v1/object/public/Convent/events/5fd24c3d-7672-4017-b7cc-0fcd2f44bb51/thumbnails/1764721599427_jbri731wehd.jpg', NULL, NULL, 'general', FALSE, 6, NULL, 'events/5fd24c3d-7672-4017-b7cc-0fcd2f44bb51/original/1764721597631_xrpjq98smbp.jpg', 'events/5fd24c3d-7672-4017-b7cc-0fcd2f44bb51/thumbnails/1764721599427_jbri731wehd.jpg', 1020923, 'AFFV (61).jpg'),
  ('e5843606-4ad1-425a-a0cc-a6df9c59d353', '5fd24c3d-7672-4017-b7cc-0fcd2f44bb51', 'https://plugjsubjcfblzkabjia.supabase.co/storage/v1/object/public/Convent/events/5fd24c3d-7672-4017-b7cc-0fcd2f44bb51/original/1764721602410_3bs367xxtig.jpg', 'https://plugjsubjcfblzkabjia.supabase.co/storage/v1/object/public/Convent/events/5fd24c3d-7672-4017-b7cc-0fcd2f44bb51/thumbnails/1764721604354_zcdwd1fvwld.jpg', NULL, NULL, 'general', FALSE, 7, NULL, 'events/5fd24c3d-7672-4017-b7cc-0fcd2f44bb51/original/1764721602410_3bs367xxtig.jpg', 'events/5fd24c3d-7672-4017-b7cc-0fcd2f44bb51/thumbnails/1764721604354_zcdwd1fvwld.jpg', 780739, 'AFFV (59).jpg'),
  ('d69bb81b-c872-400e-a807-3853fe61d39a', '5fd24c3d-7672-4017-b7cc-0fcd2f44bb51', 'https://plugjsubjcfblzkabjia.supabase.co/storage/v1/object/public/Convent/events/5fd24c3d-7672-4017-b7cc-0fcd2f44bb51/original/1764721606079_n68naej46pk.jpg', 'https://plugjsubjcfblzkabjia.supabase.co/storage/v1/object/public/Convent/events/5fd24c3d-7672-4017-b7cc-0fcd2f44bb51/thumbnails/1764721607113_cfakttc9sn.jpg', NULL, NULL, 'general', FALSE, 8, NULL, 'events/5fd24c3d-7672-4017-b7cc-0fcd2f44bb51/original/1764721606079_n68naej46pk.jpg', 'events/5fd24c3d-7672-4017-b7cc-0fcd2f44bb51/thumbnails/1764721607113_cfakttc9sn.jpg', 97517, 'AFFV (1).jpg'),
  ('5b61e2dd-a57c-41aa-bceb-cfb00efbf703', '5fd24c3d-7672-4017-b7cc-0fcd2f44bb51', 'https://plugjsubjcfblzkabjia.supabase.co/storage/v1/object/public/Convent/events/5fd24c3d-7672-4017-b7cc-0fcd2f44bb51/original/1764721608823_a6iha8ho949.jpg', 'https://plugjsubjcfblzkabjia.supabase.co/storage/v1/object/public/Convent/events/5fd24c3d-7672-4017-b7cc-0fcd2f44bb51/thumbnails/1764721609843_5dz3kxbudyn.jpg', NULL, NULL, 'general', FALSE, 9, NULL, 'events/5fd24c3d-7672-4017-b7cc-0fcd2f44bb51/original/1764721608823_a6iha8ho949.jpg', 'events/5fd24c3d-7672-4017-b7cc-0fcd2f44bb51/thumbnails/1764721609843_5dz3kxbudyn.jpg', 84150, 'AFFV (2).jpg'),
  ('5e0cd275-2094-49b0-9517-35ae74dc8962', '5fd24c3d-7672-4017-b7cc-0fcd2f44bb51', 'https://plugjsubjcfblzkabjia.supabase.co/storage/v1/object/public/Convent/events/5fd24c3d-7672-4017-b7cc-0fcd2f44bb51/original/1764721546769_f18aurfani9.jpg', 'https://plugjsubjcfblzkabjia.supabase.co/storage/v1/object/public/Convent/events/5fd24c3d-7672-4017-b7cc-0fcd2f44bb51/original/1764721546769_f18aurfani9.jpg', NULL, NULL, 'general', FALSE, 10, NULL, NULL, NULL, NULL, NULL),
  ('8ac2af29-4e4d-4459-8c16-cfe5845a6396', '5fd24c3d-7672-4017-b7cc-0fcd2f44bb51', 'https://plugjsubjcfblzkabjia.supabase.co/storage/v1/object/public/Convent/events/5fd24c3d-7672-4017-b7cc-0fcd2f44bb51/original/1764721554506_ohkv2a3pxg.jpg', 'https://plugjsubjcfblzkabjia.supabase.co/storage/v1/object/public/Convent/events/5fd24c3d-7672-4017-b7cc-0fcd2f44bb51/original/1764721554506_ohkv2a3pxg.jpg', NULL, NULL, 'general', FALSE, 11, NULL, NULL, NULL, NULL, NULL),
  ('3f361159-9353-4225-a5a9-5bf714b28cec', '5fd24c3d-7672-4017-b7cc-0fcd2f44bb51', 'https://plugjsubjcfblzkabjia.supabase.co/storage/v1/object/public/Convent/events/5fd24c3d-7672-4017-b7cc-0fcd2f44bb51/original/1764721569378_6y3t8rj0xjg.jpg', 'https://plugjsubjcfblzkabjia.supabase.co/storage/v1/object/public/Convent/events/5fd24c3d-7672-4017-b7cc-0fcd2f44bb51/original/1764721569378_6y3t8rj0xjg.jpg', NULL, NULL, 'general', FALSE, 12, NULL, NULL, NULL, NULL, NULL),
  ('73df61fd-4167-48a0-9bfd-293808bb9780', '5fd24c3d-7672-4017-b7cc-0fcd2f44bb51', 'https://plugjsubjcfblzkabjia.supabase.co/storage/v1/object/public/Convent/events/5fd24c3d-7672-4017-b7cc-0fcd2f44bb51/original/1764721576364_1zkvkih49k4.jpg', 'https://plugjsubjcfblzkabjia.supabase.co/storage/v1/object/public/Convent/events/5fd24c3d-7672-4017-b7cc-0fcd2f44bb51/original/1764721576364_1zkvkih49k4.jpg', NULL, NULL, 'general', FALSE, 13, NULL, NULL, NULL, NULL, NULL),
  ('f4f39869-14dd-49c1-9e4c-987057557e5c', '5fd24c3d-7672-4017-b7cc-0fcd2f44bb51', 'https://plugjsubjcfblzkabjia.supabase.co/storage/v1/object/public/Convent/events/5fd24c3d-7672-4017-b7cc-0fcd2f44bb51/original/1764721586875_yx23sg85qu.jpg', 'https://plugjsubjcfblzkabjia.supabase.co/storage/v1/object/public/Convent/events/5fd24c3d-7672-4017-b7cc-0fcd2f44bb51/original/1764721586875_yx23sg85qu.jpg', NULL, NULL, 'general', FALSE, 14, NULL, NULL, NULL, NULL, NULL),
  ('e248b551-a9fa-42ad-ab33-99340dcc6b56', '5fd24c3d-7672-4017-b7cc-0fcd2f44bb51', 'https://plugjsubjcfblzkabjia.supabase.co/storage/v1/object/public/Convent/events/5fd24c3d-7672-4017-b7cc-0fcd2f44bb51/original/1764721591662_3fgr0lwme5c.jpg', 'https://plugjsubjcfblzkabjia.supabase.co/storage/v1/object/public/Convent/events/5fd24c3d-7672-4017-b7cc-0fcd2f44bb51/original/1764721591662_3fgr0lwme5c.jpg', NULL, NULL, 'general', FALSE, 15, NULL, NULL, NULL, NULL, NULL),
  ('e87a9956-c52d-4492-b184-46e4e178ac69', '5fd24c3d-7672-4017-b7cc-0fcd2f44bb51', 'https://plugjsubjcfblzkabjia.supabase.co/storage/v1/object/public/Convent/events/5fd24c3d-7672-4017-b7cc-0fcd2f44bb51/original/1764721597631_xrpjq98smbp.jpg', 'https://plugjsubjcfblzkabjia.supabase.co/storage/v1/object/public/Convent/events/5fd24c3d-7672-4017-b7cc-0fcd2f44bb51/original/1764721597631_xrpjq98smbp.jpg', NULL, NULL, 'general', FALSE, 16, NULL, NULL, NULL, NULL, NULL),
  ('faf577c2-2f62-4bb7-962b-42da6a4648ea', '5fd24c3d-7672-4017-b7cc-0fcd2f44bb51', 'https://plugjsubjcfblzkabjia.supabase.co/storage/v1/object/public/Convent/events/5fd24c3d-7672-4017-b7cc-0fcd2f44bb51/original/1764721602410_3bs367xxtig.jpg', 'https://plugjsubjcfblzkabjia.supabase.co/storage/v1/object/public/Convent/events/5fd24c3d-7672-4017-b7cc-0fcd2f44bb51/original/1764721602410_3bs367xxtig.jpg', NULL, NULL, 'general', FALSE, 17, NULL, NULL, NULL, NULL, NULL),
  ('5ae56ed0-7c2e-41ed-876d-26d640593fcb', '5fd24c3d-7672-4017-b7cc-0fcd2f44bb51', 'https://plugjsubjcfblzkabjia.supabase.co/storage/v1/object/public/Convent/events/5fd24c3d-7672-4017-b7cc-0fcd2f44bb51/original/1764721606079_n68naej46pk.jpg', 'https://plugjsubjcfblzkabjia.supabase.co/storage/v1/object/public/Convent/events/5fd24c3d-7672-4017-b7cc-0fcd2f44bb51/original/1764721606079_n68naej46pk.jpg', NULL, NULL, 'general', FALSE, 18, NULL, NULL, NULL, NULL, NULL),
  ('86779fa1-6d61-4032-81ad-4ff351ca6a1a', '5fd24c3d-7672-4017-b7cc-0fcd2f44bb51', 'https://plugjsubjcfblzkabjia.supabase.co/storage/v1/object/public/Convent/events/5fd24c3d-7672-4017-b7cc-0fcd2f44bb51/original/1764721608823_a6iha8ho949.jpg', 'https://plugjsubjcfblzkabjia.supabase.co/storage/v1/object/public/Convent/events/5fd24c3d-7672-4017-b7cc-0fcd2f44bb51/original/1764721608823_a6iha8ho949.jpg', NULL, NULL, 'general', FALSE, 19, NULL, NULL, NULL, NULL, NULL),
  ('3fb3da5a-1a75-4fba-8122-c9e61bdda73b', '5fd24c3d-7672-4017-b7cc-0fcd2f44bb51', 'https://plugjsubjcfblzkabjia.supabase.co/storage/v1/object/public/Convent/events/5fd24c3d-7672-4017-b7cc-0fcd2f44bb51/original/1764722471785_ttv2hwnukq.jpg', 'https://plugjsubjcfblzkabjia.supabase.co/storage/v1/object/public/Convent/events/5fd24c3d-7672-4017-b7cc-0fcd2f44bb51/thumbnails/1764722473329_6qx1glh78bx.jpg', NULL, NULL, 'general', FALSE, 20, NULL, 'events/5fd24c3d-7672-4017-b7cc-0fcd2f44bb51/original/1764722471785_ttv2hwnukq.jpg', 'events/5fd24c3d-7672-4017-b7cc-0fcd2f44bb51/thumbnails/1764722473329_6qx1glh78bx.jpg', 3098071, 'AFFV (20)-min.jpg'),
  ('23232300-f72f-4903-8eda-cbcadb25b3e3', '5fd24c3d-7672-4017-b7cc-0fcd2f44bb51', 'https://plugjsubjcfblzkabjia.supabase.co/storage/v1/object/public/Convent/events/5fd24c3d-7672-4017-b7cc-0fcd2f44bb51/original/1764722476520_10cjj1kb8i3n.jpg', 'https://plugjsubjcfblzkabjia.supabase.co/storage/v1/object/public/Convent/events/5fd24c3d-7672-4017-b7cc-0fcd2f44bb51/thumbnails/1764722478257_xh8ivtufnx.jpg', NULL, NULL, 'general', FALSE, 21, NULL, 'events/5fd24c3d-7672-4017-b7cc-0fcd2f44bb51/original/1764722476520_10cjj1kb8i3n.jpg', 'events/5fd24c3d-7672-4017-b7cc-0fcd2f44bb51/thumbnails/1764722478257_xh8ivtufnx.jpg', 3216460, 'AFFV (21)-min.jpg'),
  ('42d3e947-e4f2-42a6-8012-19925633dfe8', '5fd24c3d-7672-4017-b7cc-0fcd2f44bb51', 'https://plugjsubjcfblzkabjia.supabase.co/storage/v1/object/public/Convent/events/5fd24c3d-7672-4017-b7cc-0fcd2f44bb51/original/1764722479922_13dqcnrz3h1a.jpg', 'https://plugjsubjcfblzkabjia.supabase.co/storage/v1/object/public/Convent/events/5fd24c3d-7672-4017-b7cc-0fcd2f44bb51/thumbnails/1764722480751_9jgdkjizk84.jpg', NULL, NULL, 'general', FALSE, 22, NULL, 'events/5fd24c3d-7672-4017-b7cc-0fcd2f44bb51/original/1764722479922_13dqcnrz3h1a.jpg', 'events/5fd24c3d-7672-4017-b7cc-0fcd2f44bb51/thumbnails/1764722480751_9jgdkjizk84.jpg', 2621156, 'AFFV (31)-min.jpg'),
  ('c3afef18-edef-4c17-803d-4dcd82fadd51', '5fd24c3d-7672-4017-b7cc-0fcd2f44bb51', 'https://plugjsubjcfblzkabjia.supabase.co/storage/v1/object/public/Convent/events/5fd24c3d-7672-4017-b7cc-0fcd2f44bb51/original/1764722485075_vn19osz5qqo.jpg', 'https://plugjsubjcfblzkabjia.supabase.co/storage/v1/object/public/Convent/events/5fd24c3d-7672-4017-b7cc-0fcd2f44bb51/thumbnails/1764722485820_px8g5nmti0j.jpg', NULL, NULL, 'general', FALSE, 23, NULL, 'events/5fd24c3d-7672-4017-b7cc-0fcd2f44bb51/original/1764722485075_vn19osz5qqo.jpg', 'events/5fd24c3d-7672-4017-b7cc-0fcd2f44bb51/thumbnails/1764722485820_px8g5nmti0j.jpg', 2293390, 'AFFV (39)-min.jpg'),
  ('9f9e9ca5-8846-432d-b256-dd2e0df4d5b7', '6db66d4f-a581-4e43-b960-9e8447706595', 'https://plugjsubjcfblzkabjia.supabase.co/storage/v1/object/public/Convent/events/6db66d4f-a581-4e43-b960-9e8447706595/original/1764723637151_g5s2s7p5p.jpg', 'https://plugjsubjcfblzkabjia.supabase.co/storage/v1/object/public/Convent/events/6db66d4f-a581-4e43-b960-9e8447706595/thumbnails/1764723638576_43ya6u5r5zr.jpg', NULL, NULL, 'general', FALSE, 0, NULL, 'events/6db66d4f-a581-4e43-b960-9e8447706595/original/1764723637151_g5s2s7p5p.jpg', 'events/6db66d4f-a581-4e43-b960-9e8447706595/thumbnails/1764723638576_43ya6u5r5zr.jpg', 2485876, 'FurMarket (16).jpg'),
  ('ecc874d3-610e-4d56-bf9a-8492c0a9602a', '6db66d4f-a581-4e43-b960-9e8447706595', 'https://plugjsubjcfblzkabjia.supabase.co/storage/v1/object/public/Convent/events/6db66d4f-a581-4e43-b960-9e8447706595/original/1764723639657_t0cvoz0agz7.jpg', 'https://plugjsubjcfblzkabjia.supabase.co/storage/v1/object/public/Convent/events/6db66d4f-a581-4e43-b960-9e8447706595/thumbnails/1764723641301_3xrweclj5m1.jpg', NULL, NULL, 'general', FALSE, 1, NULL, 'events/6db66d4f-a581-4e43-b960-9e8447706595/original/1764723639657_t0cvoz0agz7.jpg', 'events/6db66d4f-a581-4e43-b960-9e8447706595/thumbnails/1764723641301_3xrweclj5m1.jpg', 2187184, 'FurMarket (15).jpg'),
  ('fef38dc9-289f-42d8-b3cf-2930d75afccd', '6db66d4f-a581-4e43-b960-9e8447706595', 'https://plugjsubjcfblzkabjia.supabase.co/storage/v1/object/public/Convent/events/6db66d4f-a581-4e43-b960-9e8447706595/original/1764723642497_x3l90xqvevf.jpg', 'https://plugjsubjcfblzkabjia.supabase.co/storage/v1/object/public/Convent/events/6db66d4f-a581-4e43-b960-9e8447706595/thumbnails/1764723643350_feln73u05e.jpg', NULL, NULL, 'general', FALSE, 2, NULL, 'events/6db66d4f-a581-4e43-b960-9e8447706595/original/1764723642497_x3l90xqvevf.jpg', 'events/6db66d4f-a581-4e43-b960-9e8447706595/thumbnails/1764723643350_feln73u05e.jpg', 2056851, 'FurMarket (3).jpg'),
  ('2c62150c-5e03-4951-9a71-5221b3566f74', '6db66d4f-a581-4e43-b960-9e8447706595', 'https://plugjsubjcfblzkabjia.supabase.co/storage/v1/object/public/Convent/events/6db66d4f-a581-4e43-b960-9e8447706595/original/1764723644407_wb7h65uujwn.jpg', 'https://plugjsubjcfblzkabjia.supabase.co/storage/v1/object/public/Convent/events/6db66d4f-a581-4e43-b960-9e8447706595/thumbnails/1764723645464_wp11665dzaj.jpg', NULL, NULL, 'general', FALSE, 3, NULL, 'events/6db66d4f-a581-4e43-b960-9e8447706595/original/1764723644407_wb7h65uujwn.jpg', 'events/6db66d4f-a581-4e43-b960-9e8447706595/thumbnails/1764723645464_wp11665dzaj.jpg', 1730369, 'FurMarket (8).jpg'),
  ('98034b6e-6bd5-40ad-a723-57233680db4e', '6db66d4f-a581-4e43-b960-9e8447706595', 'https://plugjsubjcfblzkabjia.supabase.co/storage/v1/object/public/Convent/events/6db66d4f-a581-4e43-b960-9e8447706595/original/1764723646120_9vsrjgz8amc.jpg', 'https://plugjsubjcfblzkabjia.supabase.co/storage/v1/object/public/Convent/events/6db66d4f-a581-4e43-b960-9e8447706595/thumbnails/1764723647305_8q5cwv7taec.jpg', NULL, NULL, 'general', FALSE, 4, NULL, 'events/6db66d4f-a581-4e43-b960-9e8447706595/original/1764723646120_9vsrjgz8amc.jpg', 'events/6db66d4f-a581-4e43-b960-9e8447706595/thumbnails/1764723647305_8q5cwv7taec.jpg', 1428021, 'FurMarket (22).jpg'),
  ('717aab5d-e695-40c3-98df-76d7ebbc7353', '6db66d4f-a581-4e43-b960-9e8447706595', 'https://plugjsubjcfblzkabjia.supabase.co/storage/v1/object/public/Convent/events/6db66d4f-a581-4e43-b960-9e8447706595/original/1764723648384_hsjmwpr5wz.jpg', 'https://plugjsubjcfblzkabjia.supabase.co/storage/v1/object/public/Convent/events/6db66d4f-a581-4e43-b960-9e8447706595/thumbnails/1764723649238_am995xdky88.jpg', NULL, NULL, 'general', FALSE, 5, NULL, 'events/6db66d4f-a581-4e43-b960-9e8447706595/original/1764723648384_hsjmwpr5wz.jpg', 'events/6db66d4f-a581-4e43-b960-9e8447706595/thumbnails/1764723649238_am995xdky88.jpg', 1450857, 'FurMarket (26).jpg'),
  ('1f28eeb9-84b8-4d49-8f7f-f8db67570451', '6db66d4f-a581-4e43-b960-9e8447706595', 'https://plugjsubjcfblzkabjia.supabase.co/storage/v1/object/public/Convent/events/6db66d4f-a581-4e43-b960-9e8447706595/original/1764723650296_afpcod9j92o.jpg', 'https://plugjsubjcfblzkabjia.supabase.co/storage/v1/object/public/Convent/events/6db66d4f-a581-4e43-b960-9e8447706595/thumbnails/1764723650990_m350stamk1a.jpg', NULL, NULL, 'general', FALSE, 6, NULL, 'events/6db66d4f-a581-4e43-b960-9e8447706595/original/1764723650296_afpcod9j92o.jpg', 'events/6db66d4f-a581-4e43-b960-9e8447706595/thumbnails/1764723650990_m350stamk1a.jpg', 1670887, 'FurMarket (6).jpg'),
  ('f214473e-069a-43cd-a39a-a48403383ec6', '6db66d4f-a581-4e43-b960-9e8447706595', 'https://plugjsubjcfblzkabjia.supabase.co/storage/v1/object/public/Convent/events/6db66d4f-a581-4e43-b960-9e8447706595/original/1764723651918_molcj2habh9.jpg', 'https://plugjsubjcfblzkabjia.supabase.co/storage/v1/object/public/Convent/events/6db66d4f-a581-4e43-b960-9e8447706595/thumbnails/1764723652893_8t1tfzhlb5b.jpg', NULL, NULL, 'general', FALSE, 7, NULL, 'events/6db66d4f-a581-4e43-b960-9e8447706595/original/1764723651918_molcj2habh9.jpg', 'events/6db66d4f-a581-4e43-b960-9e8447706595/thumbnails/1764723652893_8t1tfzhlb5b.jpg', 1368553, 'FurMarket (55).jpg'),
  ('2e98577a-530c-43c8-9528-009f520d10b6', '6db66d4f-a581-4e43-b960-9e8447706595', 'https://plugjsubjcfblzkabjia.supabase.co/storage/v1/object/public/Convent/events/6db66d4f-a581-4e43-b960-9e8447706595/original/1764723654222_yx3dt738xt.jpg', 'https://plugjsubjcfblzkabjia.supabase.co/storage/v1/object/public/Convent/events/6db66d4f-a581-4e43-b960-9e8447706595/thumbnails/1764723654707_8kgivmso9yk.jpg', NULL, NULL, 'general', FALSE, 8, NULL, 'events/6db66d4f-a581-4e43-b960-9e8447706595/original/1764723654222_yx3dt738xt.jpg', 'events/6db66d4f-a581-4e43-b960-9e8447706595/thumbnails/1764723654707_8kgivmso9yk.jpg', 1629704, 'FurMarket (5).jpg'),
  ('c3e1b1ec-9222-4f49-b468-5c2f695a331f', '6db66d4f-a581-4e43-b960-9e8447706595', 'https://plugjsubjcfblzkabjia.supabase.co/storage/v1/object/public/Convent/events/6db66d4f-a581-4e43-b960-9e8447706595/original/1764723655369_8i34erennyv.jpg', 'https://plugjsubjcfblzkabjia.supabase.co/storage/v1/object/public/Convent/events/6db66d4f-a581-4e43-b960-9e8447706595/thumbnails/1764723655980_3gxyg9t1w58.jpg', NULL, NULL, 'general', FALSE, 9, NULL, 'events/6db66d4f-a581-4e43-b960-9e8447706595/original/1764723655369_8i34erennyv.jpg', 'events/6db66d4f-a581-4e43-b960-9e8447706595/thumbnails/1764723655980_3gxyg9t1w58.jpg', 1568047, 'FurMarket (1).jpg'),
  ('5e70cb8e-f1c7-410d-896d-198c870845c9', '6db66d4f-a581-4e43-b960-9e8447706595', 'https://plugjsubjcfblzkabjia.supabase.co/storage/v1/object/public/Convent/events/6db66d4f-a581-4e43-b960-9e8447706595/original/1764723656912_40cdmvnp4lx.jpg', 'https://plugjsubjcfblzkabjia.supabase.co/storage/v1/object/public/Convent/events/6db66d4f-a581-4e43-b960-9e8447706595/thumbnails/1764723657854_fygu7gwogbu.jpg', NULL, NULL, 'general', FALSE, 10, NULL, 'events/6db66d4f-a581-4e43-b960-9e8447706595/original/1764723656912_40cdmvnp4lx.jpg', 'events/6db66d4f-a581-4e43-b960-9e8447706595/thumbnails/1764723657854_fygu7gwogbu.jpg', 1564082, 'FurMarket (7).jpg'),
  ('c99da8e1-e9f3-48ea-a6d6-23a6e96f15ba', '6db66d4f-a581-4e43-b960-9e8447706595', 'https://plugjsubjcfblzkabjia.supabase.co/storage/v1/object/public/Convent/events/6db66d4f-a581-4e43-b960-9e8447706595/original/1764723658759_jvzs5wqguua.jpg', 'https://plugjsubjcfblzkabjia.supabase.co/storage/v1/object/public/Convent/events/6db66d4f-a581-4e43-b960-9e8447706595/thumbnails/1764723659622_dxd5dtvcm9d.jpg', NULL, NULL, 'general', FALSE, 11, NULL, 'events/6db66d4f-a581-4e43-b960-9e8447706595/original/1764723658759_jvzs5wqguua.jpg', 'events/6db66d4f-a581-4e43-b960-9e8447706595/thumbnails/1764723659622_dxd5dtvcm9d.jpg', 1550525, 'FurMarket (2).jpg'),
  ('7abf3b0d-98b6-4543-a3f0-820ef601900f', '6db66d4f-a581-4e43-b960-9e8447706595', 'https://plugjsubjcfblzkabjia.supabase.co/storage/v1/object/public/Convent/events/6db66d4f-a581-4e43-b960-9e8447706595/original/1764723660738_idkoq6qe01.jpg', 'https://plugjsubjcfblzkabjia.supabase.co/storage/v1/object/public/Convent/events/6db66d4f-a581-4e43-b960-9e8447706595/thumbnails/1764723661777_fxq050r16tq.jpg', NULL, NULL, 'general', FALSE, 12, NULL, 'events/6db66d4f-a581-4e43-b960-9e8447706595/original/1764723660738_idkoq6qe01.jpg', 'events/6db66d4f-a581-4e43-b960-9e8447706595/thumbnails/1764723661777_fxq050r16tq.jpg', 1543526, 'FurMarket (9).jpg'),
  ('bb2e221b-8592-4bed-9adc-7df25b411c12', '6db66d4f-a581-4e43-b960-9e8447706595', 'https://plugjsubjcfblzkabjia.supabase.co/storage/v1/object/public/Convent/events/6db66d4f-a581-4e43-b960-9e8447706595/original/1764723662538_skz6q9v11x.jpg', 'https://plugjsubjcfblzkabjia.supabase.co/storage/v1/object/public/Convent/events/6db66d4f-a581-4e43-b960-9e8447706595/thumbnails/1764723663312_pd67z8ht10b.jpg', NULL, NULL, 'general', FALSE, 13, NULL, 'events/6db66d4f-a581-4e43-b960-9e8447706595/original/1764723662538_skz6q9v11x.jpg', 'events/6db66d4f-a581-4e43-b960-9e8447706595/thumbnails/1764723663312_pd67z8ht10b.jpg', 1515284, 'FurMarket (4).jpg'),
  ('462cf1b0-0945-489a-9903-9940c42bc69e', '6db66d4f-a581-4e43-b960-9e8447706595', 'https://plugjsubjcfblzkabjia.supabase.co/storage/v1/object/public/Convent/events/6db66d4f-a581-4e43-b960-9e8447706595/original/1764723664666_7x2rjfi27g.jpg', 'https://plugjsubjcfblzkabjia.supabase.co/storage/v1/object/public/Convent/events/6db66d4f-a581-4e43-b960-9e8447706595/thumbnails/1764723665596_0y6lvirz7ofl.jpg', NULL, NULL, 'general', FALSE, 14, NULL, 'events/6db66d4f-a581-4e43-b960-9e8447706595/original/1764723664666_7x2rjfi27g.jpg', 'events/6db66d4f-a581-4e43-b960-9e8447706595/thumbnails/1764723665596_0y6lvirz7ofl.jpg', 1470159, 'FurMarket (18).jpg'),
  ('b16cf165-c579-4952-a366-422ee71044a9', '6db66d4f-a581-4e43-b960-9e8447706595', 'https://plugjsubjcfblzkabjia.supabase.co/storage/v1/object/public/Convent/events/6db66d4f-a581-4e43-b960-9e8447706595/original/1764723666622_71r8j6smzrq.jpg', 'https://plugjsubjcfblzkabjia.supabase.co/storage/v1/object/public/Convent/events/6db66d4f-a581-4e43-b960-9e8447706595/thumbnails/1764723667272_1zqhwkfymqx.jpg', NULL, NULL, 'general', FALSE, 15, NULL, 'events/6db66d4f-a581-4e43-b960-9e8447706595/original/1764723666622_71r8j6smzrq.jpg', 'events/6db66d4f-a581-4e43-b960-9e8447706595/thumbnails/1764723667272_1zqhwkfymqx.jpg', 1402937, 'FurMarket (17).jpg'),
  ('9eb781db-186d-4063-80f2-508d95e69e9d', '6db66d4f-a581-4e43-b960-9e8447706595', 'https://plugjsubjcfblzkabjia.supabase.co/storage/v1/object/public/Convent/events/6db66d4f-a581-4e43-b960-9e8447706595/original/1764723668244_jk9ds3zpoa.jpg', 'https://plugjsubjcfblzkabjia.supabase.co/storage/v1/object/public/Convent/events/6db66d4f-a581-4e43-b960-9e8447706595/thumbnails/1764723669430_qubmjqsmwxb.jpg', NULL, NULL, 'general', FALSE, 16, NULL, 'events/6db66d4f-a581-4e43-b960-9e8447706595/original/1764723668244_jk9ds3zpoa.jpg', 'events/6db66d4f-a581-4e43-b960-9e8447706595/thumbnails/1764723669430_qubmjqsmwxb.jpg', 1315816, 'FurMarket (19).jpg'),
  ('4b6f52ca-d866-48ce-8151-44036d66bca9', '6db66d4f-a581-4e43-b960-9e8447706595', 'https://plugjsubjcfblzkabjia.supabase.co/storage/v1/object/public/Convent/events/6db66d4f-a581-4e43-b960-9e8447706595/original/1764723670208_h3l9opdioct.jpg', 'https://plugjsubjcfblzkabjia.supabase.co/storage/v1/object/public/Convent/events/6db66d4f-a581-4e43-b960-9e8447706595/thumbnails/1764723670981_osw3uwl7foa.jpg', NULL, NULL, 'general', FALSE, 17, NULL, 'events/6db66d4f-a581-4e43-b960-9e8447706595/original/1764723670208_h3l9opdioct.jpg', 'events/6db66d4f-a581-4e43-b960-9e8447706595/thumbnails/1764723670981_osw3uwl7foa.jpg', 1025329, 'FurMarket (39).jpg'),
  ('728cbba5-1d2b-4cf9-8142-1a4a2cbfae25', '6db66d4f-a581-4e43-b960-9e8447706595', 'https://plugjsubjcfblzkabjia.supabase.co/storage/v1/object/public/Convent/events/6db66d4f-a581-4e43-b960-9e8447706595/original/1764723671684_ht4p3o232u.jpg', 'https://plugjsubjcfblzkabjia.supabase.co/storage/v1/object/public/Convent/events/6db66d4f-a581-4e43-b960-9e8447706595/thumbnails/1764723672558_4smox961mox.jpg', NULL, NULL, 'general', FALSE, 18, NULL, 'events/6db66d4f-a581-4e43-b960-9e8447706595/original/1764723671684_ht4p3o232u.jpg', 'events/6db66d4f-a581-4e43-b960-9e8447706595/thumbnails/1764723672558_4smox961mox.jpg', 1004380, 'FurMarket (40).jpg'),
  ('f2aa4303-4b9d-4f29-9fc0-4f6f48a8c865', '6db66d4f-a581-4e43-b960-9e8447706595', 'https://plugjsubjcfblzkabjia.supabase.co/storage/v1/object/public/Convent/events/6db66d4f-a581-4e43-b960-9e8447706595/original/1764723673036_n5suzh2lsr.jpg', 'https://plugjsubjcfblzkabjia.supabase.co/storage/v1/object/public/Convent/events/6db66d4f-a581-4e43-b960-9e8447706595/thumbnails/1764723673947_45tbb4k13wg.jpg', NULL, NULL, 'general', FALSE, 19, NULL, 'events/6db66d4f-a581-4e43-b960-9e8447706595/original/1764723673036_n5suzh2lsr.jpg', 'events/6db66d4f-a581-4e43-b960-9e8447706595/thumbnails/1764723673947_45tbb4k13wg.jpg', 962325, 'FurMarket (13).jpg'),
  ('79b71c4c-0d7d-4956-a252-60c83d6c7d1c', '6db66d4f-a581-4e43-b960-9e8447706595', 'https://plugjsubjcfblzkabjia.supabase.co/storage/v1/object/public/Convent/events/6db66d4f-a581-4e43-b960-9e8447706595/original/1764723674827_z5przh88yte.jpg', 'https://plugjsubjcfblzkabjia.supabase.co/storage/v1/object/public/Convent/events/6db66d4f-a581-4e43-b960-9e8447706595/thumbnails/1764723675548_tkpkcxck57d.jpg', NULL, NULL, 'general', FALSE, 20, NULL, 'events/6db66d4f-a581-4e43-b960-9e8447706595/original/1764723674827_z5przh88yte.jpg', 'events/6db66d4f-a581-4e43-b960-9e8447706595/thumbnails/1764723675548_tkpkcxck57d.jpg', 958106, 'FurMarket (23).jpg'),
  ('99ae2cce-face-4804-976e-1bf043745b90', '6db66d4f-a581-4e43-b960-9e8447706595', 'https://plugjsubjcfblzkabjia.supabase.co/storage/v1/object/public/Convent/events/6db66d4f-a581-4e43-b960-9e8447706595/original/1764723676204_smkila8kh6k.jpg', 'https://plugjsubjcfblzkabjia.supabase.co/storage/v1/object/public/Convent/events/6db66d4f-a581-4e43-b960-9e8447706595/thumbnails/1764723676929_ykurmgjeabl.jpg', NULL, NULL, 'general', FALSE, 21, NULL, 'events/6db66d4f-a581-4e43-b960-9e8447706595/original/1764723676204_smkila8kh6k.jpg', 'events/6db66d4f-a581-4e43-b960-9e8447706595/thumbnails/1764723676929_ykurmgjeabl.jpg', 1010571, 'FurMarket (53).jpg'),
  ('c5a0becd-cd4e-48ed-8946-4094dbc5dec4', '6db66d4f-a581-4e43-b960-9e8447706595', 'https://plugjsubjcfblzkabjia.supabase.co/storage/v1/object/public/Convent/events/6db66d4f-a581-4e43-b960-9e8447706595/original/1764723677542_l6r0grnud48.jpg', 'https://plugjsubjcfblzkabjia.supabase.co/storage/v1/object/public/Convent/events/6db66d4f-a581-4e43-b960-9e8447706595/thumbnails/1764723677993_427utx3mu6m.jpg', NULL, NULL, 'general', FALSE, 22, NULL, 'events/6db66d4f-a581-4e43-b960-9e8447706595/original/1764723677542_l6r0grnud48.jpg', 'events/6db66d4f-a581-4e43-b960-9e8447706595/thumbnails/1764723677993_427utx3mu6m.jpg', 937266, 'FurMarket (25).jpg'),
  ('297fd960-592a-4bfa-a532-3ae465ba4495', '6db66d4f-a581-4e43-b960-9e8447706595', 'https://plugjsubjcfblzkabjia.supabase.co/storage/v1/object/public/Convent/events/6db66d4f-a581-4e43-b960-9e8447706595/original/1764723678883_pud4se7lb89.jpg', 'https://plugjsubjcfblzkabjia.supabase.co/storage/v1/object/public/Convent/events/6db66d4f-a581-4e43-b960-9e8447706595/thumbnails/1764723679569_giu429qbpm4.jpg', NULL, NULL, 'general', FALSE, 23, NULL, 'events/6db66d4f-a581-4e43-b960-9e8447706595/original/1764723678883_pud4se7lb89.jpg', 'events/6db66d4f-a581-4e43-b960-9e8447706595/thumbnails/1764723679569_giu429qbpm4.jpg', 923299, 'FurMarket (20).jpg'),
  ('f930e16c-8f20-45e7-8023-42c6e7617275', '6db66d4f-a581-4e43-b960-9e8447706595', 'https://plugjsubjcfblzkabjia.supabase.co/storage/v1/object/public/Convent/events/6db66d4f-a581-4e43-b960-9e8447706595/original/1764723680353_eu8eu6g8t9p.jpg', 'https://plugjsubjcfblzkabjia.supabase.co/storage/v1/object/public/Convent/events/6db66d4f-a581-4e43-b960-9e8447706595/thumbnails/1764723681077_csmq67n5hx.jpg', NULL, NULL, 'general', FALSE, 24, NULL, 'events/6db66d4f-a581-4e43-b960-9e8447706595/original/1764723680353_eu8eu6g8t9p.jpg', 'events/6db66d4f-a581-4e43-b960-9e8447706595/thumbnails/1764723681077_csmq67n5hx.jpg', 834384, 'FurMarket (21).jpg'),
  ('a121d9b9-1982-49ee-8b86-65d61bdf78dd', '6db66d4f-a581-4e43-b960-9e8447706595', 'https://plugjsubjcfblzkabjia.supabase.co/storage/v1/object/public/Convent/events/6db66d4f-a581-4e43-b960-9e8447706595/original/1764723681554_b919bu6p23u.jpg', 'https://plugjsubjcfblzkabjia.supabase.co/storage/v1/object/public/Convent/events/6db66d4f-a581-4e43-b960-9e8447706595/thumbnails/1764723682294_lyy6vdfnzzr.jpg', NULL, NULL, 'general', FALSE, 25, NULL, 'events/6db66d4f-a581-4e43-b960-9e8447706595/original/1764723681554_b919bu6p23u.jpg', 'events/6db66d4f-a581-4e43-b960-9e8447706595/thumbnails/1764723682294_lyy6vdfnzzr.jpg', 969906, 'FurMarket (47).jpg'),
  ('34934651-81a3-41fa-b99f-8096782c3a0c', '6db66d4f-a581-4e43-b960-9e8447706595', 'https://plugjsubjcfblzkabjia.supabase.co/storage/v1/object/public/Convent/events/6db66d4f-a581-4e43-b960-9e8447706595/original/1764723682964_kyt9efn43c.jpg', 'https://plugjsubjcfblzkabjia.supabase.co/storage/v1/object/public/Convent/events/6db66d4f-a581-4e43-b960-9e8447706595/thumbnails/1764723683612_xmg3q3poow.jpg', NULL, NULL, 'general', FALSE, 26, NULL, 'events/6db66d4f-a581-4e43-b960-9e8447706595/original/1764723682964_kyt9efn43c.jpg', 'events/6db66d4f-a581-4e43-b960-9e8447706595/thumbnails/1764723683612_xmg3q3poow.jpg', 963728, 'FurMarket (45).jpg'),
  ('c3201e3e-0bf3-4986-acdd-82f26ad0cee9', '6db66d4f-a581-4e43-b960-9e8447706595', 'https://plugjsubjcfblzkabjia.supabase.co/storage/v1/object/public/Convent/events/6db66d4f-a581-4e43-b960-9e8447706595/original/1764723684333_bt4wgsg6b6l.jpg', 'https://plugjsubjcfblzkabjia.supabase.co/storage/v1/object/public/Convent/events/6db66d4f-a581-4e43-b960-9e8447706595/thumbnails/1764723684893_jcukg1ouwef.jpg', NULL, NULL, 'general', FALSE, 27, NULL, 'events/6db66d4f-a581-4e43-b960-9e8447706595/original/1764723684333_bt4wgsg6b6l.jpg', 'events/6db66d4f-a581-4e43-b960-9e8447706595/thumbnails/1764723684893_jcukg1ouwef.jpg', 876010, 'FurMarket (12).jpg'),
  ('cbd4c9f4-0e28-4bcf-99ff-fe3815bfaaeb', '6db66d4f-a581-4e43-b960-9e8447706595', 'https://plugjsubjcfblzkabjia.supabase.co/storage/v1/object/public/Convent/events/6db66d4f-a581-4e43-b960-9e8447706595/original/1764723685443_08rj6lw64fre.jpg', 'https://plugjsubjcfblzkabjia.supabase.co/storage/v1/object/public/Convent/events/6db66d4f-a581-4e43-b960-9e8447706595/thumbnails/1764723686103_vvmqepwajgk.jpg', NULL, NULL, 'general', FALSE, 28, NULL, 'events/6db66d4f-a581-4e43-b960-9e8447706595/original/1764723685443_08rj6lw64fre.jpg', 'events/6db66d4f-a581-4e43-b960-9e8447706595/thumbnails/1764723686103_vvmqepwajgk.jpg', 759578, 'FurMarket (24).jpg'),
  ('babd52d4-6fd2-4ceb-9ddf-1f845e78a256', '6db66d4f-a581-4e43-b960-9e8447706595', 'https://plugjsubjcfblzkabjia.supabase.co/storage/v1/object/public/Convent/events/6db66d4f-a581-4e43-b960-9e8447706595/original/1764723686697_nbztweve5fb.jpg', 'https://plugjsubjcfblzkabjia.supabase.co/storage/v1/object/public/Convent/events/6db66d4f-a581-4e43-b960-9e8447706595/thumbnails/1764723687310_67j0mdjyfkv.jpg', NULL, NULL, 'general', FALSE, 29, NULL, 'events/6db66d4f-a581-4e43-b960-9e8447706595/original/1764723686697_nbztweve5fb.jpg', 'events/6db66d4f-a581-4e43-b960-9e8447706595/thumbnails/1764723687310_67j0mdjyfkv.jpg', 919832, 'FurMarket (54).jpg'),
  ('48fa3f8f-22fa-4ed2-ab76-a82cd7708311', '6db66d4f-a581-4e43-b960-9e8447706595', 'https://plugjsubjcfblzkabjia.supabase.co/storage/v1/object/public/Convent/events/6db66d4f-a581-4e43-b960-9e8447706595/original/1764723687949_eqign3cc2n.jpg', 'https://plugjsubjcfblzkabjia.supabase.co/storage/v1/object/public/Convent/events/6db66d4f-a581-4e43-b960-9e8447706595/thumbnails/1764723688587_h79mg6qshv.jpg', NULL, NULL, 'general', FALSE, 30, NULL, 'events/6db66d4f-a581-4e43-b960-9e8447706595/original/1764723687949_eqign3cc2n.jpg', 'events/6db66d4f-a581-4e43-b960-9e8447706595/thumbnails/1764723688587_h79mg6qshv.jpg', 845607, 'FurMarket (52).jpg'),
  ('5400320d-734f-42ca-8825-5264e67a0993', '6db66d4f-a581-4e43-b960-9e8447706595', 'https://plugjsubjcfblzkabjia.supabase.co/storage/v1/object/public/Convent/events/6db66d4f-a581-4e43-b960-9e8447706595/original/1764723689209_80rychix6u9.jpg', 'https://plugjsubjcfblzkabjia.supabase.co/storage/v1/object/public/Convent/events/6db66d4f-a581-4e43-b960-9e8447706595/thumbnails/1764723689877_do8vyhpdinw.jpg', NULL, NULL, 'general', FALSE, 31, NULL, 'events/6db66d4f-a581-4e43-b960-9e8447706595/original/1764723689209_80rychix6u9.jpg', 'events/6db66d4f-a581-4e43-b960-9e8447706595/thumbnails/1764723689877_do8vyhpdinw.jpg', 870709, 'FurMarket (57).jpg'),
  ('31c31979-28bd-4fa4-9b33-c51ac5f221c3', '6db66d4f-a581-4e43-b960-9e8447706595', 'https://plugjsubjcfblzkabjia.supabase.co/storage/v1/object/public/Convent/events/6db66d4f-a581-4e43-b960-9e8447706595/original/1764723690495_siuv3n9mk2p.jpg', 'https://plugjsubjcfblzkabjia.supabase.co/storage/v1/object/public/Convent/events/6db66d4f-a581-4e43-b960-9e8447706595/thumbnails/1764723691142_ha0m6lucqoi.jpg', NULL, NULL, 'general', FALSE, 32, NULL, 'events/6db66d4f-a581-4e43-b960-9e8447706595/original/1764723690495_siuv3n9mk2p.jpg', 'events/6db66d4f-a581-4e43-b960-9e8447706595/thumbnails/1764723691142_ha0m6lucqoi.jpg', 815370, 'FurMarket (10).jpg'),
  ('107c2610-a2b4-4684-8675-025b45102774', '6db66d4f-a581-4e43-b960-9e8447706595', 'https://plugjsubjcfblzkabjia.supabase.co/storage/v1/object/public/Convent/events/6db66d4f-a581-4e43-b960-9e8447706595/original/1764723691541_uwv6zqpq0p.jpg', 'https://plugjsubjcfblzkabjia.supabase.co/storage/v1/object/public/Convent/events/6db66d4f-a581-4e43-b960-9e8447706595/thumbnails/1764723692166_hmzwkdbmwj4.jpg', NULL, NULL, 'general', FALSE, 33, NULL, 'events/6db66d4f-a581-4e43-b960-9e8447706595/original/1764723691541_uwv6zqpq0p.jpg', 'events/6db66d4f-a581-4e43-b960-9e8447706595/thumbnails/1764723692166_hmzwkdbmwj4.jpg', 733340, 'FurMarket (11).jpg'),
  ('48ce572b-1221-4ad1-9b23-b72c4a4b8fcd', '6db66d4f-a581-4e43-b960-9e8447706595', 'https://plugjsubjcfblzkabjia.supabase.co/storage/v1/object/public/Convent/events/6db66d4f-a581-4e43-b960-9e8447706595/original/1764723692568_rgjjgl4b0ca.jpg', 'https://plugjsubjcfblzkabjia.supabase.co/storage/v1/object/public/Convent/events/6db66d4f-a581-4e43-b960-9e8447706595/thumbnails/1764723693126_ihyxps243d.jpg', NULL, NULL, 'general', FALSE, 34, NULL, 'events/6db66d4f-a581-4e43-b960-9e8447706595/original/1764723692568_rgjjgl4b0ca.jpg', 'events/6db66d4f-a581-4e43-b960-9e8447706595/thumbnails/1764723693126_ihyxps243d.jpg', 590227, 'FurMarket (48).jpg'),
  ('ef052652-3f89-4101-828d-cc0e8b271939', '6db66d4f-a581-4e43-b960-9e8447706595', 'https://plugjsubjcfblzkabjia.supabase.co/storage/v1/object/public/Convent/events/6db66d4f-a581-4e43-b960-9e8447706595/original/1764723693577_g9ilwn8nbvj.jpg', 'https://plugjsubjcfblzkabjia.supabase.co/storage/v1/object/public/Convent/events/6db66d4f-a581-4e43-b960-9e8447706595/thumbnails/1764723694138_0r4ruojgvi9m.jpg', NULL, NULL, 'general', FALSE, 35, NULL, 'events/6db66d4f-a581-4e43-b960-9e8447706595/original/1764723693577_g9ilwn8nbvj.jpg', 'events/6db66d4f-a581-4e43-b960-9e8447706595/thumbnails/1764723694138_0r4ruojgvi9m.jpg', 712472, 'FurMarket (56).jpg'),
  ('1261017a-4f0a-45ab-982b-0f231c5eb604', '6db66d4f-a581-4e43-b960-9e8447706595', 'https://plugjsubjcfblzkabjia.supabase.co/storage/v1/object/public/Convent/events/6db66d4f-a581-4e43-b960-9e8447706595/original/1764723694631_sqvx2hcrd2f.jpg', 'https://plugjsubjcfblzkabjia.supabase.co/storage/v1/object/public/Convent/events/6db66d4f-a581-4e43-b960-9e8447706595/thumbnails/1764723695112_rp3b36eyaz.jpg', NULL, NULL, 'general', FALSE, 36, NULL, 'events/6db66d4f-a581-4e43-b960-9e8447706595/original/1764723694631_sqvx2hcrd2f.jpg', 'events/6db66d4f-a581-4e43-b960-9e8447706595/thumbnails/1764723695112_rp3b36eyaz.jpg', 694890, 'FurMarket (51).jpg'),
  ('2b429261-d586-42ef-b58b-4943cd45176d', '6db66d4f-a581-4e43-b960-9e8447706595', 'https://plugjsubjcfblzkabjia.supabase.co/storage/v1/object/public/Convent/events/6db66d4f-a581-4e43-b960-9e8447706595/original/1764723695592_o5ade27uo5.jpg', 'https://plugjsubjcfblzkabjia.supabase.co/storage/v1/object/public/Convent/events/6db66d4f-a581-4e43-b960-9e8447706595/thumbnails/1764723696171_rs50gr4fxk9.jpg', NULL, NULL, 'general', FALSE, 37, NULL, 'events/6db66d4f-a581-4e43-b960-9e8447706595/original/1764723695592_o5ade27uo5.jpg', 'events/6db66d4f-a581-4e43-b960-9e8447706595/thumbnails/1764723696171_rs50gr4fxk9.jpg', 651192, 'FurMarket (46).jpg'),
  ('1fb5bd3c-87d5-47b2-a3b0-7d87b532cf10', '6db66d4f-a581-4e43-b960-9e8447706595', 'https://plugjsubjcfblzkabjia.supabase.co/storage/v1/object/public/Convent/events/6db66d4f-a581-4e43-b960-9e8447706595/original/1764723696592_u6oyletwmph.jpg', 'https://plugjsubjcfblzkabjia.supabase.co/storage/v1/object/public/Convent/events/6db66d4f-a581-4e43-b960-9e8447706595/thumbnails/1764723697210_bkib9upzlgw.jpg', NULL, NULL, 'general', FALSE, 38, NULL, 'events/6db66d4f-a581-4e43-b960-9e8447706595/original/1764723696592_u6oyletwmph.jpg', 'events/6db66d4f-a581-4e43-b960-9e8447706595/thumbnails/1764723697210_bkib9upzlgw.jpg', 628772, 'FurMarket (50).jpg'),
  ('e498565b-7359-41f0-8f76-294f201595ec', '6db66d4f-a581-4e43-b960-9e8447706595', 'https://plugjsubjcfblzkabjia.supabase.co/storage/v1/object/public/Convent/events/6db66d4f-a581-4e43-b960-9e8447706595/original/1764723697541_nx1ynx8wqkm.jpg', 'https://plugjsubjcfblzkabjia.supabase.co/storage/v1/object/public/Convent/events/6db66d4f-a581-4e43-b960-9e8447706595/thumbnails/1764723698118_r2uien5nwoi.jpg', NULL, NULL, 'general', FALSE, 39, NULL, 'events/6db66d4f-a581-4e43-b960-9e8447706595/original/1764723697541_nx1ynx8wqkm.jpg', 'events/6db66d4f-a581-4e43-b960-9e8447706595/thumbnails/1764723698118_r2uien5nwoi.jpg', 495122, 'FurMarket (49).jpg'),
  ('3aad5c86-3869-4be9-95c6-c6eca2f44790', '6db66d4f-a581-4e43-b960-9e8447706595', 'https://plugjsubjcfblzkabjia.supabase.co/storage/v1/object/public/Convent/events/6db66d4f-a581-4e43-b960-9e8447706595/original/1764723698452_qyio01bzisf.jpg', 'https://plugjsubjcfblzkabjia.supabase.co/storage/v1/object/public/Convent/events/6db66d4f-a581-4e43-b960-9e8447706595/thumbnails/1764723698881_35fkaf8btid.jpg', NULL, NULL, 'general', FALSE, 40, NULL, 'events/6db66d4f-a581-4e43-b960-9e8447706595/original/1764723698452_qyio01bzisf.jpg', 'events/6db66d4f-a581-4e43-b960-9e8447706595/thumbnails/1764723698881_35fkaf8btid.jpg', 316580, 'FurMarket (42).jpg'),
  ('05807b71-0372-49f3-a1be-f7da46eff408', '6db66d4f-a581-4e43-b960-9e8447706595', 'https://plugjsubjcfblzkabjia.supabase.co/storage/v1/object/public/Convent/events/6db66d4f-a581-4e43-b960-9e8447706595/original/1764723699263_pkarg5z7acb.jpg', 'https://plugjsubjcfblzkabjia.supabase.co/storage/v1/object/public/Convent/events/6db66d4f-a581-4e43-b960-9e8447706595/thumbnails/1764723699652_4kn0ylaqmda.jpg', NULL, NULL, 'general', FALSE, 41, NULL, 'events/6db66d4f-a581-4e43-b960-9e8447706595/original/1764723699263_pkarg5z7acb.jpg', 'events/6db66d4f-a581-4e43-b960-9e8447706595/thumbnails/1764723699652_4kn0ylaqmda.jpg', 244413, 'FurMarket (33).jpg'),
  ('50922a09-994c-4482-bc51-b22d08c796f7', '6db66d4f-a581-4e43-b960-9e8447706595', 'https://plugjsubjcfblzkabjia.supabase.co/storage/v1/object/public/Convent/events/6db66d4f-a581-4e43-b960-9e8447706595/original/1764723699971_727uq8g7awk.jpg', 'https://plugjsubjcfblzkabjia.supabase.co/storage/v1/object/public/Convent/events/6db66d4f-a581-4e43-b960-9e8447706595/thumbnails/1764723700381_5xj3yuyefr4.jpg', NULL, NULL, 'general', FALSE, 42, NULL, 'events/6db66d4f-a581-4e43-b960-9e8447706595/original/1764723699971_727uq8g7awk.jpg', 'events/6db66d4f-a581-4e43-b960-9e8447706595/thumbnails/1764723700381_5xj3yuyefr4.jpg', 200018, 'FurMarket (36).jpg'),
  ('3bd1c646-a8fb-4f6f-b825-bc68b1e39423', '6db66d4f-a581-4e43-b960-9e8447706595', 'https://plugjsubjcfblzkabjia.supabase.co/storage/v1/object/public/Convent/events/6db66d4f-a581-4e43-b960-9e8447706595/original/1764723700744_q746pfua8g.jpg', 'https://plugjsubjcfblzkabjia.supabase.co/storage/v1/object/public/Convent/events/6db66d4f-a581-4e43-b960-9e8447706595/thumbnails/1764723701115_3agmnxdif8y.jpg', NULL, NULL, 'general', FALSE, 43, NULL, 'events/6db66d4f-a581-4e43-b960-9e8447706595/original/1764723700744_q746pfua8g.jpg', 'events/6db66d4f-a581-4e43-b960-9e8447706595/thumbnails/1764723701115_3agmnxdif8y.jpg', 195438, 'FurMarket (28).jpg'),
  ('4d01e0fc-bffb-4cc3-ac88-de07be1cd8c8', '6db66d4f-a581-4e43-b960-9e8447706595', 'https://plugjsubjcfblzkabjia.supabase.co/storage/v1/object/public/Convent/events/6db66d4f-a581-4e43-b960-9e8447706595/original/1764723701490_587n7z7aqe4.jpg', 'https://plugjsubjcfblzkabjia.supabase.co/storage/v1/object/public/Convent/events/6db66d4f-a581-4e43-b960-9e8447706595/thumbnails/1764723701925_3hkldvk5l1c.jpg', NULL, NULL, 'general', FALSE, 44, NULL, 'events/6db66d4f-a581-4e43-b960-9e8447706595/original/1764723701490_587n7z7aqe4.jpg', 'events/6db66d4f-a581-4e43-b960-9e8447706595/thumbnails/1764723701925_3hkldvk5l1c.jpg', 178648, 'FurMarket (34).jpg'),
  ('1bb22513-2ff2-4f53-90ce-ac1a87335990', '6db66d4f-a581-4e43-b960-9e8447706595', 'https://plugjsubjcfblzkabjia.supabase.co/storage/v1/object/public/Convent/events/6db66d4f-a581-4e43-b960-9e8447706595/original/1764723702244_gnyimvxa3w5.jpg', 'https://plugjsubjcfblzkabjia.supabase.co/storage/v1/object/public/Convent/events/6db66d4f-a581-4e43-b960-9e8447706595/thumbnails/1764723702637_xyurpyp1wf.jpg', NULL, NULL, 'general', FALSE, 45, NULL, 'events/6db66d4f-a581-4e43-b960-9e8447706595/original/1764723702244_gnyimvxa3w5.jpg', 'events/6db66d4f-a581-4e43-b960-9e8447706595/thumbnails/1764723702637_xyurpyp1wf.jpg', 176817, 'FurMarket (37).jpg'),
  ('7adccb99-255f-4abe-a40c-ec9d91606939', '6db66d4f-a581-4e43-b960-9e8447706595', 'https://plugjsubjcfblzkabjia.supabase.co/storage/v1/object/public/Convent/events/6db66d4f-a581-4e43-b960-9e8447706595/original/1764723702942_omwbycumtig.jpg', 'https://plugjsubjcfblzkabjia.supabase.co/storage/v1/object/public/Convent/events/6db66d4f-a581-4e43-b960-9e8447706595/thumbnails/1764723704080_2jda0l6lsk6.jpg', NULL, NULL, 'general', FALSE, 46, NULL, 'events/6db66d4f-a581-4e43-b960-9e8447706595/original/1764723702942_omwbycumtig.jpg', 'events/6db66d4f-a581-4e43-b960-9e8447706595/thumbnails/1764723704080_2jda0l6lsk6.jpg', 172989, 'FurMarket (32).jpg'),
  ('4483077c-6fcd-4e5c-8c70-a58582de592e', '6db66d4f-a581-4e43-b960-9e8447706595', 'https://plugjsubjcfblzkabjia.supabase.co/storage/v1/object/public/Convent/events/6db66d4f-a581-4e43-b960-9e8447706595/original/1764723704445_43mipoq7lmj.jpg', 'https://plugjsubjcfblzkabjia.supabase.co/storage/v1/object/public/Convent/events/6db66d4f-a581-4e43-b960-9e8447706595/thumbnails/1764723704847_1tatus2m1bf.jpg', NULL, NULL, 'general', FALSE, 47, NULL, 'events/6db66d4f-a581-4e43-b960-9e8447706595/original/1764723704445_43mipoq7lmj.jpg', 'events/6db66d4f-a581-4e43-b960-9e8447706595/thumbnails/1764723704847_1tatus2m1bf.jpg', 170658, 'FurMarket (35).jpg'),
  ('86ae0ff2-8d62-425a-8426-7e8444e90305', '6db66d4f-a581-4e43-b960-9e8447706595', 'https://plugjsubjcfblzkabjia.supabase.co/storage/v1/object/public/Convent/events/6db66d4f-a581-4e43-b960-9e8447706595/original/1764723705164_wc2ly5ffi4l.jpg', 'https://plugjsubjcfblzkabjia.supabase.co/storage/v1/object/public/Convent/events/6db66d4f-a581-4e43-b960-9e8447706595/thumbnails/1764723705544_s25blj9si2.jpg', NULL, NULL, 'general', FALSE, 48, NULL, 'events/6db66d4f-a581-4e43-b960-9e8447706595/original/1764723705164_wc2ly5ffi4l.jpg', 'events/6db66d4f-a581-4e43-b960-9e8447706595/thumbnails/1764723705544_s25blj9si2.jpg', 170288, 'FurMarket (27).jpg'),
  ('e0fcca1a-e2f4-43e6-b981-7b9cb92dfebf', '6db66d4f-a581-4e43-b960-9e8447706595', 'https://plugjsubjcfblzkabjia.supabase.co/storage/v1/object/public/Convent/events/6db66d4f-a581-4e43-b960-9e8447706595/original/1764723705869_6v6yjl50aq.jpg', 'https://plugjsubjcfblzkabjia.supabase.co/storage/v1/object/public/Convent/events/6db66d4f-a581-4e43-b960-9e8447706595/thumbnails/1764723706257_akdicoyxyhk.jpg', NULL, NULL, 'general', FALSE, 49, NULL, 'events/6db66d4f-a581-4e43-b960-9e8447706595/original/1764723705869_6v6yjl50aq.jpg', 'events/6db66d4f-a581-4e43-b960-9e8447706595/thumbnails/1764723706257_akdicoyxyhk.jpg', 151639, 'FurMarket (41).jpg'),
  ('3ab255c6-242f-49c8-8580-5b659045a960', '6db66d4f-a581-4e43-b960-9e8447706595', 'https://plugjsubjcfblzkabjia.supabase.co/storage/v1/object/public/Convent/events/6db66d4f-a581-4e43-b960-9e8447706595/original/1764723706590_sk50zyuw6m.jpg', 'https://plugjsubjcfblzkabjia.supabase.co/storage/v1/object/public/Convent/events/6db66d4f-a581-4e43-b960-9e8447706595/thumbnails/1764723707015_t8354m9ag.jpg', NULL, NULL, 'general', FALSE, 50, NULL, 'events/6db66d4f-a581-4e43-b960-9e8447706595/original/1764723706590_sk50zyuw6m.jpg', 'events/6db66d4f-a581-4e43-b960-9e8447706595/thumbnails/1764723707015_t8354m9ag.jpg', 149817, 'FurMarket (29).jpg'),
  ('013a156d-347c-4413-82d8-3f7dc481a7c4', '6db66d4f-a581-4e43-b960-9e8447706595', 'https://plugjsubjcfblzkabjia.supabase.co/storage/v1/object/public/Convent/events/6db66d4f-a581-4e43-b960-9e8447706595/original/1764723707381_5ozvhfhc8k.jpg', 'https://plugjsubjcfblzkabjia.supabase.co/storage/v1/object/public/Convent/events/6db66d4f-a581-4e43-b960-9e8447706595/thumbnails/1764723707742_b1l5wbcpm6.jpg', NULL, NULL, 'general', FALSE, 51, NULL, 'events/6db66d4f-a581-4e43-b960-9e8447706595/original/1764723707381_5ozvhfhc8k.jpg', 'events/6db66d4f-a581-4e43-b960-9e8447706595/thumbnails/1764723707742_b1l5wbcpm6.jpg', 140555, 'FurMarket (38).jpg'),
  ('0d28f2a5-6855-4c81-8a0c-deaa82c5176f', '6db66d4f-a581-4e43-b960-9e8447706595', 'https://plugjsubjcfblzkabjia.supabase.co/storage/v1/object/public/Convent/events/6db66d4f-a581-4e43-b960-9e8447706595/original/1764723708037_41tdn04z82u.jpg', 'https://plugjsubjcfblzkabjia.supabase.co/storage/v1/object/public/Convent/events/6db66d4f-a581-4e43-b960-9e8447706595/thumbnails/1764723708407_uu4r7vfw6mp.jpg', NULL, NULL, 'general', FALSE, 52, NULL, 'events/6db66d4f-a581-4e43-b960-9e8447706595/original/1764723708037_41tdn04z82u.jpg', 'events/6db66d4f-a581-4e43-b960-9e8447706595/thumbnails/1764723708407_uu4r7vfw6mp.jpg', 134226, 'FurMarket (30).jpg'),
  ('f578a9c8-d15f-4202-91ce-312e8dfdfd36', '6db66d4f-a581-4e43-b960-9e8447706595', 'https://plugjsubjcfblzkabjia.supabase.co/storage/v1/object/public/Convent/events/6db66d4f-a581-4e43-b960-9e8447706595/original/1764723708745_rmlpn4xzmae.jpg', 'https://plugjsubjcfblzkabjia.supabase.co/storage/v1/object/public/Convent/events/6db66d4f-a581-4e43-b960-9e8447706595/thumbnails/1764723709087_0hb5xal8e4c.jpg', NULL, NULL, 'general', FALSE, 53, NULL, 'events/6db66d4f-a581-4e43-b960-9e8447706595/original/1764723708745_rmlpn4xzmae.jpg', 'events/6db66d4f-a581-4e43-b960-9e8447706595/thumbnails/1764723709087_0hb5xal8e4c.jpg', 131791, 'FurMarket (44).jpg'),
  ('d5014428-06ca-42f1-a55c-ab4c75723337', '6db66d4f-a581-4e43-b960-9e8447706595', 'https://plugjsubjcfblzkabjia.supabase.co/storage/v1/object/public/Convent/events/6db66d4f-a581-4e43-b960-9e8447706595/original/1764723709417_3jfp1tblxl6.jpg', 'https://plugjsubjcfblzkabjia.supabase.co/storage/v1/object/public/Convent/events/6db66d4f-a581-4e43-b960-9e8447706595/thumbnails/1764723709876_kgehxgnftx.jpg', NULL, NULL, 'general', FALSE, 54, NULL, 'events/6db66d4f-a581-4e43-b960-9e8447706595/original/1764723709417_3jfp1tblxl6.jpg', 'events/6db66d4f-a581-4e43-b960-9e8447706595/thumbnails/1764723709876_kgehxgnftx.jpg', 131071, 'FurMarket (43).jpg'),
  ('da42f874-044d-4677-bf6a-d7e018cbb0ef', 'b480090e-1061-4287-8d2b-def56df7bf75', 'https://plugjsubjcfblzkabjia.supabase.co/storage/v1/object/public/Convent/events/b480090e-1061-4287-8d2b-def56df7bf75/original/1765069866248_c9jcu9702ht.jpg', 'https://plugjsubjcfblzkabjia.supabase.co/storage/v1/object/public/Convent/events/b480090e-1061-4287-8d2b-def56df7bf75/thumbnails/1765069867283_mtr1qa6blh.jpg', NULL, NULL, 'general', FALSE, 0, NULL, 'events/b480090e-1061-4287-8d2b-def56df7bf75/original/1765069866248_c9jcu9702ht.jpg', 'events/b480090e-1061-4287-8d2b-def56df7bf75/thumbnails/1765069867283_mtr1qa6blh.jpg', 676965, 'photo_2025-12-07_04-01-06.jpg'),
  ('40d82697-8625-470a-b094-1a5cc0051142', 'b480090e-1061-4287-8d2b-def56df7bf75', 'https://plugjsubjcfblzkabjia.supabase.co/storage/v1/object/public/Convent/events/b480090e-1061-4287-8d2b-def56df7bf75/original/1765069867596_d5igvnpmvu.jpg', 'https://plugjsubjcfblzkabjia.supabase.co/storage/v1/object/public/Convent/events/b480090e-1061-4287-8d2b-def56df7bf75/thumbnails/1765069868210_byw7zghx7tj.jpg', NULL, NULL, 'general', FALSE, 1, NULL, 'events/b480090e-1061-4287-8d2b-def56df7bf75/original/1765069867596_d5igvnpmvu.jpg', 'events/b480090e-1061-4287-8d2b-def56df7bf75/thumbnails/1765069868210_byw7zghx7tj.jpg', 79195, 'photo_2025-12-07_02-02-03.jpg'),
  ('54e4e20b-626c-42ce-a86d-74b9fd7f1eda', 'b480090e-1061-4287-8d2b-def56df7bf75', 'https://plugjsubjcfblzkabjia.supabase.co/storage/v1/object/public/Convent/events/b480090e-1061-4287-8d2b-def56df7bf75/original/1765069868639_8r489bigzdg.jpg', 'https://plugjsubjcfblzkabjia.supabase.co/storage/v1/object/public/Convent/events/b480090e-1061-4287-8d2b-def56df7bf75/thumbnails/1765069869771_jiqddpa6sr.jpg', NULL, NULL, 'general', FALSE, 2, NULL, 'events/b480090e-1061-4287-8d2b-def56df7bf75/original/1765069868639_8r489bigzdg.jpg', 'events/b480090e-1061-4287-8d2b-def56df7bf75/thumbnails/1765069869771_jiqddpa6sr.jpg', 1013054, '20251206_185511.jpg'),
  ('7b0a1be7-a71c-43e3-bb0e-5138a8a1994a', 'b480090e-1061-4287-8d2b-def56df7bf75', 'https://plugjsubjcfblzkabjia.supabase.co/storage/v1/object/public/Convent/events/b480090e-1061-4287-8d2b-def56df7bf75/original/1765069870376_6nwe6u61ly6.jpg', 'https://plugjsubjcfblzkabjia.supabase.co/storage/v1/object/public/Convent/events/b480090e-1061-4287-8d2b-def56df7bf75/thumbnails/1765069872089_ywxnrr58hnc.jpg', NULL, NULL, 'general', FALSE, 3, NULL, 'events/b480090e-1061-4287-8d2b-def56df7bf75/original/1765069870376_6nwe6u61ly6.jpg', 'events/b480090e-1061-4287-8d2b-def56df7bf75/thumbnails/1765069872089_ywxnrr58hnc.jpg', 2433108, '20251206_185508.jpg'),
  ('33c9d854-975e-4478-aa6a-5d5aa22b682c', 'b480090e-1061-4287-8d2b-def56df7bf75', 'https://plugjsubjcfblzkabjia.supabase.co/storage/v1/object/public/Convent/events/b480090e-1061-4287-8d2b-def56df7bf75/original/1765069872749_0lt4n6vbxesm.jpg', 'https://plugjsubjcfblzkabjia.supabase.co/storage/v1/object/public/Convent/events/b480090e-1061-4287-8d2b-def56df7bf75/thumbnails/1765069873619_drxwut9uj2u.jpg', NULL, NULL, 'general', FALSE, 4, NULL, 'events/b480090e-1061-4287-8d2b-def56df7bf75/original/1765069872749_0lt4n6vbxesm.jpg', 'events/b480090e-1061-4287-8d2b-def56df7bf75/thumbnails/1765069873619_drxwut9uj2u.jpg', 1806236, '20251206_214242.jpg'),
  ('ec770591-5348-4bb7-aaf8-997e1b14cc01', 'b480090e-1061-4287-8d2b-def56df7bf75', 'https://plugjsubjcfblzkabjia.supabase.co/storage/v1/object/public/Convent/events/b480090e-1061-4287-8d2b-def56df7bf75/original/1765069874246_a1381ikvb0v.jpg', 'https://plugjsubjcfblzkabjia.supabase.co/storage/v1/object/public/Convent/events/b480090e-1061-4287-8d2b-def56df7bf75/thumbnails/1765069875330_6ickrfnvbo2.jpg', NULL, NULL, 'general', FALSE, 5, NULL, 'events/b480090e-1061-4287-8d2b-def56df7bf75/original/1765069874246_a1381ikvb0v.jpg', 'events/b480090e-1061-4287-8d2b-def56df7bf75/thumbnails/1765069875330_6ickrfnvbo2.jpg', 1833157, '20251206_214241.jpg'),
  ('9ce37442-9ec3-4ce2-a54e-e8249d26df95', '3e243bed-cc5b-49ff-9115-45bc09b21cad', 'https://plugjsubjcfblzkabjia.supabase.co/storage/v1/object/public/Convent/events/3e243bed-cc5b-49ff-9115-45bc09b21cad/original/1765140650735_513ezb9yozv.jpg', 'https://plugjsubjcfblzkabjia.supabase.co/storage/v1/object/public/Convent/events/3e243bed-cc5b-49ff-9115-45bc09b21cad/thumbnails/1765140651696_aujfvn8t4os.jpg', NULL, NULL, 'general', FALSE, 1, NULL, 'events/3e243bed-cc5b-49ff-9115-45bc09b21cad/original/1765140650735_513ezb9yozv.jpg', 'events/3e243bed-cc5b-49ff-9115-45bc09b21cad/thumbnails/1765140651696_aujfvn8t4os.jpg', 1419219, '20250531_150034.jpg'),
  ('246ddbd8-52c0-4520-83df-955dce6ef0e9', '3e243bed-cc5b-49ff-9115-45bc09b21cad', 'https://plugjsubjcfblzkabjia.supabase.co/storage/v1/object/public/Convent/events/3e243bed-cc5b-49ff-9115-45bc09b21cad/original/1765140652500_mkluddmkv7n.jpg', 'https://plugjsubjcfblzkabjia.supabase.co/storage/v1/object/public/Convent/events/3e243bed-cc5b-49ff-9115-45bc09b21cad/thumbnails/1765140653265_grdchgehwtf.jpg', NULL, NULL, 'general', FALSE, 2, NULL, 'events/3e243bed-cc5b-49ff-9115-45bc09b21cad/original/1765140652500_mkluddmkv7n.jpg', 'events/3e243bed-cc5b-49ff-9115-45bc09b21cad/thumbnails/1765140653265_grdchgehwtf.jpg', 2027528, '20250531_150038.jpg'),
  ('80005192-d6b5-48e8-9f13-34fc5278614f', '3e243bed-cc5b-49ff-9115-45bc09b21cad', 'https://plugjsubjcfblzkabjia.supabase.co/storage/v1/object/public/Convent/events/3e243bed-cc5b-49ff-9115-45bc09b21cad/original/1765140654081_6v8ekhg25c.jpg', 'https://plugjsubjcfblzkabjia.supabase.co/storage/v1/object/public/Convent/events/3e243bed-cc5b-49ff-9115-45bc09b21cad/thumbnails/1765140655464_ywg0bwoc23m.jpg', NULL, NULL, 'general', FALSE, 3, NULL, 'events/3e243bed-cc5b-49ff-9115-45bc09b21cad/original/1765140654081_6v8ekhg25c.jpg', 'events/3e243bed-cc5b-49ff-9115-45bc09b21cad/thumbnails/1765140655464_ywg0bwoc23m.jpg', 3054243, '20250531_151915.jpg'),
  ('b7dc7c24-0114-47de-a374-ae9ba9d6dbcd', '3e243bed-cc5b-49ff-9115-45bc09b21cad', 'https://plugjsubjcfblzkabjia.supabase.co/storage/v1/object/public/Convent/events/3e243bed-cc5b-49ff-9115-45bc09b21cad/original/1765140662073_8rc8xp14ko6.jpg', 'https://plugjsubjcfblzkabjia.supabase.co/storage/v1/object/public/Convent/events/3e243bed-cc5b-49ff-9115-45bc09b21cad/thumbnails/1765140663226_1inmp7zv7ng.jpg', NULL, NULL, 'general', FALSE, 5, NULL, 'events/3e243bed-cc5b-49ff-9115-45bc09b21cad/original/1765140662073_8rc8xp14ko6.jpg', 'events/3e243bed-cc5b-49ff-9115-45bc09b21cad/thumbnails/1765140663226_1inmp7zv7ng.jpg', 3532272, '20250531_152259.jpg'),
  ('2becb4ca-c0e3-4f03-b205-479fec88fc7e', '3e243bed-cc5b-49ff-9115-45bc09b21cad', 'https://plugjsubjcfblzkabjia.supabase.co/storage/v1/object/public/Convent/events/3e243bed-cc5b-49ff-9115-45bc09b21cad/original/1765140695852_glarnzxt1ni.jpg', 'https://plugjsubjcfblzkabjia.supabase.co/storage/v1/object/public/Convent/events/3e243bed-cc5b-49ff-9115-45bc09b21cad/thumbnails/1765140696915_lcknpzrdojo.jpg', NULL, NULL, 'general', FALSE, 11, NULL, 'events/3e243bed-cc5b-49ff-9115-45bc09b21cad/original/1765140695852_glarnzxt1ni.jpg', 'events/3e243bed-cc5b-49ff-9115-45bc09b21cad/thumbnails/1765140696915_lcknpzrdojo.jpg', 1334522, '20250531_152343(1).jpg'),
  ('6b31b95b-f9ce-49c5-95d3-8be07cdb2307', '3e243bed-cc5b-49ff-9115-45bc09b21cad', 'https://plugjsubjcfblzkabjia.supabase.co/storage/v1/object/public/Convent/events/3e243bed-cc5b-49ff-9115-45bc09b21cad/original/1765140713687_41n4rdwa9v2.jpg', 'https://plugjsubjcfblzkabjia.supabase.co/storage/v1/object/public/Convent/events/3e243bed-cc5b-49ff-9115-45bc09b21cad/thumbnails/1765140716386_wlqd32r8p7q.jpg', NULL, NULL, 'general', FALSE, 13, NULL, 'events/3e243bed-cc5b-49ff-9115-45bc09b21cad/original/1765140713687_41n4rdwa9v2.jpg', 'events/3e243bed-cc5b-49ff-9115-45bc09b21cad/thumbnails/1765140716386_wlqd32r8p7q.jpg', 5458020, '20250531_152416.jpg'),
  ('c48c8d68-d9c0-44c3-af5a-00f96fc7a476', '3e243bed-cc5b-49ff-9115-45bc09b21cad', 'https://plugjsubjcfblzkabjia.supabase.co/storage/v1/object/public/Convent/events/3e243bed-cc5b-49ff-9115-45bc09b21cad/original/1765140718994_y09dqtex78l.jpg', 'https://plugjsubjcfblzkabjia.supabase.co/storage/v1/object/public/Convent/events/3e243bed-cc5b-49ff-9115-45bc09b21cad/thumbnails/1765140721538_7mnehlsmcnm.jpg', NULL, NULL, 'general', FALSE, 14, NULL, 'events/3e243bed-cc5b-49ff-9115-45bc09b21cad/original/1765140718994_y09dqtex78l.jpg', 'events/3e243bed-cc5b-49ff-9115-45bc09b21cad/thumbnails/1765140721538_7mnehlsmcnm.jpg', 5174925, '20250531_152425.jpg'),
  ('172b37d7-3f6b-42a2-9b6e-903fdabbcc77', '3e243bed-cc5b-49ff-9115-45bc09b21cad', 'https://plugjsubjcfblzkabjia.supabase.co/storage/v1/object/public/Convent/events/3e243bed-cc5b-49ff-9115-45bc09b21cad/original/1765140724512_r43a6p02k0j.jpg', 'https://plugjsubjcfblzkabjia.supabase.co/storage/v1/object/public/Convent/events/3e243bed-cc5b-49ff-9115-45bc09b21cad/thumbnails/1765140726080_xcemuvqsxsr.jpg', NULL, NULL, 'general', FALSE, 15, NULL, 'events/3e243bed-cc5b-49ff-9115-45bc09b21cad/original/1765140724512_r43a6p02k0j.jpg', 'events/3e243bed-cc5b-49ff-9115-45bc09b21cad/thumbnails/1765140726080_xcemuvqsxsr.jpg', 4082637, '20250531_152447.jpg'),
  ('4a1cc6ce-3e5c-4b9f-a3bd-f1bb45085450', '3e243bed-cc5b-49ff-9115-45bc09b21cad', 'https://plugjsubjcfblzkabjia.supabase.co/storage/v1/object/public/Convent/events/3e243bed-cc5b-49ff-9115-45bc09b21cad/original/1765140735947_5m7t2waj7fb.jpg', 'https://plugjsubjcfblzkabjia.supabase.co/storage/v1/object/public/Convent/events/3e243bed-cc5b-49ff-9115-45bc09b21cad/thumbnails/1765140736915_ne8xdrxysxi.jpg', NULL, NULL, 'general', FALSE, 19, NULL, 'events/3e243bed-cc5b-49ff-9115-45bc09b21cad/original/1765140735947_5m7t2waj7fb.jpg', 'events/3e243bed-cc5b-49ff-9115-45bc09b21cad/thumbnails/1765140736915_ne8xdrxysxi.jpg', 1198861, '20250531_155409(1).jpg'),
  ('6a1420b3-dfc4-4941-aea2-c2681d23439b', '3e243bed-cc5b-49ff-9115-45bc09b21cad', 'https://plugjsubjcfblzkabjia.supabase.co/storage/v1/object/public/Convent/events/3e243bed-cc5b-49ff-9115-45bc09b21cad/original/1765140750219_7nyqj1egmwy.jpg', 'https://plugjsubjcfblzkabjia.supabase.co/storage/v1/object/public/Convent/events/3e243bed-cc5b-49ff-9115-45bc09b21cad/thumbnails/1765140752500_8a9jprk62w.jpg', NULL, NULL, 'general', FALSE, 20, NULL, 'events/3e243bed-cc5b-49ff-9115-45bc09b21cad/original/1765140750219_7nyqj1egmwy.jpg', 'events/3e243bed-cc5b-49ff-9115-45bc09b21cad/thumbnails/1765140752500_8a9jprk62w.jpg', 3716419, '20250531_160053.jpg'),
  ('eb64e9ee-f1e8-43a0-bec7-12ff9220f9fe', '3e243bed-cc5b-49ff-9115-45bc09b21cad', 'https://plugjsubjcfblzkabjia.supabase.co/storage/v1/object/public/Convent/events/3e243bed-cc5b-49ff-9115-45bc09b21cad/original/1765140764774_tio4wpkyvys.jpg', 'https://plugjsubjcfblzkabjia.supabase.co/storage/v1/object/public/Convent/events/3e243bed-cc5b-49ff-9115-45bc09b21cad/thumbnails/1765140766438_wxdmwhxfa6l.jpg', NULL, NULL, 'general', FALSE, 21, NULL, 'events/3e243bed-cc5b-49ff-9115-45bc09b21cad/original/1765140764774_tio4wpkyvys.jpg', 'events/3e243bed-cc5b-49ff-9115-45bc09b21cad/thumbnails/1765140766438_wxdmwhxfa6l.jpg', 3889880, '20250531_160056.jpg'),
  ('3acfcae3-0462-4286-a5ad-3c1746071e9e', '3e243bed-cc5b-49ff-9115-45bc09b21cad', 'https://plugjsubjcfblzkabjia.supabase.co/storage/v1/object/public/Convent/events/3e243bed-cc5b-49ff-9115-45bc09b21cad/original/1765140773386_2amdlrbzyzo.jpg', 'https://plugjsubjcfblzkabjia.supabase.co/storage/v1/object/public/Convent/events/3e243bed-cc5b-49ff-9115-45bc09b21cad/thumbnails/1765140774687_l2pz4r660y.jpg', NULL, NULL, 'general', FALSE, 22, NULL, 'events/3e243bed-cc5b-49ff-9115-45bc09b21cad/original/1765140773386_2amdlrbzyzo.jpg', 'events/3e243bed-cc5b-49ff-9115-45bc09b21cad/thumbnails/1765140774687_l2pz4r660y.jpg', 3500788, '20250531_160103.jpg'),
  ('12d98c73-1081-4d17-abf1-6797a503a258', '3e243bed-cc5b-49ff-9115-45bc09b21cad', 'https://plugjsubjcfblzkabjia.supabase.co/storage/v1/object/public/Convent/events/3e243bed-cc5b-49ff-9115-45bc09b21cad/original/1765140784569_c3pvv9774i5.jpg', 'https://plugjsubjcfblzkabjia.supabase.co/storage/v1/object/public/Convent/events/3e243bed-cc5b-49ff-9115-45bc09b21cad/thumbnails/1765140785688_mwgr0q58i2e.jpg', NULL, NULL, 'general', FALSE, 23, NULL, 'events/3e243bed-cc5b-49ff-9115-45bc09b21cad/original/1765140784569_c3pvv9774i5.jpg', 'events/3e243bed-cc5b-49ff-9115-45bc09b21cad/thumbnails/1765140785688_mwgr0q58i2e.jpg', 3531597, '20250531_160107.jpg'),
  ('b64ea6fd-f2f5-4684-b8b1-97780124e87f', '3e243bed-cc5b-49ff-9115-45bc09b21cad', 'https://plugjsubjcfblzkabjia.supabase.co/storage/v1/object/public/Convent/events/3e243bed-cc5b-49ff-9115-45bc09b21cad/original/1765140795082_3zlgha95kwd.jpg', 'https://plugjsubjcfblzkabjia.supabase.co/storage/v1/object/public/Convent/events/3e243bed-cc5b-49ff-9115-45bc09b21cad/thumbnails/1765140796575_pgbe7qhos3.jpg', NULL, NULL, 'general', FALSE, 24, NULL, 'events/3e243bed-cc5b-49ff-9115-45bc09b21cad/original/1765140795082_3zlgha95kwd.jpg', 'events/3e243bed-cc5b-49ff-9115-45bc09b21cad/thumbnails/1765140796575_pgbe7qhos3.jpg', 2967304, '20250531_160111.jpg'),
  ('f54d37dd-6de7-4283-84c8-49e24228d30e', '3e243bed-cc5b-49ff-9115-45bc09b21cad', 'https://plugjsubjcfblzkabjia.supabase.co/storage/v1/object/public/Convent/events/3e243bed-cc5b-49ff-9115-45bc09b21cad/original/1765140806151_nvtdtge0gql.jpg', 'https://plugjsubjcfblzkabjia.supabase.co/storage/v1/object/public/Convent/events/3e243bed-cc5b-49ff-9115-45bc09b21cad/thumbnails/1765140807111_x1lw9yaqwq.jpg', NULL, NULL, 'general', FALSE, 25, NULL, 'events/3e243bed-cc5b-49ff-9115-45bc09b21cad/original/1765140806151_nvtdtge0gql.jpg', 'events/3e243bed-cc5b-49ff-9115-45bc09b21cad/thumbnails/1765140807111_x1lw9yaqwq.jpg', 2137212, '20250531_160127.jpg'),
  ('7c88a2e6-45f9-4c6c-8357-00825b9194c7', '3e243bed-cc5b-49ff-9115-45bc09b21cad', 'https://plugjsubjcfblzkabjia.supabase.co/storage/v1/object/public/Convent/events/3e243bed-cc5b-49ff-9115-45bc09b21cad/original/1765140808249_xtksiafyno.jpg', 'https://plugjsubjcfblzkabjia.supabase.co/storage/v1/object/public/Convent/events/3e243bed-cc5b-49ff-9115-45bc09b21cad/thumbnails/1765140809213_lm8uoqg2al.jpg', NULL, NULL, 'general', FALSE, 26, NULL, 'events/3e243bed-cc5b-49ff-9115-45bc09b21cad/original/1765140808249_xtksiafyno.jpg', 'events/3e243bed-cc5b-49ff-9115-45bc09b21cad/thumbnails/1765140809213_lm8uoqg2al.jpg', 1728929, '20250531_160214.jpg'),
  ('45909168-83e1-4b53-8100-159ed26b214f', '3e243bed-cc5b-49ff-9115-45bc09b21cad', 'https://plugjsubjcfblzkabjia.supabase.co/storage/v1/object/public/Convent/events/3e243bed-cc5b-49ff-9115-45bc09b21cad/original/1765140810430_pke0xk7384j.jpg', 'https://plugjsubjcfblzkabjia.supabase.co/storage/v1/object/public/Convent/events/3e243bed-cc5b-49ff-9115-45bc09b21cad/thumbnails/1765140811250_293qecuot4e.jpg', NULL, NULL, 'general', FALSE, 27, NULL, 'events/3e243bed-cc5b-49ff-9115-45bc09b21cad/original/1765140810430_pke0xk7384j.jpg', 'events/3e243bed-cc5b-49ff-9115-45bc09b21cad/thumbnails/1765140811250_293qecuot4e.jpg', 1877858, '20250531_160223.jpg'),
  ('95118d84-4680-4cb9-9646-067ce785c62c', '3e243bed-cc5b-49ff-9115-45bc09b21cad', 'https://plugjsubjcfblzkabjia.supabase.co/storage/v1/object/public/Convent/events/3e243bed-cc5b-49ff-9115-45bc09b21cad/original/1765140815474_4c8kq2aw7hw.jpg', 'https://plugjsubjcfblzkabjia.supabase.co/storage/v1/object/public/Convent/events/3e243bed-cc5b-49ff-9115-45bc09b21cad/thumbnails/1765140817285_zqp6skmw7e.jpg', NULL, NULL, 'general', FALSE, 28, NULL, 'events/3e243bed-cc5b-49ff-9115-45bc09b21cad/original/1765140815474_4c8kq2aw7hw.jpg', 'events/3e243bed-cc5b-49ff-9115-45bc09b21cad/thumbnails/1765140817285_zqp6skmw7e.jpg', 3843402, '20250531_160233.jpg'),
  ('293d6e1d-a323-4ccb-977d-4f05bf694aee', '3e243bed-cc5b-49ff-9115-45bc09b21cad', 'https://plugjsubjcfblzkabjia.supabase.co/storage/v1/object/public/Convent/events/3e243bed-cc5b-49ff-9115-45bc09b21cad/original/1765140819685_01fe28mxtppj.jpg', 'https://plugjsubjcfblzkabjia.supabase.co/storage/v1/object/public/Convent/events/3e243bed-cc5b-49ff-9115-45bc09b21cad/thumbnails/1765140820957_t1pbdeiuosg.jpg', NULL, NULL, 'general', FALSE, 29, NULL, 'events/3e243bed-cc5b-49ff-9115-45bc09b21cad/original/1765140819685_01fe28mxtppj.jpg', 'events/3e243bed-cc5b-49ff-9115-45bc09b21cad/thumbnails/1765140820957_t1pbdeiuosg.jpg', 2758549, '20250531_160309.jpg'),
  ('ba3a2df5-eee1-4bc9-ae76-a00dfb07d26c', '3e243bed-cc5b-49ff-9115-45bc09b21cad', 'https://plugjsubjcfblzkabjia.supabase.co/storage/v1/object/public/Convent/events/3e243bed-cc5b-49ff-9115-45bc09b21cad/original/1765140831901_u2689id9ho.jpg', 'https://plugjsubjcfblzkabjia.supabase.co/storage/v1/object/public/Convent/events/3e243bed-cc5b-49ff-9115-45bc09b21cad/thumbnails/1765140832779_7n1g2hro5ce.jpg', NULL, NULL, 'general', FALSE, 30, NULL, 'events/3e243bed-cc5b-49ff-9115-45bc09b21cad/original/1765140831901_u2689id9ho.jpg', 'events/3e243bed-cc5b-49ff-9115-45bc09b21cad/thumbnails/1765140832779_7n1g2hro5ce.jpg', 2541172, '20250531_160713.jpg'),
  ('63077a90-f0e4-4e9b-86a4-8b6e0f1dbd2d', '3e243bed-cc5b-49ff-9115-45bc09b21cad', 'https://plugjsubjcfblzkabjia.supabase.co/storage/v1/object/public/Convent/events/3e243bed-cc5b-49ff-9115-45bc09b21cad/original/1765140844929_m49b7o1m3f.jpg', 'https://plugjsubjcfblzkabjia.supabase.co/storage/v1/object/public/Convent/events/3e243bed-cc5b-49ff-9115-45bc09b21cad/thumbnails/1765140846369_j7t29fxcmgh.jpg', NULL, NULL, 'general', FALSE, 31, NULL, 'events/3e243bed-cc5b-49ff-9115-45bc09b21cad/original/1765140844929_m49b7o1m3f.jpg', 'events/3e243bed-cc5b-49ff-9115-45bc09b21cad/thumbnails/1765140846369_j7t29fxcmgh.jpg', 2731570, '20250531_160819.jpg'),
  ('9228fe8e-17a4-4206-a9c1-15a6537b4f7c', '3e243bed-cc5b-49ff-9115-45bc09b21cad', 'https://plugjsubjcfblzkabjia.supabase.co/storage/v1/object/public/Convent/events/3e243bed-cc5b-49ff-9115-45bc09b21cad/original/1765140855647_7cpcr2o5od7.jpg', 'https://plugjsubjcfblzkabjia.supabase.co/storage/v1/object/public/Convent/events/3e243bed-cc5b-49ff-9115-45bc09b21cad/thumbnails/1765140856953_dbd9a6utnwc.jpg', NULL, NULL, 'general', FALSE, 32, NULL, 'events/3e243bed-cc5b-49ff-9115-45bc09b21cad/original/1765140855647_7cpcr2o5od7.jpg', 'events/3e243bed-cc5b-49ff-9115-45bc09b21cad/thumbnails/1765140856953_dbd9a6utnwc.jpg', 3149292, '20250531_160821.jpg'),
  ('58ad3744-700b-4c34-aac3-616a8b06d0c1', '3e243bed-cc5b-49ff-9115-45bc09b21cad', 'https://plugjsubjcfblzkabjia.supabase.co/storage/v1/object/public/Convent/events/3e243bed-cc5b-49ff-9115-45bc09b21cad/original/1765140868714_2hcpi82c9gm.jpg', 'https://plugjsubjcfblzkabjia.supabase.co/storage/v1/object/public/Convent/events/3e243bed-cc5b-49ff-9115-45bc09b21cad/thumbnails/1765140870062_6f1z0lcixvo.jpg', NULL, NULL, 'general', FALSE, 33, NULL, 'events/3e243bed-cc5b-49ff-9115-45bc09b21cad/original/1765140868714_2hcpi82c9gm.jpg', 'events/3e243bed-cc5b-49ff-9115-45bc09b21cad/thumbnails/1765140870062_6f1z0lcixvo.jpg', 3186673, '20250531_160823.jpg'),
  ('1055aff8-1da1-49b4-af00-fb1f33607a69', '3e243bed-cc5b-49ff-9115-45bc09b21cad', 'https://plugjsubjcfblzkabjia.supabase.co/storage/v1/object/public/Convent/events/3e243bed-cc5b-49ff-9115-45bc09b21cad/original/1765140872533_2oblu0rdlss.jpg', 'https://plugjsubjcfblzkabjia.supabase.co/storage/v1/object/public/Convent/events/3e243bed-cc5b-49ff-9115-45bc09b21cad/thumbnails/1765140873317_c2th2jm55c.jpg', NULL, NULL, 'general', FALSE, 34, NULL, 'events/3e243bed-cc5b-49ff-9115-45bc09b21cad/original/1765140872533_2oblu0rdlss.jpg', 'events/3e243bed-cc5b-49ff-9115-45bc09b21cad/thumbnails/1765140873317_c2th2jm55c.jpg', 2109382, '20250531_161420.jpg'),
  ('e5a97974-c82d-420c-b82b-755729f9136d', '3e243bed-cc5b-49ff-9115-45bc09b21cad', 'https://plugjsubjcfblzkabjia.supabase.co/storage/v1/object/public/Convent/events/3e243bed-cc5b-49ff-9115-45bc09b21cad/original/1765140875415_25k080zybaf.jpg', 'https://plugjsubjcfblzkabjia.supabase.co/storage/v1/object/public/Convent/events/3e243bed-cc5b-49ff-9115-45bc09b21cad/thumbnails/1765140876489_ana5o1cmapv.jpg', NULL, NULL, 'general', FALSE, 35, NULL, 'events/3e243bed-cc5b-49ff-9115-45bc09b21cad/original/1765140875415_25k080zybaf.jpg', 'events/3e243bed-cc5b-49ff-9115-45bc09b21cad/thumbnails/1765140876489_ana5o1cmapv.jpg', 2299499, '20250531_161422.jpg'),
  ('0092c87f-43f2-4102-9757-634aa6f2c36d', '3e243bed-cc5b-49ff-9115-45bc09b21cad', 'https://plugjsubjcfblzkabjia.supabase.co/storage/v1/object/public/Convent/events/3e243bed-cc5b-49ff-9115-45bc09b21cad/original/1765140901744_d2nnsias5fq.jpg', 'https://plugjsubjcfblzkabjia.supabase.co/storage/v1/object/public/Convent/events/3e243bed-cc5b-49ff-9115-45bc09b21cad/thumbnails/1765140902830_7dkfexu7tkr.jpg', NULL, NULL, 'general', FALSE, 36, NULL, 'events/3e243bed-cc5b-49ff-9115-45bc09b21cad/original/1765140901744_d2nnsias5fq.jpg', 'events/3e243bed-cc5b-49ff-9115-45bc09b21cad/thumbnails/1765140902830_7dkfexu7tkr.jpg', 4217322, '20250531_164819.jpg'),
  ('b90282fd-400c-47cf-860d-e5d189f32ea1', '3e243bed-cc5b-49ff-9115-45bc09b21cad', 'https://plugjsubjcfblzkabjia.supabase.co/storage/v1/object/public/Convent/events/3e243bed-cc5b-49ff-9115-45bc09b21cad/original/1765140920206_a7ppbmrcbfw.jpg', 'https://plugjsubjcfblzkabjia.supabase.co/storage/v1/object/public/Convent/events/3e243bed-cc5b-49ff-9115-45bc09b21cad/thumbnails/1765140921309_2qi0v9i4c5j.jpg', NULL, NULL, 'general', FALSE, 37, NULL, 'events/3e243bed-cc5b-49ff-9115-45bc09b21cad/original/1765140920206_a7ppbmrcbfw.jpg', 'events/3e243bed-cc5b-49ff-9115-45bc09b21cad/thumbnails/1765140921309_2qi0v9i4c5j.jpg', 3806374, '20250531_164821.jpg'),
  ('704ab625-99c0-4966-9cd0-dd027efd2243', '3e243bed-cc5b-49ff-9115-45bc09b21cad', 'https://plugjsubjcfblzkabjia.supabase.co/storage/v1/object/public/Convent/events/3e243bed-cc5b-49ff-9115-45bc09b21cad/original/1765140942482_wvlabhrx5p.jpg', 'https://plugjsubjcfblzkabjia.supabase.co/storage/v1/object/public/Convent/events/3e243bed-cc5b-49ff-9115-45bc09b21cad/thumbnails/1765140943480_2s69q0axref.jpg', NULL, NULL, 'general', FALSE, 41, NULL, 'events/3e243bed-cc5b-49ff-9115-45bc09b21cad/original/1765140942482_wvlabhrx5p.jpg', 'events/3e243bed-cc5b-49ff-9115-45bc09b21cad/thumbnails/1765140943480_2s69q0axref.jpg', 2901961, '20250531_165615.jpg'),
  ('6c48aa1b-5158-4fdc-8090-44931b4da535', '3e243bed-cc5b-49ff-9115-45bc09b21cad', 'https://plugjsubjcfblzkabjia.supabase.co/storage/v1/object/public/Convent/events/3e243bed-cc5b-49ff-9115-45bc09b21cad/original/1765140955805_tuokj30ehnl.jpg', 'https://plugjsubjcfblzkabjia.supabase.co/storage/v1/object/public/Convent/events/3e243bed-cc5b-49ff-9115-45bc09b21cad/thumbnails/1765140957046_05gpxxqsqos7.jpg', NULL, NULL, 'general', FALSE, 42, NULL, 'events/3e243bed-cc5b-49ff-9115-45bc09b21cad/original/1765140955805_tuokj30ehnl.jpg', 'events/3e243bed-cc5b-49ff-9115-45bc09b21cad/thumbnails/1765140957046_05gpxxqsqos7.jpg', 2783717, '20250531_171035.jpg'),
  ('370463d2-f27d-43f7-bd50-975c1dca8da8', '3e243bed-cc5b-49ff-9115-45bc09b21cad', 'https://plugjsubjcfblzkabjia.supabase.co/storage/v1/object/public/Convent/events/3e243bed-cc5b-49ff-9115-45bc09b21cad/original/1765140968284_6yocedkahdb.jpg', 'https://plugjsubjcfblzkabjia.supabase.co/storage/v1/object/public/Convent/events/3e243bed-cc5b-49ff-9115-45bc09b21cad/thumbnails/1765140969165_n9vj2a361cj.jpg', NULL, NULL, 'general', FALSE, 43, NULL, 'events/3e243bed-cc5b-49ff-9115-45bc09b21cad/original/1765140968284_6yocedkahdb.jpg', 'events/3e243bed-cc5b-49ff-9115-45bc09b21cad/thumbnails/1765140969165_n9vj2a361cj.jpg', 2203863, '20250531_171041.jpg'),
  ('e35ec42a-6360-4277-9068-534da28fac93', '3e243bed-cc5b-49ff-9115-45bc09b21cad', 'https://plugjsubjcfblzkabjia.supabase.co/storage/v1/object/public/Convent/events/3e243bed-cc5b-49ff-9115-45bc09b21cad/original/1765140975146_svtfef1tbh.jpg', 'https://plugjsubjcfblzkabjia.supabase.co/storage/v1/object/public/Convent/events/3e243bed-cc5b-49ff-9115-45bc09b21cad/thumbnails/1765140976091_8k380bobpc7.jpg', NULL, NULL, 'general', FALSE, 44, NULL, 'events/3e243bed-cc5b-49ff-9115-45bc09b21cad/original/1765140975146_svtfef1tbh.jpg', 'events/3e243bed-cc5b-49ff-9115-45bc09b21cad/thumbnails/1765140976091_8k380bobpc7.jpg', 1550224, 'IMG_20250604_152715_206.jpg'),
  ('0a31b200-f4cb-47e0-8164-275cf588e35f', '3e243bed-cc5b-49ff-9115-45bc09b21cad', 'https://plugjsubjcfblzkabjia.supabase.co/storage/v1/object/public/Convent/events/3e243bed-cc5b-49ff-9115-45bc09b21cad/original/1765140981611_aqyfknb9eq8.jpg', 'https://plugjsubjcfblzkabjia.supabase.co/storage/v1/object/public/Convent/events/3e243bed-cc5b-49ff-9115-45bc09b21cad/thumbnails/1765140982709_qwjtbirvz2b.jpg', NULL, NULL, 'general', FALSE, 45, NULL, 'events/3e243bed-cc5b-49ff-9115-45bc09b21cad/original/1765140981611_aqyfknb9eq8.jpg', 'events/3e243bed-cc5b-49ff-9115-45bc09b21cad/thumbnails/1765140982709_qwjtbirvz2b.jpg', 2003092, 'IMG_20250604_152718_733.jpg'),
  ('f574c444-d521-46ba-b764-2662b0d7c8c0', '3e243bed-cc5b-49ff-9115-45bc09b21cad', 'https://plugjsubjcfblzkabjia.supabase.co/storage/v1/object/public/Convent/events/3e243bed-cc5b-49ff-9115-45bc09b21cad/original/1765140990110_me8suw8052.jpg', 'https://plugjsubjcfblzkabjia.supabase.co/storage/v1/object/public/Convent/events/3e243bed-cc5b-49ff-9115-45bc09b21cad/thumbnails/1765140990798_uru6jqlolr8.jpg', NULL, NULL, 'general', FALSE, 47, NULL, 'events/3e243bed-cc5b-49ff-9115-45bc09b21cad/original/1765140990110_me8suw8052.jpg', 'events/3e243bed-cc5b-49ff-9115-45bc09b21cad/thumbnails/1765140990798_uru6jqlolr8.jpg', 723716, 'IMG_20250702_191219_434.jpg'),
  ('577c0613-ea69-461d-97f2-48ea4612179e', '4487eeb1-233b-496b-a1da-7459c7181a7d', 'https://plugjsubjcfblzkabjia.supabase.co/storage/v1/object/public/Convent/events/4487eeb1-233b-496b-a1da-7459c7181a7d/original/1765289635007_irn1bnauic.jpg', 'https://plugjsubjcfblzkabjia.supabase.co/storage/v1/object/public/Convent/events/4487eeb1-233b-496b-a1da-7459c7181a7d/thumbnails/1765289636204_6fazkt326x.jpg', NULL, NULL, 'general', FALSE, 0, NULL, 'events/4487eeb1-233b-496b-a1da-7459c7181a7d/original/1765289635007_irn1bnauic.jpg', 'events/4487eeb1-233b-496b-a1da-7459c7181a7d/thumbnails/1765289636204_6fazkt326x.jpg', 4191629, '20251115_194156.jpg'),
  ('fd70d1f8-1493-4c84-b835-eb4c838cfa08', '4487eeb1-233b-496b-a1da-7459c7181a7d', 'https://plugjsubjcfblzkabjia.supabase.co/storage/v1/object/public/Convent/events/4487eeb1-233b-496b-a1da-7459c7181a7d/original/1765289751615_tfeo26wme1.jpg', 'https://plugjsubjcfblzkabjia.supabase.co/storage/v1/object/public/Convent/events/4487eeb1-233b-496b-a1da-7459c7181a7d/thumbnails/1765289753324_f198hjlppow.jpg', NULL, NULL, 'general', FALSE, 1, NULL, 'events/4487eeb1-233b-496b-a1da-7459c7181a7d/original/1765289751615_tfeo26wme1.jpg', 'events/4487eeb1-233b-496b-a1da-7459c7181a7d/thumbnails/1765289753324_f198hjlppow.jpg', 3807722, '20251115_194217.jpg'),
  ('c888be92-0841-4a86-ab5f-44b9030bad43', '4487eeb1-233b-496b-a1da-7459c7181a7d', 'https://plugjsubjcfblzkabjia.supabase.co/storage/v1/object/public/Convent/events/4487eeb1-233b-496b-a1da-7459c7181a7d/original/1765289754856_nnyp5l9ln4.jpg', 'https://plugjsubjcfblzkabjia.supabase.co/storage/v1/object/public/Convent/events/4487eeb1-233b-496b-a1da-7459c7181a7d/thumbnails/1765289756384_6mz9wqewdi.jpg', NULL, NULL, 'general', FALSE, 2, NULL, 'events/4487eeb1-233b-496b-a1da-7459c7181a7d/original/1765289754856_nnyp5l9ln4.jpg', 'events/4487eeb1-233b-496b-a1da-7459c7181a7d/thumbnails/1765289756384_6mz9wqewdi.jpg', 2209179, '20251115_225446.jpg'),
  ('91e3666c-2c3a-4575-b428-0de3a8541674', '4487eeb1-233b-496b-a1da-7459c7181a7d', 'https://plugjsubjcfblzkabjia.supabase.co/storage/v1/object/public/Convent/events/4487eeb1-233b-496b-a1da-7459c7181a7d/original/1765289757912_8e1y9oazxx.jpg', 'https://plugjsubjcfblzkabjia.supabase.co/storage/v1/object/public/Convent/events/4487eeb1-233b-496b-a1da-7459c7181a7d/thumbnails/1765289759100_q732gyi6zql.jpg', NULL, NULL, 'general', FALSE, 3, NULL, 'events/4487eeb1-233b-496b-a1da-7459c7181a7d/original/1765289757912_8e1y9oazxx.jpg', 'events/4487eeb1-233b-496b-a1da-7459c7181a7d/thumbnails/1765289759100_q732gyi6zql.jpg', 2209656, '20251115_225454.jpg'),
  ('eb988061-ef7e-407f-9ce2-3a93b12bf2c5', '4487eeb1-233b-496b-a1da-7459c7181a7d', 'https://plugjsubjcfblzkabjia.supabase.co/storage/v1/object/public/Convent/events/4487eeb1-233b-496b-a1da-7459c7181a7d/original/1765289760283_ncf2htcyj68.jpg', 'https://plugjsubjcfblzkabjia.supabase.co/storage/v1/object/public/Convent/events/4487eeb1-233b-496b-a1da-7459c7181a7d/thumbnails/1765289761688_ki38eb0el6q.jpg', NULL, NULL, 'general', FALSE, 4, NULL, 'events/4487eeb1-233b-496b-a1da-7459c7181a7d/original/1765289760283_ncf2htcyj68.jpg', 'events/4487eeb1-233b-496b-a1da-7459c7181a7d/thumbnails/1765289761688_ki38eb0el6q.jpg', 2117890, '20251116_162806.jpg'),
  ('af32b4b0-464f-4016-a1ba-ff04f4df24f0', '4487eeb1-233b-496b-a1da-7459c7181a7d', 'https://plugjsubjcfblzkabjia.supabase.co/storage/v1/object/public/Convent/events/4487eeb1-233b-496b-a1da-7459c7181a7d/original/1765289762780_uojgxa8nqxg.jpg', 'https://plugjsubjcfblzkabjia.supabase.co/storage/v1/object/public/Convent/events/4487eeb1-233b-496b-a1da-7459c7181a7d/thumbnails/1765289763591_0ptfee4l92m.jpg', NULL, NULL, 'general', FALSE, 5, NULL, 'events/4487eeb1-233b-496b-a1da-7459c7181a7d/original/1765289762780_uojgxa8nqxg.jpg', 'events/4487eeb1-233b-496b-a1da-7459c7181a7d/thumbnails/1765289763591_0ptfee4l92m.jpg', 1537054, '20251115_190005.jpg'),
  ('260c811e-5a18-49f6-ad09-2eff103f9fcd', '4487eeb1-233b-496b-a1da-7459c7181a7d', 'https://plugjsubjcfblzkabjia.supabase.co/storage/v1/object/public/Convent/events/4487eeb1-233b-496b-a1da-7459c7181a7d/original/1765289894099_s1kej4qz8gf.jpg', 'https://plugjsubjcfblzkabjia.supabase.co/storage/v1/object/public/Convent/events/4487eeb1-233b-496b-a1da-7459c7181a7d/thumbnails/1765289894556_v87o46r02yp.jpg', NULL, NULL, 'general', FALSE, 6, NULL, 'events/4487eeb1-233b-496b-a1da-7459c7181a7d/original/1765289894099_s1kej4qz8gf.jpg', 'events/4487eeb1-233b-496b-a1da-7459c7181a7d/thumbnails/1765289894556_v87o46r02yp.jpg', 195001, 'IMG_20251115_220310_549.jpg'),
  ('fea74e4a-836d-4ba0-8eb8-7e3c637e40d8', '4487eeb1-233b-496b-a1da-7459c7181a7d', 'https://plugjsubjcfblzkabjia.supabase.co/storage/v1/object/public/Convent/events/4487eeb1-233b-496b-a1da-7459c7181a7d/original/1765289894876_7uab9gdz8ix.jpg', 'https://plugjsubjcfblzkabjia.supabase.co/storage/v1/object/public/Convent/events/4487eeb1-233b-496b-a1da-7459c7181a7d/thumbnails/1765289895304_3lzel6lsbom.jpg', NULL, NULL, 'general', FALSE, 7, NULL, 'events/4487eeb1-233b-496b-a1da-7459c7181a7d/original/1765289894876_7uab9gdz8ix.jpg', 'events/4487eeb1-233b-496b-a1da-7459c7181a7d/thumbnails/1765289895304_3lzel6lsbom.jpg', 165698, 'IMG_20251115_220313_793.jpg'),
  ('438555bc-e0af-460b-b54c-716aff90337a', '4487eeb1-233b-496b-a1da-7459c7181a7d', 'https://plugjsubjcfblzkabjia.supabase.co/storage/v1/object/public/Convent/events/4487eeb1-233b-496b-a1da-7459c7181a7d/original/1765289895870_xxz160j2qk.jpg', 'https://plugjsubjcfblzkabjia.supabase.co/storage/v1/object/public/Convent/events/4487eeb1-233b-496b-a1da-7459c7181a7d/thumbnails/1765289896263_k1lnnyese2.jpg', NULL, NULL, 'general', FALSE, 8, NULL, 'events/4487eeb1-233b-496b-a1da-7459c7181a7d/original/1765289895870_xxz160j2qk.jpg', 'events/4487eeb1-233b-496b-a1da-7459c7181a7d/thumbnails/1765289896263_k1lnnyese2.jpg', 143389, 'IMG_20251117_140415_213.jpg'),
  ('80715bab-0a2e-47bc-947e-a7592b25f2a7', '4487eeb1-233b-496b-a1da-7459c7181a7d', 'https://plugjsubjcfblzkabjia.supabase.co/storage/v1/object/public/Convent/events/4487eeb1-233b-496b-a1da-7459c7181a7d/original/1765289896600_fhxdr2pwkvs.jpg', 'https://plugjsubjcfblzkabjia.supabase.co/storage/v1/object/public/Convent/events/4487eeb1-233b-496b-a1da-7459c7181a7d/thumbnails/1765289897047_odkwn8mumi8.jpg', NULL, NULL, 'general', FALSE, 9, NULL, 'events/4487eeb1-233b-496b-a1da-7459c7181a7d/original/1765289896600_fhxdr2pwkvs.jpg', 'events/4487eeb1-233b-496b-a1da-7459c7181a7d/thumbnails/1765289897047_odkwn8mumi8.jpg', 151904, 'IMG_20251117_140431_220.jpg'),
  ('eb7f09f5-42ff-486e-9cdd-4cd123c5d977', '4487eeb1-233b-496b-a1da-7459c7181a7d', 'https://plugjsubjcfblzkabjia.supabase.co/storage/v1/object/public/Convent/events/4487eeb1-233b-496b-a1da-7459c7181a7d/original/1765289897505_0o1lpao5pme.jpg', 'https://plugjsubjcfblzkabjia.supabase.co/storage/v1/object/public/Convent/events/4487eeb1-233b-496b-a1da-7459c7181a7d/thumbnails/1765289898015_sg99gp6mwvm.jpg', NULL, NULL, 'general', FALSE, 10, NULL, 'events/4487eeb1-233b-496b-a1da-7459c7181a7d/original/1765289897505_0o1lpao5pme.jpg', 'events/4487eeb1-233b-496b-a1da-7459c7181a7d/thumbnails/1765289898015_sg99gp6mwvm.jpg', 613904, 'IMG_20251117_140454_594.jpg'),
  ('119fe793-a50f-43dd-b05b-0baa54270fbc', '4487eeb1-233b-496b-a1da-7459c7181a7d', 'https://plugjsubjcfblzkabjia.supabase.co/storage/v1/object/public/Convent/events/4487eeb1-233b-496b-a1da-7459c7181a7d/original/1765289898324_893oo98wr6g.jpg', 'https://plugjsubjcfblzkabjia.supabase.co/storage/v1/object/public/Convent/events/4487eeb1-233b-496b-a1da-7459c7181a7d/thumbnails/1765289898681_q3lq3oqdrb.jpg', NULL, NULL, 'general', FALSE, 11, NULL, 'events/4487eeb1-233b-496b-a1da-7459c7181a7d/original/1765289898324_893oo98wr6g.jpg', 'events/4487eeb1-233b-496b-a1da-7459c7181a7d/thumbnails/1765289898681_q3lq3oqdrb.jpg', 119915, 'IMG_20251117_140423_451.jpg'),
  ('6fdc1ab5-1c2a-48d5-acbc-5610a980f005', '4487eeb1-233b-496b-a1da-7459c7181a7d', 'https://plugjsubjcfblzkabjia.supabase.co/storage/v1/object/public/Convent/events/4487eeb1-233b-496b-a1da-7459c7181a7d/original/1765289899028_m8x59865rnb.jpg', 'https://plugjsubjcfblzkabjia.supabase.co/storage/v1/object/public/Convent/events/4487eeb1-233b-496b-a1da-7459c7181a7d/thumbnails/1765289899396_nchxprlprvl.jpg', NULL, NULL, 'general', FALSE, 12, NULL, 'events/4487eeb1-233b-496b-a1da-7459c7181a7d/original/1765289899028_m8x59865rnb.jpg', 'events/4487eeb1-233b-496b-a1da-7459c7181a7d/thumbnails/1765289899396_nchxprlprvl.jpg', 105504, 'IMG_20251119_024506_626.jpg'),
  ('1ecc458c-a2f7-4523-aba5-07924908b933', '6e914263-54d6-4bd1-8024-56b6c8939dff', 'https://plugjsubjcfblzkabjia.supabase.co/storage/v1/object/public/Convent/events/6e914263-54d6-4bd1-8024-56b6c8939dff/original/1765290301204_4jp63p6moec.jpg', 'https://plugjsubjcfblzkabjia.supabase.co/storage/v1/object/public/Convent/events/6e914263-54d6-4bd1-8024-56b6c8939dff/thumbnails/1765290303270_qgirkmourqe.jpg', NULL, NULL, 'general', FALSE, 0, NULL, 'events/6e914263-54d6-4bd1-8024-56b6c8939dff/original/1765290301204_4jp63p6moec.jpg', 'events/6e914263-54d6-4bd1-8024-56b6c8939dff/thumbnails/1765290303270_qgirkmourqe.jpg', 6537419, '20250927-DSC01720.jpg'),
  ('1729c337-4e4e-4a91-a37c-22540fac3040', '6e914263-54d6-4bd1-8024-56b6c8939dff', 'https://plugjsubjcfblzkabjia.supabase.co/storage/v1/object/public/Convent/events/6e914263-54d6-4bd1-8024-56b6c8939dff/original/1765290304259_x9se4oem4x.jpg', 'https://plugjsubjcfblzkabjia.supabase.co/storage/v1/object/public/Convent/events/6e914263-54d6-4bd1-8024-56b6c8939dff/thumbnails/1765290305168_smjv3w0it1.jpg', NULL, NULL, 'general', FALSE, 1, NULL, 'events/6e914263-54d6-4bd1-8024-56b6c8939dff/original/1765290304259_x9se4oem4x.jpg', 'events/6e914263-54d6-4bd1-8024-56b6c8939dff/thumbnails/1765290305168_smjv3w0it1.jpg', 4834127, '20250927-DSC01505.jpg'),
  ('14fa391e-0395-46be-8cd7-cc5883f17384', '87f5b09a-1fd3-47f4-a4bf-9013a2997db3', 'https://plugjsubjcfblzkabjia.supabase.co/storage/v1/object/public/Convent/events/87f5b09a-1fd3-47f4-a4bf-9013a2997db3/original/1765290900573_wb4sjbti6bd.jpg', 'https://plugjsubjcfblzkabjia.supabase.co/storage/v1/object/public/Convent/events/87f5b09a-1fd3-47f4-a4bf-9013a2997db3/thumbnails/1765290901695_m939447vc5s.jpg', NULL, NULL, 'general', FALSE, 0, NULL, 'events/87f5b09a-1fd3-47f4-a4bf-9013a2997db3/original/1765290900573_wb4sjbti6bd.jpg', 'events/87f5b09a-1fd3-47f4-a4bf-9013a2997db3/thumbnails/1765290901695_m939447vc5s.jpg', 1661746, '001.jpg'),
  ('3d1c50cd-7e91-4aa2-adbf-08ef7500d5c7', '87f5b09a-1fd3-47f4-a4bf-9013a2997db3', 'https://plugjsubjcfblzkabjia.supabase.co/storage/v1/object/public/Convent/events/87f5b09a-1fd3-47f4-a4bf-9013a2997db3/original/1765290902862_qxmkvv4lsp.jpg', 'https://plugjsubjcfblzkabjia.supabase.co/storage/v1/object/public/Convent/events/87f5b09a-1fd3-47f4-a4bf-9013a2997db3/thumbnails/1765290904300_i45rluvwbfp.jpg', NULL, NULL, 'general', FALSE, 1, NULL, 'events/87f5b09a-1fd3-47f4-a4bf-9013a2997db3/original/1765290902862_qxmkvv4lsp.jpg', 'events/87f5b09a-1fd3-47f4-a4bf-9013a2997db3/thumbnails/1765290904300_i45rluvwbfp.jpg', 2085192, '41 обр.jpg'),
  ('8e24ef36-de11-425d-bab2-92b609182c47', '87f5b09a-1fd3-47f4-a4bf-9013a2997db3', 'https://plugjsubjcfblzkabjia.supabase.co/storage/v1/object/public/Convent/events/87f5b09a-1fd3-47f4-a4bf-9013a2997db3/original/1765290905450_hc3d3we63pc.jpg', 'https://plugjsubjcfblzkabjia.supabase.co/storage/v1/object/public/Convent/events/87f5b09a-1fd3-47f4-a4bf-9013a2997db3/thumbnails/1765290906753_vxojcagrv9.jpg', NULL, NULL, 'general', FALSE, 2, NULL, 'events/87f5b09a-1fd3-47f4-a4bf-9013a2997db3/original/1765290905450_hc3d3we63pc.jpg', 'events/87f5b09a-1fd3-47f4-a4bf-9013a2997db3/thumbnails/1765290906753_vxojcagrv9.jpg', 1573706, '43.jpg'),
  ('86f96dfa-c6e6-439c-b3d2-3b33fe604df8', '87f5b09a-1fd3-47f4-a4bf-9013a2997db3', 'https://plugjsubjcfblzkabjia.supabase.co/storage/v1/object/public/Convent/events/87f5b09a-1fd3-47f4-a4bf-9013a2997db3/original/1765290907612_87owcigk09.jpg', 'https://plugjsubjcfblzkabjia.supabase.co/storage/v1/object/public/Convent/events/87f5b09a-1fd3-47f4-a4bf-9013a2997db3/thumbnails/1765290908783_p5fls5dqox.jpg', NULL, NULL, 'general', FALSE, 3, NULL, 'events/87f5b09a-1fd3-47f4-a4bf-9013a2997db3/original/1765290907612_87owcigk09.jpg', 'events/87f5b09a-1fd3-47f4-a4bf-9013a2997db3/thumbnails/1765290908783_p5fls5dqox.jpg', 1089978, '46.jpg'),
  ('dcd91dab-439f-4bde-bedf-65bfcbaf4b47', '87f5b09a-1fd3-47f4-a4bf-9013a2997db3', 'https://plugjsubjcfblzkabjia.supabase.co/storage/v1/object/public/Convent/events/87f5b09a-1fd3-47f4-a4bf-9013a2997db3/original/1765290918166_1eixr896vt5.jpg', 'https://plugjsubjcfblzkabjia.supabase.co/storage/v1/object/public/Convent/events/87f5b09a-1fd3-47f4-a4bf-9013a2997db3/thumbnails/1765290919502_b92kacytlje.jpg', NULL, NULL, 'general', FALSE, 4, NULL, 'events/87f5b09a-1fd3-47f4-a4bf-9013a2997db3/original/1765290918166_1eixr896vt5.jpg', 'events/87f5b09a-1fd3-47f4-a4bf-9013a2997db3/thumbnails/1765290919502_b92kacytlje.jpg', 1514453, '20250705_220416.jpg'),
  ('24465912-ee31-4f64-9139-fb37493ffad8', '87f5b09a-1fd3-47f4-a4bf-9013a2997db3', 'https://plugjsubjcfblzkabjia.supabase.co/storage/v1/object/public/Convent/events/87f5b09a-1fd3-47f4-a4bf-9013a2997db3/original/1765290923455_xhuw6i6scj.jpg', 'https://plugjsubjcfblzkabjia.supabase.co/storage/v1/object/public/Convent/events/87f5b09a-1fd3-47f4-a4bf-9013a2997db3/thumbnails/1765290925804_15mds5co4k9.jpg', NULL, NULL, 'general', FALSE, 5, NULL, 'events/87f5b09a-1fd3-47f4-a4bf-9013a2997db3/original/1765290923455_xhuw6i6scj.jpg', 'events/87f5b09a-1fd3-47f4-a4bf-9013a2997db3/thumbnails/1765290925804_15mds5co4k9.jpg', 4706028, '20250705_220422.jpg'),
  ('ddb5377e-bdbf-4b61-b801-5583249c657d', '87f5b09a-1fd3-47f4-a4bf-9013a2997db3', 'https://plugjsubjcfblzkabjia.supabase.co/storage/v1/object/public/Convent/events/87f5b09a-1fd3-47f4-a4bf-9013a2997db3/original/1765290931406_iwyugrfo7p9.jpg', 'https://plugjsubjcfblzkabjia.supabase.co/storage/v1/object/public/Convent/events/87f5b09a-1fd3-47f4-a4bf-9013a2997db3/thumbnails/1765290932533_q3ixrwfumcq.jpg', NULL, NULL, 'general', FALSE, 6, NULL, 'events/87f5b09a-1fd3-47f4-a4bf-9013a2997db3/original/1765290931406_iwyugrfo7p9.jpg', 'events/87f5b09a-1fd3-47f4-a4bf-9013a2997db3/thumbnails/1765290932533_q3ixrwfumcq.jpg', 2248292, '20250705_220443.jpg'),
  ('d5ad088b-57b8-4ab3-b046-7e89e993158a', '87f5b09a-1fd3-47f4-a4bf-9013a2997db3', 'https://plugjsubjcfblzkabjia.supabase.co/storage/v1/object/public/Convent/events/87f5b09a-1fd3-47f4-a4bf-9013a2997db3/original/1765290933598_jagzgz442mc.jpg', 'https://plugjsubjcfblzkabjia.supabase.co/storage/v1/object/public/Convent/events/87f5b09a-1fd3-47f4-a4bf-9013a2997db3/thumbnails/1765290934580_usqq2bcqgd.jpg', NULL, NULL, 'general', FALSE, 7, NULL, 'events/87f5b09a-1fd3-47f4-a4bf-9013a2997db3/original/1765290933598_jagzgz442mc.jpg', 'events/87f5b09a-1fd3-47f4-a4bf-9013a2997db3/thumbnails/1765290934580_usqq2bcqgd.jpg', 2261523, '20250705_220513.jpg'),
  ('023e7af5-2117-43c1-93ed-e9a15b58b8bc', '87f5b09a-1fd3-47f4-a4bf-9013a2997db3', 'https://plugjsubjcfblzkabjia.supabase.co/storage/v1/object/public/Convent/events/87f5b09a-1fd3-47f4-a4bf-9013a2997db3/original/1765290935301_xgsg0xh526.jpeg', 'https://plugjsubjcfblzkabjia.supabase.co/storage/v1/object/public/Convent/events/87f5b09a-1fd3-47f4-a4bf-9013a2997db3/thumbnails/1765290936305_bocmbg3u07g.jpeg', NULL, NULL, 'general', FALSE, 8, NULL, 'events/87f5b09a-1fd3-47f4-a4bf-9013a2997db3/original/1765290935301_xgsg0xh526.jpeg', 'events/87f5b09a-1fd3-47f4-a4bf-9013a2997db3/thumbnails/1765290936305_bocmbg3u07g.jpeg', 1719910, '20250705-DSC08273.arw.jpeg'),
  ('cefd8cad-04f5-4c45-9c30-634eee2ff969', '87f5b09a-1fd3-47f4-a4bf-9013a2997db3', 'https://plugjsubjcfblzkabjia.supabase.co/storage/v1/object/public/Convent/events/87f5b09a-1fd3-47f4-a4bf-9013a2997db3/original/1765290937151_y1a2hi66cso.jpg', 'https://plugjsubjcfblzkabjia.supabase.co/storage/v1/object/public/Convent/events/87f5b09a-1fd3-47f4-a4bf-9013a2997db3/thumbnails/1765290937919_e5f1duppy45.jpg', NULL, NULL, 'general', FALSE, 9, NULL, 'events/87f5b09a-1fd3-47f4-a4bf-9013a2997db3/original/1765290937151_y1a2hi66cso.jpg', 'events/87f5b09a-1fd3-47f4-a4bf-9013a2997db3/thumbnails/1765290937919_e5f1duppy45.jpg', 1163810, '20250706_010758.jpg'),
  ('ab590d62-8494-414f-8e4c-60eeda1318da', '87f5b09a-1fd3-47f4-a4bf-9013a2997db3', 'https://plugjsubjcfblzkabjia.supabase.co/storage/v1/object/public/Convent/events/87f5b09a-1fd3-47f4-a4bf-9013a2997db3/original/1765290940798_uxggfka2ox.jpg', 'https://plugjsubjcfblzkabjia.supabase.co/storage/v1/object/public/Convent/events/87f5b09a-1fd3-47f4-a4bf-9013a2997db3/thumbnails/1765290943043_tw9ywpr8xbp.jpg', NULL, NULL, 'general', FALSE, 10, NULL, 'events/87f5b09a-1fd3-47f4-a4bf-9013a2997db3/original/1765290940798_uxggfka2ox.jpg', 'events/87f5b09a-1fd3-47f4-a4bf-9013a2997db3/thumbnails/1765290943043_tw9ywpr8xbp.jpg', 4820508, '20250706_205145.jpg'),
  ('39edcb2c-8498-4442-94dc-c7f58129609b', '87f5b09a-1fd3-47f4-a4bf-9013a2997db3', 'https://plugjsubjcfblzkabjia.supabase.co/storage/v1/object/public/Convent/events/87f5b09a-1fd3-47f4-a4bf-9013a2997db3/original/1765290945821_5p0i3sfyvx.jpg', 'https://plugjsubjcfblzkabjia.supabase.co/storage/v1/object/public/Convent/events/87f5b09a-1fd3-47f4-a4bf-9013a2997db3/thumbnails/1765290947857_gj0so1uvj49.jpg', NULL, NULL, 'general', FALSE, 11, NULL, 'events/87f5b09a-1fd3-47f4-a4bf-9013a2997db3/original/1765290945821_5p0i3sfyvx.jpg', 'events/87f5b09a-1fd3-47f4-a4bf-9013a2997db3/thumbnails/1765290947857_gj0so1uvj49.jpg', 6036578, '20250706_205157.jpg'),
  ('51403b96-4c90-4adc-b9bf-13ad5b6c2ba2', '87f5b09a-1fd3-47f4-a4bf-9013a2997db3', 'https://plugjsubjcfblzkabjia.supabase.co/storage/v1/object/public/Convent/events/87f5b09a-1fd3-47f4-a4bf-9013a2997db3/original/1765290948663_qc9dh9b89r.jpeg', 'https://plugjsubjcfblzkabjia.supabase.co/storage/v1/object/public/Convent/events/87f5b09a-1fd3-47f4-a4bf-9013a2997db3/thumbnails/1765290949675_3h8vueaf5ip.jpeg', NULL, NULL, 'general', FALSE, 12, NULL, 'events/87f5b09a-1fd3-47f4-a4bf-9013a2997db3/original/1765290948663_qc9dh9b89r.jpeg', 'events/87f5b09a-1fd3-47f4-a4bf-9013a2997db3/thumbnails/1765290949675_3h8vueaf5ip.jpeg', 2356204, '20250706-DSC09376.arw.jpeg'),
  ('c1a4bf79-3709-4f3c-93e1-9841a2127281', '87f5b09a-1fd3-47f4-a4bf-9013a2997db3', 'https://plugjsubjcfblzkabjia.supabase.co/storage/v1/object/public/Convent/events/87f5b09a-1fd3-47f4-a4bf-9013a2997db3/original/1765290950832_xdlh9p5gipb.jpg', 'https://plugjsubjcfblzkabjia.supabase.co/storage/v1/object/public/Convent/events/87f5b09a-1fd3-47f4-a4bf-9013a2997db3/thumbnails/1765290952476_78590mw1vf3.jpg', NULL, NULL, 'general', FALSE, 13, NULL, 'events/87f5b09a-1fd3-47f4-a4bf-9013a2997db3/original/1765290950832_xdlh9p5gipb.jpg', 'events/87f5b09a-1fd3-47f4-a4bf-9013a2997db3/thumbnails/1765290952476_78590mw1vf3.jpg', 3432992, 'IMG_4772 (2).JPG'),
  ('9e89eae2-2249-4ce3-8043-4561aad1e9bf', '87f5b09a-1fd3-47f4-a4bf-9013a2997db3', 'https://plugjsubjcfblzkabjia.supabase.co/storage/v1/object/public/Convent/events/87f5b09a-1fd3-47f4-a4bf-9013a2997db3/original/1765290953692_3ed10ix5vkr.jpg', 'https://plugjsubjcfblzkabjia.supabase.co/storage/v1/object/public/Convent/events/87f5b09a-1fd3-47f4-a4bf-9013a2997db3/thumbnails/1765290955163_742iiw3uli.jpg', NULL, NULL, 'general', FALSE, 14, NULL, 'events/87f5b09a-1fd3-47f4-a4bf-9013a2997db3/original/1765290953692_3ed10ix5vkr.jpg', 'events/87f5b09a-1fd3-47f4-a4bf-9013a2997db3/thumbnails/1765290955163_742iiw3uli.jpg', 3844485, 'IMG_4773 (2).JPG'),
  ('354f21be-864f-4b1b-a812-82ef0c2df870', '87f5b09a-1fd3-47f4-a4bf-9013a2997db3', 'https://plugjsubjcfblzkabjia.supabase.co/storage/v1/object/public/Convent/events/87f5b09a-1fd3-47f4-a4bf-9013a2997db3/original/1765290956613_di71jlgk4w.jpg', 'https://plugjsubjcfblzkabjia.supabase.co/storage/v1/object/public/Convent/events/87f5b09a-1fd3-47f4-a4bf-9013a2997db3/thumbnails/1765290957714_4hzatyd13vp.jpg', NULL, NULL, 'general', FALSE, 15, NULL, 'events/87f5b09a-1fd3-47f4-a4bf-9013a2997db3/original/1765290956613_di71jlgk4w.jpg', 'events/87f5b09a-1fd3-47f4-a4bf-9013a2997db3/thumbnails/1765290957714_4hzatyd13vp.jpg', 3704273, 'IMG_4787(1).JPG'),
  ('201e7da9-ac52-401f-b335-393187d91f76', '87f5b09a-1fd3-47f4-a4bf-9013a2997db3', 'https://plugjsubjcfblzkabjia.supabase.co/storage/v1/object/public/Convent/events/87f5b09a-1fd3-47f4-a4bf-9013a2997db3/original/1765290959257_4oumoros6v2.jpg', 'https://plugjsubjcfblzkabjia.supabase.co/storage/v1/object/public/Convent/events/87f5b09a-1fd3-47f4-a4bf-9013a2997db3/thumbnails/1765290960350_ubgae0hubkr.jpg', NULL, NULL, 'general', FALSE, 16, NULL, 'events/87f5b09a-1fd3-47f4-a4bf-9013a2997db3/original/1765290959257_4oumoros6v2.jpg', 'events/87f5b09a-1fd3-47f4-a4bf-9013a2997db3/thumbnails/1765290960350_ubgae0hubkr.jpg', 4413101, 'IMG_4788(1).JPG'),
  ('9a1ef366-aa77-450e-8317-393aebebfe0e', '87f5b09a-1fd3-47f4-a4bf-9013a2997db3', 'https://plugjsubjcfblzkabjia.supabase.co/storage/v1/object/public/Convent/events/87f5b09a-1fd3-47f4-a4bf-9013a2997db3/original/1765290960796_7vmocnfrm8x.jpg', 'https://plugjsubjcfblzkabjia.supabase.co/storage/v1/object/public/Convent/events/87f5b09a-1fd3-47f4-a4bf-9013a2997db3/thumbnails/1765290961296_dw8mq3o2ix9.jpg', NULL, NULL, 'general', FALSE, 17, NULL, 'events/87f5b09a-1fd3-47f4-a4bf-9013a2997db3/original/1765290960796_7vmocnfrm8x.jpg', 'events/87f5b09a-1fd3-47f4-a4bf-9013a2997db3/thumbnails/1765290961296_dw8mq3o2ix9.jpg', 552654, 'IMG_20250705_194059_245.jpg'),
  ('3897706a-4bf5-4410-9f62-1b8d45368232', '87f5b09a-1fd3-47f4-a4bf-9013a2997db3', 'https://plugjsubjcfblzkabjia.supabase.co/storage/v1/object/public/Convent/events/87f5b09a-1fd3-47f4-a4bf-9013a2997db3/original/1765290963477_l7dkt56599q.jpg', 'https://plugjsubjcfblzkabjia.supabase.co/storage/v1/object/public/Convent/events/87f5b09a-1fd3-47f4-a4bf-9013a2997db3/thumbnails/1765290964588_ixttjck5e38.jpg', NULL, NULL, 'general', FALSE, 18, NULL, 'events/87f5b09a-1fd3-47f4-a4bf-9013a2997db3/original/1765290963477_l7dkt56599q.jpg', 'events/87f5b09a-1fd3-47f4-a4bf-9013a2997db3/thumbnails/1765290964588_ixttjck5e38.jpg', 4140436, 'IMG_20250705_224341.jpg'),
  ('735815aa-522f-44d0-9a3f-396b9c646858', '87f5b09a-1fd3-47f4-a4bf-9013a2997db3', 'https://plugjsubjcfblzkabjia.supabase.co/storage/v1/object/public/Convent/events/87f5b09a-1fd3-47f4-a4bf-9013a2997db3/original/1765290966714_f3j1sdlp5hm.jpg', 'https://plugjsubjcfblzkabjia.supabase.co/storage/v1/object/public/Convent/events/87f5b09a-1fd3-47f4-a4bf-9013a2997db3/thumbnails/1765290967463_gtbzybpjr2.jpg', NULL, NULL, 'general', FALSE, 19, NULL, 'events/87f5b09a-1fd3-47f4-a4bf-9013a2997db3/original/1765290966714_f3j1sdlp5hm.jpg', 'events/87f5b09a-1fd3-47f4-a4bf-9013a2997db3/thumbnails/1765290967463_gtbzybpjr2.jpg', 2202164, 'IMG_20250705_224425.jpg'),
  ('13f98475-8574-4053-a5f4-3183f1e379d1', '87f5b09a-1fd3-47f4-a4bf-9013a2997db3', 'https://plugjsubjcfblzkabjia.supabase.co/storage/v1/object/public/Convent/events/87f5b09a-1fd3-47f4-a4bf-9013a2997db3/original/1765290968518_0h3utwly9owc.jpg', 'https://plugjsubjcfblzkabjia.supabase.co/storage/v1/object/public/Convent/events/87f5b09a-1fd3-47f4-a4bf-9013a2997db3/thumbnails/1765290969638_kpx0b4bl1nc.jpg', NULL, NULL, 'general', FALSE, 20, NULL, 'events/87f5b09a-1fd3-47f4-a4bf-9013a2997db3/original/1765290968518_0h3utwly9owc.jpg', 'events/87f5b09a-1fd3-47f4-a4bf-9013a2997db3/thumbnails/1765290969638_kpx0b4bl1nc.jpg', 3237953, 'IMG_20250705_224444.jpg'),
  ('182f65bf-3999-4533-94b8-d2b3ddd0fc36', '87f5b09a-1fd3-47f4-a4bf-9013a2997db3', 'https://plugjsubjcfblzkabjia.supabase.co/storage/v1/object/public/Convent/events/87f5b09a-1fd3-47f4-a4bf-9013a2997db3/original/1765290970302_69oy8z6vtb.jpg', 'https://plugjsubjcfblzkabjia.supabase.co/storage/v1/object/public/Convent/events/87f5b09a-1fd3-47f4-a4bf-9013a2997db3/thumbnails/1765290971015_q1vxqosm42j.jpg', NULL, NULL, 'general', FALSE, 21, NULL, 'events/87f5b09a-1fd3-47f4-a4bf-9013a2997db3/original/1765290970302_69oy8z6vtb.jpg', 'events/87f5b09a-1fd3-47f4-a4bf-9013a2997db3/thumbnails/1765290971015_q1vxqosm42j.jpg', 117587, 'IMG_20250706_125148_343.jpg'),
  ('59c86074-b52c-4f54-bda6-537f9391af61', '87f5b09a-1fd3-47f4-a4bf-9013a2997db3', 'https://plugjsubjcfblzkabjia.supabase.co/storage/v1/object/public/Convent/events/87f5b09a-1fd3-47f4-a4bf-9013a2997db3/original/1765290972003_cq8yli9j4kg.jpg', 'https://plugjsubjcfblzkabjia.supabase.co/storage/v1/object/public/Convent/events/87f5b09a-1fd3-47f4-a4bf-9013a2997db3/thumbnails/1765290972453_by8ou7lqnq.jpg', NULL, NULL, 'general', FALSE, 22, NULL, 'events/87f5b09a-1fd3-47f4-a4bf-9013a2997db3/original/1765290972003_cq8yli9j4kg.jpg', 'events/87f5b09a-1fd3-47f4-a4bf-9013a2997db3/thumbnails/1765290972453_by8ou7lqnq.jpg', 170688, 'IMG_20250706_125202_850.jpg'),
  ('bdedef6d-c8d5-4ff6-977a-c8408519473d', '87f5b09a-1fd3-47f4-a4bf-9013a2997db3', 'https://plugjsubjcfblzkabjia.supabase.co/storage/v1/object/public/Convent/events/87f5b09a-1fd3-47f4-a4bf-9013a2997db3/original/1765290973329_7odimoyv7bv.jpg', 'https://plugjsubjcfblzkabjia.supabase.co/storage/v1/object/public/Convent/events/87f5b09a-1fd3-47f4-a4bf-9013a2997db3/thumbnails/1765290974183_h3skcehog69.jpg', NULL, NULL, 'general', FALSE, 23, NULL, 'events/87f5b09a-1fd3-47f4-a4bf-9013a2997db3/original/1765290973329_7odimoyv7bv.jpg', 'events/87f5b09a-1fd3-47f4-a4bf-9013a2997db3/thumbnails/1765290974183_h3skcehog69.jpg', 1353657, 'IMG_20250707_084510_020.jpg'),
  ('0e5c301b-e8a4-4b21-be6c-a8e047f65ecb', '87f5b09a-1fd3-47f4-a4bf-9013a2997db3', 'https://plugjsubjcfblzkabjia.supabase.co/storage/v1/object/public/Convent/events/87f5b09a-1fd3-47f4-a4bf-9013a2997db3/original/1765290975970_3po927dcj1d.jpg', 'https://plugjsubjcfblzkabjia.supabase.co/storage/v1/object/public/Convent/events/87f5b09a-1fd3-47f4-a4bf-9013a2997db3/thumbnails/1765290977457_tci1uwf3wcg.jpg', NULL, NULL, 'general', FALSE, 24, NULL, 'events/87f5b09a-1fd3-47f4-a4bf-9013a2997db3/original/1765290975970_3po927dcj1d.jpg', 'events/87f5b09a-1fd3-47f4-a4bf-9013a2997db3/thumbnails/1765290977457_tci1uwf3wcg.jpg', 4737571, 'IMG_20250707_162443.jpg'),
  ('0ca58e79-c078-4ab2-9183-a22458c72b36', '87f5b09a-1fd3-47f4-a4bf-9013a2997db3', 'https://plugjsubjcfblzkabjia.supabase.co/storage/v1/object/public/Convent/events/87f5b09a-1fd3-47f4-a4bf-9013a2997db3/original/1765290977848_ofzcdhrqc2s.jpg', 'https://plugjsubjcfblzkabjia.supabase.co/storage/v1/object/public/Convent/events/87f5b09a-1fd3-47f4-a4bf-9013a2997db3/thumbnails/1765290978323_rppw4zpez6.jpg', NULL, NULL, 'general', FALSE, 25, NULL, 'events/87f5b09a-1fd3-47f4-a4bf-9013a2997db3/original/1765290977848_ofzcdhrqc2s.jpg', 'events/87f5b09a-1fd3-47f4-a4bf-9013a2997db3/thumbnails/1765290978323_rppw4zpez6.jpg', 318357, 'IMG_20250707_165049_080.JPG'),
  ('b9ead207-1da1-4543-9e21-7bb82041d11c', '87f5b09a-1fd3-47f4-a4bf-9013a2997db3', 'https://plugjsubjcfblzkabjia.supabase.co/storage/v1/object/public/Convent/events/87f5b09a-1fd3-47f4-a4bf-9013a2997db3/original/1765290978671_2z2iel73nj5.jpg', 'https://plugjsubjcfblzkabjia.supabase.co/storage/v1/object/public/Convent/events/87f5b09a-1fd3-47f4-a4bf-9013a2997db3/thumbnails/1765290979234_z17sdyn2skr.jpg', NULL, NULL, 'general', FALSE, 26, NULL, 'events/87f5b09a-1fd3-47f4-a4bf-9013a2997db3/original/1765290978671_2z2iel73nj5.jpg', 'events/87f5b09a-1fd3-47f4-a4bf-9013a2997db3/thumbnails/1765290979234_z17sdyn2skr.jpg', 465878, 'IMG_20250707_165049_215.JPG'),
  ('88ba5ffe-fdc7-436b-baea-ee1a4ec28a4f', '87f5b09a-1fd3-47f4-a4bf-9013a2997db3', 'https://plugjsubjcfblzkabjia.supabase.co/storage/v1/object/public/Convent/events/87f5b09a-1fd3-47f4-a4bf-9013a2997db3/original/1765290979809_av2f5rftze.jpg', 'https://plugjsubjcfblzkabjia.supabase.co/storage/v1/object/public/Convent/events/87f5b09a-1fd3-47f4-a4bf-9013a2997db3/thumbnails/1765290980434_k42ugb710ik.jpg', NULL, NULL, 'general', FALSE, 27, NULL, 'events/87f5b09a-1fd3-47f4-a4bf-9013a2997db3/original/1765290979809_av2f5rftze.jpg', 'events/87f5b09a-1fd3-47f4-a4bf-9013a2997db3/thumbnails/1765290980434_k42ugb710ik.jpg', 283133, 'IMG_20250707_165049_279.JPG'),
  ('c5ca6550-8ac9-4000-aec2-81d25a9e5f49', '87f5b09a-1fd3-47f4-a4bf-9013a2997db3', 'https://plugjsubjcfblzkabjia.supabase.co/storage/v1/object/public/Convent/events/87f5b09a-1fd3-47f4-a4bf-9013a2997db3/original/1765290980807_e98w5pfejm5.jpg', 'https://plugjsubjcfblzkabjia.supabase.co/storage/v1/object/public/Convent/events/87f5b09a-1fd3-47f4-a4bf-9013a2997db3/thumbnails/1765290981297_lvtsh8o0v09.jpg', NULL, NULL, 'general', FALSE, 28, NULL, 'events/87f5b09a-1fd3-47f4-a4bf-9013a2997db3/original/1765290980807_e98w5pfejm5.jpg', 'events/87f5b09a-1fd3-47f4-a4bf-9013a2997db3/thumbnails/1765290981297_lvtsh8o0v09.jpg', 245949, 'IMG_20250708_090755_093.jpg'),
  ('e9a45229-4215-40f0-9bdf-cb4bbdf64299', '87f5b09a-1fd3-47f4-a4bf-9013a2997db3', 'https://plugjsubjcfblzkabjia.supabase.co/storage/v1/object/public/Convent/events/87f5b09a-1fd3-47f4-a4bf-9013a2997db3/original/1765290981651_zgeqvvgwchp.jpg', 'https://plugjsubjcfblzkabjia.supabase.co/storage/v1/object/public/Convent/events/87f5b09a-1fd3-47f4-a4bf-9013a2997db3/thumbnails/1765290982110_1utl7xebp2l.jpg', NULL, NULL, 'general', FALSE, 29, NULL, 'events/87f5b09a-1fd3-47f4-a4bf-9013a2997db3/original/1765290981651_zgeqvvgwchp.jpg', 'events/87f5b09a-1fd3-47f4-a4bf-9013a2997db3/thumbnails/1765290982110_1utl7xebp2l.jpg', 192239, 'IMG_20250708_090759_462.jpg'),
  ('4f556993-f3e6-464d-abfa-1f1a62b86c0b', '87f5b09a-1fd3-47f4-a4bf-9013a2997db3', 'https://plugjsubjcfblzkabjia.supabase.co/storage/v1/object/public/Convent/events/87f5b09a-1fd3-47f4-a4bf-9013a2997db3/original/1765290982496_1i1yly3thnu.jpg', 'https://plugjsubjcfblzkabjia.supabase.co/storage/v1/object/public/Convent/events/87f5b09a-1fd3-47f4-a4bf-9013a2997db3/thumbnails/1765290983250_h1izpjnw3p.jpg', NULL, NULL, 'general', FALSE, 30, NULL, 'events/87f5b09a-1fd3-47f4-a4bf-9013a2997db3/original/1765290982496_1i1yly3thnu.jpg', 'events/87f5b09a-1fd3-47f4-a4bf-9013a2997db3/thumbnails/1765290983250_h1izpjnw3p.jpg', 732429, 'IMG_20250708_090814_978.jpg'),
  ('8db6c3fc-1b06-49de-a241-f54a20572682', '87f5b09a-1fd3-47f4-a4bf-9013a2997db3', 'https://plugjsubjcfblzkabjia.supabase.co/storage/v1/object/public/Convent/events/87f5b09a-1fd3-47f4-a4bf-9013a2997db3/original/1765290983668_rgyjq862g1k.jpg', 'https://plugjsubjcfblzkabjia.supabase.co/storage/v1/object/public/Convent/events/87f5b09a-1fd3-47f4-a4bf-9013a2997db3/thumbnails/1765290984468_7v55l7dafqj.jpg', NULL, NULL, 'general', FALSE, 31, NULL, 'events/87f5b09a-1fd3-47f4-a4bf-9013a2997db3/original/1765290983668_rgyjq862g1k.jpg', 'events/87f5b09a-1fd3-47f4-a4bf-9013a2997db3/thumbnails/1765290984468_7v55l7dafqj.jpg', 762069, 'IMG_20250708_090819_067.jpg'),
  ('dea54ded-c95b-4c81-9f1f-7cb2a5ababf7', '87f5b09a-1fd3-47f4-a4bf-9013a2997db3', 'https://plugjsubjcfblzkabjia.supabase.co/storage/v1/object/public/Convent/events/87f5b09a-1fd3-47f4-a4bf-9013a2997db3/original/1765290984838_085qx2ojrhc.jpg', 'https://plugjsubjcfblzkabjia.supabase.co/storage/v1/object/public/Convent/events/87f5b09a-1fd3-47f4-a4bf-9013a2997db3/thumbnails/1765290985242_4ain3f86by7.jpg', NULL, NULL, 'general', FALSE, 32, NULL, 'events/87f5b09a-1fd3-47f4-a4bf-9013a2997db3/original/1765290984838_085qx2ojrhc.jpg', 'events/87f5b09a-1fd3-47f4-a4bf-9013a2997db3/thumbnails/1765290985242_4ain3f86by7.jpg', 154860, 'IMG_20250708_090857_646.jpg'),
  ('c86b55c6-b6cf-4739-9394-35e2162e9ad7', '87f5b09a-1fd3-47f4-a4bf-9013a2997db3', 'https://plugjsubjcfblzkabjia.supabase.co/storage/v1/object/public/Convent/events/87f5b09a-1fd3-47f4-a4bf-9013a2997db3/original/1765290985556_hoghelnsrkk.jpg', 'https://plugjsubjcfblzkabjia.supabase.co/storage/v1/object/public/Convent/events/87f5b09a-1fd3-47f4-a4bf-9013a2997db3/thumbnails/1765290986159_lbytcm2qtri.jpg', NULL, NULL, 'general', FALSE, 33, NULL, 'events/87f5b09a-1fd3-47f4-a4bf-9013a2997db3/original/1765290985556_hoghelnsrkk.jpg', 'events/87f5b09a-1fd3-47f4-a4bf-9013a2997db3/thumbnails/1765290986159_lbytcm2qtri.jpg', 197661, 'IMG_20250708_090913_630.jpg'),
  ('738154c7-a2f0-4f5b-80c0-4f97d811643f', '87f5b09a-1fd3-47f4-a4bf-9013a2997db3', 'https://plugjsubjcfblzkabjia.supabase.co/storage/v1/object/public/Convent/events/87f5b09a-1fd3-47f4-a4bf-9013a2997db3/original/1765290986494_rs474w8rkis.jpg', 'https://plugjsubjcfblzkabjia.supabase.co/storage/v1/object/public/Convent/events/87f5b09a-1fd3-47f4-a4bf-9013a2997db3/thumbnails/1765290986989_lwo5dovxob.jpg', NULL, NULL, 'general', FALSE, 34, NULL, 'events/87f5b09a-1fd3-47f4-a4bf-9013a2997db3/original/1765290986494_rs474w8rkis.jpg', 'events/87f5b09a-1fd3-47f4-a4bf-9013a2997db3/thumbnails/1765290986989_lwo5dovxob.jpg', 207043, 'IMG_20250708_234549_364.jpg'),
  ('a4736c78-3d0d-42a5-8549-f9e1dcdb1c6b', '87f5b09a-1fd3-47f4-a4bf-9013a2997db3', 'https://plugjsubjcfblzkabjia.supabase.co/storage/v1/object/public/Convent/events/87f5b09a-1fd3-47f4-a4bf-9013a2997db3/original/1765290987328_9te8e0v0ihl.jpg', 'https://plugjsubjcfblzkabjia.supabase.co/storage/v1/object/public/Convent/events/87f5b09a-1fd3-47f4-a4bf-9013a2997db3/thumbnails/1765290987745_upgsam4eryn.jpg', NULL, NULL, 'general', FALSE, 35, NULL, 'events/87f5b09a-1fd3-47f4-a4bf-9013a2997db3/original/1765290987328_9te8e0v0ihl.jpg', 'events/87f5b09a-1fd3-47f4-a4bf-9013a2997db3/thumbnails/1765290987745_upgsam4eryn.jpg', 137245, 'IMG_20250709_181726_946.jpg'),
  ('1ca0fd07-9ec0-4f68-a9a8-92202caedc2d', '87f5b09a-1fd3-47f4-a4bf-9013a2997db3', 'https://plugjsubjcfblzkabjia.supabase.co/storage/v1/object/public/Convent/events/87f5b09a-1fd3-47f4-a4bf-9013a2997db3/original/1765290988077_jktm2pmw9cl.jpg', 'https://plugjsubjcfblzkabjia.supabase.co/storage/v1/object/public/Convent/events/87f5b09a-1fd3-47f4-a4bf-9013a2997db3/thumbnails/1765290988565_viowckwta0m.jpg', NULL, NULL, 'general', FALSE, 36, NULL, 'events/87f5b09a-1fd3-47f4-a4bf-9013a2997db3/original/1765290988077_jktm2pmw9cl.jpg', 'events/87f5b09a-1fd3-47f4-a4bf-9013a2997db3/thumbnails/1765290988565_viowckwta0m.jpg', 238426, 'IMG_20250709_190046_292.jpg'),
  ('a0277ed1-d4ff-49d8-aa94-9c91e2b22f05', '87f5b09a-1fd3-47f4-a4bf-9013a2997db3', 'https://plugjsubjcfblzkabjia.supabase.co/storage/v1/object/public/Convent/events/87f5b09a-1fd3-47f4-a4bf-9013a2997db3/original/1765290988877_dfr45nbgyci.jpg', 'https://plugjsubjcfblzkabjia.supabase.co/storage/v1/object/public/Convent/events/87f5b09a-1fd3-47f4-a4bf-9013a2997db3/thumbnails/1765290989358_3qmyj6mxtge.jpg', NULL, NULL, 'general', FALSE, 37, NULL, 'events/87f5b09a-1fd3-47f4-a4bf-9013a2997db3/original/1765290988877_dfr45nbgyci.jpg', 'events/87f5b09a-1fd3-47f4-a4bf-9013a2997db3/thumbnails/1765290989358_3qmyj6mxtge.jpg', 212136, 'IMG_20250709_190046_571.jpg'),
  ('e2effaca-c97f-4d9d-9d95-afd784255544', '87f5b09a-1fd3-47f4-a4bf-9013a2997db3', 'https://plugjsubjcfblzkabjia.supabase.co/storage/v1/object/public/Convent/events/87f5b09a-1fd3-47f4-a4bf-9013a2997db3/original/1765290989900_bbe9ip4m5wc.jpg', 'https://plugjsubjcfblzkabjia.supabase.co/storage/v1/object/public/Convent/events/87f5b09a-1fd3-47f4-a4bf-9013a2997db3/thumbnails/1765290990747_16561yow1vx.jpg', NULL, NULL, 'general', FALSE, 38, NULL, 'events/87f5b09a-1fd3-47f4-a4bf-9013a2997db3/original/1765290989900_bbe9ip4m5wc.jpg', 'events/87f5b09a-1fd3-47f4-a4bf-9013a2997db3/thumbnails/1765290990747_16561yow1vx.jpg', 917142, 'IMG_20250714_013414_181.jpg'),
  ('62b9d889-31f1-41c7-97f0-77656e4eb624', '87f5b09a-1fd3-47f4-a4bf-9013a2997db3', 'https://plugjsubjcfblzkabjia.supabase.co/storage/v1/object/public/Convent/events/87f5b09a-1fd3-47f4-a4bf-9013a2997db3/original/1765290991817_cqbscok0yfu.jpg', 'https://plugjsubjcfblzkabjia.supabase.co/storage/v1/object/public/Convent/events/87f5b09a-1fd3-47f4-a4bf-9013a2997db3/thumbnails/1765290992397_chkik1s6p4u.jpg', NULL, NULL, 'general', FALSE, 39, NULL, 'events/87f5b09a-1fd3-47f4-a4bf-9013a2997db3/original/1765290991817_cqbscok0yfu.jpg', 'events/87f5b09a-1fd3-47f4-a4bf-9013a2997db3/thumbnails/1765290992397_chkik1s6p4u.jpg', 1424738, 'IMG_20250714_013417_500.jpg'),
  ('6431cf9e-c052-41cc-9e10-49bb8e675d2b', '87f5b09a-1fd3-47f4-a4bf-9013a2997db3', 'https://plugjsubjcfblzkabjia.supabase.co/storage/v1/object/public/Convent/events/87f5b09a-1fd3-47f4-a4bf-9013a2997db3/original/1765290992947_ea93s1uaq4.jpg', 'https://plugjsubjcfblzkabjia.supabase.co/storage/v1/object/public/Convent/events/87f5b09a-1fd3-47f4-a4bf-9013a2997db3/thumbnails/1765290993466_t5pkzb92nrs.jpg', NULL, NULL, 'general', FALSE, 40, NULL, 'events/87f5b09a-1fd3-47f4-a4bf-9013a2997db3/original/1765290992947_ea93s1uaq4.jpg', 'events/87f5b09a-1fd3-47f4-a4bf-9013a2997db3/thumbnails/1765290993466_t5pkzb92nrs.jpg', 502925, 'IMG_20250714_220146_355.jpg'),
  ('7537d158-2135-409b-8be4-afa2af921397', '87f5b09a-1fd3-47f4-a4bf-9013a2997db3', 'https://plugjsubjcfblzkabjia.supabase.co/storage/v1/object/public/Convent/events/87f5b09a-1fd3-47f4-a4bf-9013a2997db3/original/1765290993817_vq9k52lvxh.jpg', 'https://plugjsubjcfblzkabjia.supabase.co/storage/v1/object/public/Convent/events/87f5b09a-1fd3-47f4-a4bf-9013a2997db3/thumbnails/1765290994377_vfm8pfqeotd.jpg', NULL, NULL, 'general', FALSE, 41, NULL, 'events/87f5b09a-1fd3-47f4-a4bf-9013a2997db3/original/1765290993817_vq9k52lvxh.jpg', 'events/87f5b09a-1fd3-47f4-a4bf-9013a2997db3/thumbnails/1765290994377_vfm8pfqeotd.jpg', 504144, 'IMG_20250728_001033_607.jpg'),
  ('f4e69ad5-173f-4423-a659-c4ade332e595', '87f5b09a-1fd3-47f4-a4bf-9013a2997db3', 'https://plugjsubjcfblzkabjia.supabase.co/storage/v1/object/public/Convent/events/87f5b09a-1fd3-47f4-a4bf-9013a2997db3/original/1765290994845_15vm21ssz78j.jpg', 'https://plugjsubjcfblzkabjia.supabase.co/storage/v1/object/public/Convent/events/87f5b09a-1fd3-47f4-a4bf-9013a2997db3/thumbnails/1765290995800_p9lv2s6iumi.jpg', NULL, NULL, 'general', FALSE, 42, NULL, 'events/87f5b09a-1fd3-47f4-a4bf-9013a2997db3/original/1765290994845_15vm21ssz78j.jpg', 'events/87f5b09a-1fd3-47f4-a4bf-9013a2997db3/thumbnails/1765290995800_p9lv2s6iumi.jpg', 609243, 'IMG_20250728_001040_705.jpg'),
  ('8902a088-5756-4f95-ae85-20e01210e85a', '87f5b09a-1fd3-47f4-a4bf-9013a2997db3', 'https://plugjsubjcfblzkabjia.supabase.co/storage/v1/object/public/Convent/events/87f5b09a-1fd3-47f4-a4bf-9013a2997db3/original/1765290997191_64vtl27yzb9.jpg', 'https://plugjsubjcfblzkabjia.supabase.co/storage/v1/object/public/Convent/events/87f5b09a-1fd3-47f4-a4bf-9013a2997db3/thumbnails/1765290998570_mijz96ittph.jpg', NULL, NULL, 'general', FALSE, 43, NULL, 'events/87f5b09a-1fd3-47f4-a4bf-9013a2997db3/original/1765290997191_64vtl27yzb9.jpg', 'events/87f5b09a-1fd3-47f4-a4bf-9013a2997db3/thumbnails/1765290998570_mijz96ittph.jpg', 2085192, 'IMG_20250805_210821_829.jpg'),
  ('abd91f56-8566-452a-a617-0266d826d36a', '87f5b09a-1fd3-47f4-a4bf-9013a2997db3', 'https://plugjsubjcfblzkabjia.supabase.co/storage/v1/object/public/Convent/events/87f5b09a-1fd3-47f4-a4bf-9013a2997db3/original/1765290999383_y1dvoc036q.jpg', 'https://plugjsubjcfblzkabjia.supabase.co/storage/v1/object/public/Convent/events/87f5b09a-1fd3-47f4-a4bf-9013a2997db3/thumbnails/1765291000303_b5nkj6rrd5u.jpg', NULL, NULL, 'general', FALSE, 44, NULL, 'events/87f5b09a-1fd3-47f4-a4bf-9013a2997db3/original/1765290999383_y1dvoc036q.jpg', 'events/87f5b09a-1fd3-47f4-a4bf-9013a2997db3/thumbnails/1765291000303_b5nkj6rrd5u.jpg', 1573907, 'IMG_20250805_210838_649.jpg'),
  ('e2b53d53-65e2-4fdb-a2e2-50cd75a396d2', '87f5b09a-1fd3-47f4-a4bf-9013a2997db3', 'https://plugjsubjcfblzkabjia.supabase.co/storage/v1/object/public/Convent/events/87f5b09a-1fd3-47f4-a4bf-9013a2997db3/original/1765291001036_ycmn2m8vjz.jpg', 'https://plugjsubjcfblzkabjia.supabase.co/storage/v1/object/public/Convent/events/87f5b09a-1fd3-47f4-a4bf-9013a2997db3/thumbnails/1765291001910_oo4hta2o5sk.jpg', NULL, NULL, 'general', FALSE, 45, NULL, 'events/87f5b09a-1fd3-47f4-a4bf-9013a2997db3/original/1765291001036_ycmn2m8vjz.jpg', 'events/87f5b09a-1fd3-47f4-a4bf-9013a2997db3/thumbnails/1765291001910_oo4hta2o5sk.jpg', 1090179, 'IMG_20250805_210847_039.jpg'),
  ('060f7605-a904-4de4-a546-7f410962a0a6', '87f5b09a-1fd3-47f4-a4bf-9013a2997db3', 'https://plugjsubjcfblzkabjia.supabase.co/storage/v1/object/public/Convent/events/87f5b09a-1fd3-47f4-a4bf-9013a2997db3/original/1765291002572_djgssg5sbce.jpg', 'https://plugjsubjcfblzkabjia.supabase.co/storage/v1/object/public/Convent/events/87f5b09a-1fd3-47f4-a4bf-9013a2997db3/thumbnails/1765291003234_5t1y5rvekwp.jpg', NULL, NULL, 'general', FALSE, 46, NULL, 'events/87f5b09a-1fd3-47f4-a4bf-9013a2997db3/original/1765291002572_djgssg5sbce.jpg', 'events/87f5b09a-1fd3-47f4-a4bf-9013a2997db3/thumbnails/1765291003234_5t1y5rvekwp.jpg', 684564, 'IMG_20250805_211121_736.jpg'),
  ('75f9bda9-ef47-42b3-b578-fb443a450014', '87f5b09a-1fd3-47f4-a4bf-9013a2997db3', 'https://plugjsubjcfblzkabjia.supabase.co/storage/v1/object/public/Convent/events/87f5b09a-1fd3-47f4-a4bf-9013a2997db3/original/1765291003912_ni1woop1b0j.jpg', 'https://plugjsubjcfblzkabjia.supabase.co/storage/v1/object/public/Convent/events/87f5b09a-1fd3-47f4-a4bf-9013a2997db3/thumbnails/1765291005092_wmgmmkeyb5.jpg', NULL, NULL, 'general', FALSE, 47, NULL, 'events/87f5b09a-1fd3-47f4-a4bf-9013a2997db3/original/1765291003912_ni1woop1b0j.jpg', 'events/87f5b09a-1fd3-47f4-a4bf-9013a2997db3/thumbnails/1765291005092_wmgmmkeyb5.jpg', 2141292, 'IMG_20250805_211127_873.jpg'),
  ('52a39638-7b1e-466f-aec4-a4b6c4b333c3', '87f5b09a-1fd3-47f4-a4bf-9013a2997db3', 'https://plugjsubjcfblzkabjia.supabase.co/storage/v1/object/public/Convent/events/87f5b09a-1fd3-47f4-a4bf-9013a2997db3/original/1765291005451_lh16j6svjp.jpg', 'https://plugjsubjcfblzkabjia.supabase.co/storage/v1/object/public/Convent/events/87f5b09a-1fd3-47f4-a4bf-9013a2997db3/thumbnails/1765291005969_qnxl431qdr.jpg', NULL, NULL, 'general', FALSE, 48, NULL, 'events/87f5b09a-1fd3-47f4-a4bf-9013a2997db3/original/1765291005451_lh16j6svjp.jpg', 'events/87f5b09a-1fd3-47f4-a4bf-9013a2997db3/thumbnails/1765291005969_qnxl431qdr.jpg', 429141, 'IMG_20250805_212718_634.jpg'),
  ('cb1254f0-a76b-4ebd-aba0-43a942ab1c81', '3d49b41e-c624-43c6-8f20-95c431182ae4', 'https://plugjsubjcfblzkabjia.supabase.co/storage/v1/object/public/Convent/events/3d49b41e-c624-43c6-8f20-95c431182ae4/original/1765593356590_cc520t5r084.jpg', 'https://plugjsubjcfblzkabjia.supabase.co/storage/v1/object/public/Convent/events/3d49b41e-c624-43c6-8f20-95c431182ae4/thumbnails/1765593357672_u4bftyvlbsl.jpg', NULL, NULL, 'general', FALSE, 54, NULL, 'events/3d49b41e-c624-43c6-8f20-95c431182ae4/original/1765593356590_cc520t5r084.jpg', 'events/3d49b41e-c624-43c6-8f20-95c431182ae4/thumbnails/1765593357672_u4bftyvlbsl.jpg', 1296888, 'F85OCN0mb1rVHD2q0NDx-mUKOuRM53VwTbIpVdyH5Q5HbqOjfyY64LJiBpGPDf5IPNQlLZs0o5z1mIDpSSMteqgo.jpg'),
  ('27362e28-4d47-44f1-a3f9-271a422465d4', '3d49b41e-c624-43c6-8f20-95c431182ae4', 'https://plugjsubjcfblzkabjia.supabase.co/storage/v1/object/public/Convent/events/3d49b41e-c624-43c6-8f20-95c431182ae4/original/1765593358274_lgjduzui3wd.jpg', 'https://plugjsubjcfblzkabjia.supabase.co/storage/v1/object/public/Convent/events/3d49b41e-c624-43c6-8f20-95c431182ae4/thumbnails/1765593358847_z86rvy6135s.jpg', NULL, NULL, 'general', FALSE, 55, NULL, 'events/3d49b41e-c624-43c6-8f20-95c431182ae4/original/1765593358274_lgjduzui3wd.jpg', 'events/3d49b41e-c624-43c6-8f20-95c431182ae4/thumbnails/1765593358847_z86rvy6135s.jpg', 922872, 'gWVV_YLrV3PidZMMU0fVnMaNYbJ5pGU7gDS8sq_khDPuW1n78jj3wARwfD3QHOz2BGlIYPmjbiniZRqY4HaOgc08.jpg'),
  ('2aaaa6e6-9016-4233-a642-805a04cab4ef', '3d49b41e-c624-43c6-8f20-95c431182ae4', 'https://plugjsubjcfblzkabjia.supabase.co/storage/v1/object/public/Convent/events/3d49b41e-c624-43c6-8f20-95c431182ae4/original/1765593359442_vyc3zafjw3j.jpg', 'https://plugjsubjcfblzkabjia.supabase.co/storage/v1/object/public/Convent/events/3d49b41e-c624-43c6-8f20-95c431182ae4/thumbnails/1765593360548_sb0lw0cpqa.jpg', NULL, NULL, 'general', FALSE, 56, NULL, 'events/3d49b41e-c624-43c6-8f20-95c431182ae4/original/1765593359442_vyc3zafjw3j.jpg', 'events/3d49b41e-c624-43c6-8f20-95c431182ae4/thumbnails/1765593360548_sb0lw0cpqa.jpg', 1425821, 'n8ES96qEsESXM3YNPFyNHVds3DoP3VoMKxLIwtB4wy02QkNeS_ZALBDKhFaqPwDScGuo3gbvdHtzpTmgmTgKQ9d0.jpg'),
  ('49439f25-b7c7-4df3-9a73-b436b011e9ff', '3d49b41e-c624-43c6-8f20-95c431182ae4', 'https://plugjsubjcfblzkabjia.supabase.co/storage/v1/object/public/Convent/events/3d49b41e-c624-43c6-8f20-95c431182ae4/original/1765593361129_dk722g0kyra.jpg', 'https://plugjsubjcfblzkabjia.supabase.co/storage/v1/object/public/Convent/events/3d49b41e-c624-43c6-8f20-95c431182ae4/thumbnails/1765593361867_e0s77pvgzmm.jpg', NULL, NULL, 'general', FALSE, 57, NULL, 'events/3d49b41e-c624-43c6-8f20-95c431182ae4/original/1765593361129_dk722g0kyra.jpg', 'events/3d49b41e-c624-43c6-8f20-95c431182ae4/thumbnails/1765593361867_e0s77pvgzmm.jpg', 936007, 'YSbjJqcilZRBKlqhML4unazLyr8VG0ZBDJzSbVnFrLC4oyEA5x_1UbzOecWWzPvMuwauxvlprRq4pXowElORRY4K.jpg'),
  ('7576f6e6-6e98-42c3-ab80-292dda7c79b8', '3d49b41e-c624-43c6-8f20-95c431182ae4', 'https://plugjsubjcfblzkabjia.supabase.co/storage/v1/object/public/Convent/events/3d49b41e-c624-43c6-8f20-95c431182ae4/original/1765593362393_7zetypyytt4.jpg', 'https://plugjsubjcfblzkabjia.supabase.co/storage/v1/object/public/Convent/events/3d49b41e-c624-43c6-8f20-95c431182ae4/thumbnails/1765593363214_na6v07x8k4q.jpg', NULL, NULL, 'general', FALSE, 58, NULL, 'events/3d49b41e-c624-43c6-8f20-95c431182ae4/original/1765593362393_7zetypyytt4.jpg', 'events/3d49b41e-c624-43c6-8f20-95c431182ae4/thumbnails/1765593363214_na6v07x8k4q.jpg', 952127, 'kG82c5-pbuaTTNHcBZMbA7fIyKIXyGahxBDo5hvA9d2TNdt0yFkElqLnXnkjzFPXEeiVxzne9I6HfCq94lXaVbnq.jpg'),
  ('35b68faa-c650-4936-8497-d049217b1b3b', '3d49b41e-c624-43c6-8f20-95c431182ae4', 'https://plugjsubjcfblzkabjia.supabase.co/storage/v1/object/public/Convent/events/3d49b41e-c624-43c6-8f20-95c431182ae4/original/1765593363772_0831c86nuxd5.jpg', 'https://plugjsubjcfblzkabjia.supabase.co/storage/v1/object/public/Convent/events/3d49b41e-c624-43c6-8f20-95c431182ae4/thumbnails/1765593364587_xgcgvuztor.jpg', NULL, NULL, 'general', FALSE, 59, NULL, 'events/3d49b41e-c624-43c6-8f20-95c431182ae4/original/1765593363772_0831c86nuxd5.jpg', 'events/3d49b41e-c624-43c6-8f20-95c431182ae4/thumbnails/1765593364587_xgcgvuztor.jpg', 1028067, '4mVA1vFQSvaLXCO551euy9kGpSUfkZXGGz1Aze7nF8Pdeb3g1ch70iN-HmprbyKlDYY1nnJxr1NL3rx3BYDIz-j4.jpg'),
  ('135872e5-c925-49d4-911e-72280e7c3817', '3d49b41e-c624-43c6-8f20-95c431182ae4', 'https://plugjsubjcfblzkabjia.supabase.co/storage/v1/object/public/Convent/events/3d49b41e-c624-43c6-8f20-95c431182ae4/original/1765631077232_26i1nimi2wj.jpg', 'https://plugjsubjcfblzkabjia.supabase.co/storage/v1/object/public/Convent/events/3d49b41e-c624-43c6-8f20-95c431182ae4/thumbnails/1765631078499_hpnymtwxrpf.jpg', NULL, NULL, 'general', FALSE, 60, NULL, 'events/3d49b41e-c624-43c6-8f20-95c431182ae4/original/1765631077232_26i1nimi2wj.jpg', 'events/3d49b41e-c624-43c6-8f20-95c431182ae4/thumbnails/1765631078499_hpnymtwxrpf.jpg', 877523, 'q2mPMfeAK-cYylDwzGB1lhasgflg85FdR-htPGurkCD6tFCtbWRcmgu6WX0ucil0fM14b4QKw71i_SD-dNrh0DDS.jpg'),
  ('aea89474-dd91-4ca5-94c1-e247cf8b5954', '3d49b41e-c624-43c6-8f20-95c431182ae4', 'https://plugjsubjcfblzkabjia.supabase.co/storage/v1/object/public/Convent/events/3d49b41e-c624-43c6-8f20-95c431182ae4/original/1765631079325_57j9ldmzghx.jpg', 'https://plugjsubjcfblzkabjia.supabase.co/storage/v1/object/public/Convent/events/3d49b41e-c624-43c6-8f20-95c431182ae4/thumbnails/1765631080378_qksyysznsgc.jpg', NULL, NULL, 'general', FALSE, 61, NULL, 'events/3d49b41e-c624-43c6-8f20-95c431182ae4/original/1765631079325_57j9ldmzghx.jpg', 'events/3d49b41e-c624-43c6-8f20-95c431182ae4/thumbnails/1765631080378_qksyysznsgc.jpg', 1109459, 'XVMHkVBjFnCzlXsBrGXhxTHctyOq2ltlkUJWWwu6XXxx4Q_gz49g2U5smi-NTxo5p2uD5LOL73doITD-tGm0VANy.jpg'),
  ('3a506929-425a-4d05-91c0-ab57e95f1925', '3d49b41e-c624-43c6-8f20-95c431182ae4', 'https://plugjsubjcfblzkabjia.supabase.co/storage/v1/object/public/Convent/events/3d49b41e-c624-43c6-8f20-95c431182ae4/original/1765631080948_a1mos1p0skt.jpg', 'https://plugjsubjcfblzkabjia.supabase.co/storage/v1/object/public/Convent/events/3d49b41e-c624-43c6-8f20-95c431182ae4/thumbnails/1765631082034_iznalqdjphm.jpg', NULL, NULL, 'general', FALSE, 62, NULL, 'events/3d49b41e-c624-43c6-8f20-95c431182ae4/original/1765631080948_a1mos1p0skt.jpg', 'events/3d49b41e-c624-43c6-8f20-95c431182ae4/thumbnails/1765631082034_iznalqdjphm.jpg', 1073252, 'IJLDcAWllP0yUAWrU7-hy-bg4EgPb8I_kL0QihnhJN90h-Sn4-jiCIETJjy5don2za61jdSRrnTFL28p_BMX94q8.jpg'),
  ('9ac48f7b-eed5-4bbb-94b3-eaa10383f1b1', '4487eeb1-233b-496b-a1da-7459c7181a7d', 'https://plugjsubjcfblzkabjia.supabase.co/storage/v1/object/public/Convent/events/4487eeb1-233b-496b-a1da-7459c7181a7d/original/1765753783476_9fhhd787e.jpg', 'https://plugjsubjcfblzkabjia.supabase.co/storage/v1/object/public/Convent/events/4487eeb1-233b-496b-a1da-7459c7181a7d/thumbnails/1765753786382_di5dyrecwmc.jpg', NULL, NULL, 'general', FALSE, 13, NULL, 'events/4487eeb1-233b-496b-a1da-7459c7181a7d/original/1765753783476_9fhhd787e.jpg', 'events/4487eeb1-233b-496b-a1da-7459c7181a7d/thumbnails/1765753786382_di5dyrecwmc.jpg', 6106707, '20251115-_DSC2818.jpg'),
  ('ef384ea0-8921-4d80-a36c-7af7a78e6ce9', '4487eeb1-233b-496b-a1da-7459c7181a7d', 'https://plugjsubjcfblzkabjia.supabase.co/storage/v1/object/public/Convent/events/4487eeb1-233b-496b-a1da-7459c7181a7d/original/1765753787716_gzg7n9af5dp.jpg', 'https://plugjsubjcfblzkabjia.supabase.co/storage/v1/object/public/Convent/events/4487eeb1-233b-496b-a1da-7459c7181a7d/thumbnails/1765753788653_vib58w1bexh.jpg', NULL, NULL, 'general', FALSE, 14, NULL, 'events/4487eeb1-233b-496b-a1da-7459c7181a7d/original/1765753787716_gzg7n9af5dp.jpg', 'events/4487eeb1-233b-496b-a1da-7459c7181a7d/thumbnails/1765753788653_vib58w1bexh.jpg', 6126141, '20251115-_DSC2828.jpg'),
  ('38ee947a-1a2b-46fb-92ff-394cdfe2fe33', '4487eeb1-233b-496b-a1da-7459c7181a7d', 'https://plugjsubjcfblzkabjia.supabase.co/storage/v1/object/public/Convent/events/4487eeb1-233b-496b-a1da-7459c7181a7d/original/1765753790055_iwge2bxcve.jpg', 'https://plugjsubjcfblzkabjia.supabase.co/storage/v1/object/public/Convent/events/4487eeb1-233b-496b-a1da-7459c7181a7d/thumbnails/1765753791798_czwu07cd6cj.jpg', NULL, NULL, 'general', FALSE, 15, NULL, 'events/4487eeb1-233b-496b-a1da-7459c7181a7d/original/1765753790055_iwge2bxcve.jpg', 'events/4487eeb1-233b-496b-a1da-7459c7181a7d/thumbnails/1765753791798_czwu07cd6cj.jpg', 6148696, '20251115-_DSC2836.jpg'),
  ('48b7e316-0fda-413e-88a4-044e25281eac', '4487eeb1-233b-496b-a1da-7459c7181a7d', 'https://plugjsubjcfblzkabjia.supabase.co/storage/v1/object/public/Convent/events/4487eeb1-233b-496b-a1da-7459c7181a7d/original/1765753792949_hj74yxyx2qt.jpg', 'https://plugjsubjcfblzkabjia.supabase.co/storage/v1/object/public/Convent/events/4487eeb1-233b-496b-a1da-7459c7181a7d/thumbnails/1765753795271_u7a7pel5es.jpg', NULL, NULL, 'general', FALSE, 16, NULL, 'events/4487eeb1-233b-496b-a1da-7459c7181a7d/original/1765753792949_hj74yxyx2qt.jpg', 'events/4487eeb1-233b-496b-a1da-7459c7181a7d/thumbnails/1765753795271_u7a7pel5es.jpg', 5005186, '20251115-_DSC3124.jpg'),
  ('8dbdab1e-c998-47a2-98c9-381ccdcac1ae', '4487eeb1-233b-496b-a1da-7459c7181a7d', 'https://plugjsubjcfblzkabjia.supabase.co/storage/v1/object/public/Convent/events/4487eeb1-233b-496b-a1da-7459c7181a7d/original/1765753796095_hsgh53dtt19.jpg', 'https://plugjsubjcfblzkabjia.supabase.co/storage/v1/object/public/Convent/events/4487eeb1-233b-496b-a1da-7459c7181a7d/thumbnails/1765753797039_eh1tlgc1yxi.jpg', NULL, NULL, 'general', FALSE, 17, NULL, 'events/4487eeb1-233b-496b-a1da-7459c7181a7d/original/1765753796095_hsgh53dtt19.jpg', 'events/4487eeb1-233b-496b-a1da-7459c7181a7d/thumbnails/1765753797039_eh1tlgc1yxi.jpg', 2753649, '20251115-_DSC3199.jpg'),
  ('f9d3a6f9-f121-4b17-95de-795e7ef63815', '4487eeb1-233b-496b-a1da-7459c7181a7d', 'https://plugjsubjcfblzkabjia.supabase.co/storage/v1/object/public/Convent/events/4487eeb1-233b-496b-a1da-7459c7181a7d/original/1765753798099_bnsovy1jjc.jpg', 'https://plugjsubjcfblzkabjia.supabase.co/storage/v1/object/public/Convent/events/4487eeb1-233b-496b-a1da-7459c7181a7d/thumbnails/1765753800431_lgircmqftsp.jpg', NULL, NULL, 'general', FALSE, 18, NULL, 'events/4487eeb1-233b-496b-a1da-7459c7181a7d/original/1765753798099_bnsovy1jjc.jpg', 'events/4487eeb1-233b-496b-a1da-7459c7181a7d/thumbnails/1765753800431_lgircmqftsp.jpg', 5038141, '20251115-_DSC3217.jpg'),
  ('3f369a4c-a6a7-477f-98b2-281e3b312e07', '4487eeb1-233b-496b-a1da-7459c7181a7d', 'https://plugjsubjcfblzkabjia.supabase.co/storage/v1/object/public/Convent/events/4487eeb1-233b-496b-a1da-7459c7181a7d/original/1765753801745_mbxglc67qs.jpg', 'https://plugjsubjcfblzkabjia.supabase.co/storage/v1/object/public/Convent/events/4487eeb1-233b-496b-a1da-7459c7181a7d/thumbnails/1765753802860_ogw8k7nsn9j.jpg', NULL, NULL, 'general', FALSE, 19, NULL, 'events/4487eeb1-233b-496b-a1da-7459c7181a7d/original/1765753801745_mbxglc67qs.jpg', 'events/4487eeb1-233b-496b-a1da-7459c7181a7d/thumbnails/1765753802860_ogw8k7nsn9j.jpg', 4794031, '20251116-_DSC3270.jpg'),
  ('6c83930e-781e-4171-b2bd-d949a203cdd8', '4487eeb1-233b-496b-a1da-7459c7181a7d', 'https://plugjsubjcfblzkabjia.supabase.co/storage/v1/object/public/Convent/events/4487eeb1-233b-496b-a1da-7459c7181a7d/original/1765753804873_4fimeongr8o.jpg', 'https://plugjsubjcfblzkabjia.supabase.co/storage/v1/object/public/Convent/events/4487eeb1-233b-496b-a1da-7459c7181a7d/thumbnails/1765753806220_8b4jy75xtt.jpg', NULL, NULL, 'general', FALSE, 20, NULL, 'events/4487eeb1-233b-496b-a1da-7459c7181a7d/original/1765753804873_4fimeongr8o.jpg', 'events/4487eeb1-233b-496b-a1da-7459c7181a7d/thumbnails/1765753806220_8b4jy75xtt.jpg', 4841133, '20251114-_DSC2385.jpg'),
  ('a271a3b7-f17d-4c68-a3cc-932aa9596b44', '4487eeb1-233b-496b-a1da-7459c7181a7d', 'https://plugjsubjcfblzkabjia.supabase.co/storage/v1/object/public/Convent/events/4487eeb1-233b-496b-a1da-7459c7181a7d/original/1765753807784_vus0160mqgd.jpg', 'https://plugjsubjcfblzkabjia.supabase.co/storage/v1/object/public/Convent/events/4487eeb1-233b-496b-a1da-7459c7181a7d/thumbnails/1765753808822_nqvc9z5j3.jpg', NULL, NULL, 'general', FALSE, 21, NULL, 'events/4487eeb1-233b-496b-a1da-7459c7181a7d/original/1765753807784_vus0160mqgd.jpg', 'events/4487eeb1-233b-496b-a1da-7459c7181a7d/thumbnails/1765753808822_nqvc9z5j3.jpg', 5089470, '20251115-_DSC2752.jpg'),
  ('91d4c8d4-d190-4c4a-868e-932eb961223b', '4487eeb1-233b-496b-a1da-7459c7181a7d', 'https://plugjsubjcfblzkabjia.supabase.co/storage/v1/object/public/Convent/events/4487eeb1-233b-496b-a1da-7459c7181a7d/original/1765753810356_gk4ltrlj4mn.jpg', 'https://plugjsubjcfblzkabjia.supabase.co/storage/v1/object/public/Convent/events/4487eeb1-233b-496b-a1da-7459c7181a7d/thumbnails/1765753811536_bek2tzycizu.jpg', NULL, NULL, 'general', FALSE, 22, NULL, 'events/4487eeb1-233b-496b-a1da-7459c7181a7d/original/1765753810356_gk4ltrlj4mn.jpg', 'events/4487eeb1-233b-496b-a1da-7459c7181a7d/thumbnails/1765753811536_bek2tzycizu.jpg', 5361749, '20251115-_DSC2804.jpg'),
  ('6dd86ed0-575b-4133-bfb6-ebf2c4fd07ab', '4487eeb1-233b-496b-a1da-7459c7181a7d', 'https://plugjsubjcfblzkabjia.supabase.co/storage/v1/object/public/Convent/events/4487eeb1-233b-496b-a1da-7459c7181a7d/original/1765753812804_f1yauludalw.jpg', 'https://plugjsubjcfblzkabjia.supabase.co/storage/v1/object/public/Convent/events/4487eeb1-233b-496b-a1da-7459c7181a7d/thumbnails/1765753815788_h0f6g2im1kp.jpg', NULL, NULL, 'general', FALSE, 23, NULL, 'events/4487eeb1-233b-496b-a1da-7459c7181a7d/original/1765753812804_f1yauludalw.jpg', 'events/4487eeb1-233b-496b-a1da-7459c7181a7d/thumbnails/1765753815788_h0f6g2im1kp.jpg', 5935775, '20251115-_DSC2866.jpg'),
  ('e685500b-5730-40e0-9089-4fa622868418', '4487eeb1-233b-496b-a1da-7459c7181a7d', 'https://plugjsubjcfblzkabjia.supabase.co/storage/v1/object/public/Convent/events/4487eeb1-233b-496b-a1da-7459c7181a7d/original/1765753816895_zh0x1v0ps2.jpg', 'https://plugjsubjcfblzkabjia.supabase.co/storage/v1/object/public/Convent/events/4487eeb1-233b-496b-a1da-7459c7181a7d/thumbnails/1765753818695_rs5xmbtubw7.jpg', NULL, NULL, 'general', FALSE, 24, NULL, 'events/4487eeb1-233b-496b-a1da-7459c7181a7d/original/1765753816895_zh0x1v0ps2.jpg', 'events/4487eeb1-233b-496b-a1da-7459c7181a7d/thumbnails/1765753818695_rs5xmbtubw7.jpg', 4185583, '20251115-_DSC2879.jpg'),
  ('a812e98e-e357-41b6-87fa-dfa30b2fa7bf', '4487eeb1-233b-496b-a1da-7459c7181a7d', 'https://plugjsubjcfblzkabjia.supabase.co/storage/v1/object/public/Convent/events/4487eeb1-233b-496b-a1da-7459c7181a7d/original/1765753819383_fv3tnqgjiib.jpg', 'https://plugjsubjcfblzkabjia.supabase.co/storage/v1/object/public/Convent/events/4487eeb1-233b-496b-a1da-7459c7181a7d/thumbnails/1765753820592_jt27jox1crn.jpg', NULL, NULL, 'general', FALSE, 25, NULL, 'events/4487eeb1-233b-496b-a1da-7459c7181a7d/original/1765753819383_fv3tnqgjiib.jpg', 'events/4487eeb1-233b-496b-a1da-7459c7181a7d/thumbnails/1765753820592_jt27jox1crn.jpg', 2529837, '20251115-_DSC2916.jpg'),
  ('f7ed3172-5006-432c-84f6-875afb81f7ed', '4487eeb1-233b-496b-a1da-7459c7181a7d', 'https://plugjsubjcfblzkabjia.supabase.co/storage/v1/object/public/Convent/events/4487eeb1-233b-496b-a1da-7459c7181a7d/original/1765753821684_4q5w3tjnsnx.jpg', 'https://plugjsubjcfblzkabjia.supabase.co/storage/v1/object/public/Convent/events/4487eeb1-233b-496b-a1da-7459c7181a7d/thumbnails/1765753822735_owzdkf65j1.jpg', NULL, NULL, 'general', FALSE, 26, NULL, 'events/4487eeb1-233b-496b-a1da-7459c7181a7d/original/1765753821684_4q5w3tjnsnx.jpg', 'events/4487eeb1-233b-496b-a1da-7459c7181a7d/thumbnails/1765753822735_owzdkf65j1.jpg', 5014662, '20251115-_DSC3049.jpg'),
  ('d930c7dd-0c76-4e6d-98d8-fc5367db5afd', '4487eeb1-233b-496b-a1da-7459c7181a7d', 'https://plugjsubjcfblzkabjia.supabase.co/storage/v1/object/public/Convent/events/4487eeb1-233b-496b-a1da-7459c7181a7d/original/1765753823563_68lwgpf389b.jpg', 'https://plugjsubjcfblzkabjia.supabase.co/storage/v1/object/public/Convent/events/4487eeb1-233b-496b-a1da-7459c7181a7d/thumbnails/1765753825089_euogqx09yu.jpg', NULL, NULL, 'general', FALSE, 27, NULL, 'events/4487eeb1-233b-496b-a1da-7459c7181a7d/original/1765753823563_68lwgpf389b.jpg', 'events/4487eeb1-233b-496b-a1da-7459c7181a7d/thumbnails/1765753825089_euogqx09yu.jpg', 3226897, '20251115-_DSC3053.jpg'),
  ('590eecf1-1d3e-46c0-bfbf-916182cc5a23', '4487eeb1-233b-496b-a1da-7459c7181a7d', 'https://plugjsubjcfblzkabjia.supabase.co/storage/v1/object/public/Convent/events/4487eeb1-233b-496b-a1da-7459c7181a7d/original/1765753826305_jou4onehvi.jpg', 'https://plugjsubjcfblzkabjia.supabase.co/storage/v1/object/public/Convent/events/4487eeb1-233b-496b-a1da-7459c7181a7d/thumbnails/1765753829322_64l0oedervr.jpg', NULL, NULL, 'general', FALSE, 28, NULL, 'events/4487eeb1-233b-496b-a1da-7459c7181a7d/original/1765753826305_jou4onehvi.jpg', 'events/4487eeb1-233b-496b-a1da-7459c7181a7d/thumbnails/1765753829322_64l0oedervr.jpg', 6408089, '20251115-_DSC3107.jpg'),
  ('2b9c4d30-3f9d-46d7-af51-c1bd027c8cec', '4487eeb1-233b-496b-a1da-7459c7181a7d', 'https://plugjsubjcfblzkabjia.supabase.co/storage/v1/object/public/Convent/events/4487eeb1-233b-496b-a1da-7459c7181a7d/original/1765753830604_9uat9mgnceo.jpg', 'https://plugjsubjcfblzkabjia.supabase.co/storage/v1/object/public/Convent/events/4487eeb1-233b-496b-a1da-7459c7181a7d/thumbnails/1765753831861_enytckoagw5.jpg', NULL, NULL, 'general', FALSE, 29, NULL, 'events/4487eeb1-233b-496b-a1da-7459c7181a7d/original/1765753830604_9uat9mgnceo.jpg', 'events/4487eeb1-233b-496b-a1da-7459c7181a7d/thumbnails/1765753831861_enytckoagw5.jpg', 6668919, '20251115-_DSC3109.jpg'),
  ('93de9767-1df8-4547-9e27-accfc85f4bd1', '4487eeb1-233b-496b-a1da-7459c7181a7d', 'https://plugjsubjcfblzkabjia.supabase.co/storage/v1/object/public/Convent/events/4487eeb1-233b-496b-a1da-7459c7181a7d/original/1765753832580_x21fgx69fdf.jpg', 'https://plugjsubjcfblzkabjia.supabase.co/storage/v1/object/public/Convent/events/4487eeb1-233b-496b-a1da-7459c7181a7d/thumbnails/1765753834283_qrxsgpphq.jpg', NULL, NULL, 'general', FALSE, 30, NULL, 'events/4487eeb1-233b-496b-a1da-7459c7181a7d/original/1765753832580_x21fgx69fdf.jpg', 'events/4487eeb1-233b-496b-a1da-7459c7181a7d/thumbnails/1765753834283_qrxsgpphq.jpg', 2992825, '20251115-_DSC3162.jpg'),
  ('3719b308-c1d2-4479-b4c8-dd58025740fc', '4487eeb1-233b-496b-a1da-7459c7181a7d', 'https://plugjsubjcfblzkabjia.supabase.co/storage/v1/object/public/Convent/events/4487eeb1-233b-496b-a1da-7459c7181a7d/original/1765753834915_q98bgi4x4f.jpg', 'https://plugjsubjcfblzkabjia.supabase.co/storage/v1/object/public/Convent/events/4487eeb1-233b-496b-a1da-7459c7181a7d/thumbnails/1765753836082_jgmw91cjmw.jpg', NULL, NULL, 'general', FALSE, 31, NULL, 'events/4487eeb1-233b-496b-a1da-7459c7181a7d/original/1765753834915_q98bgi4x4f.jpg', 'events/4487eeb1-233b-496b-a1da-7459c7181a7d/thumbnails/1765753836082_jgmw91cjmw.jpg', 2129546, '20251115-_DSC3172.jpg'),
  ('d0be8bc7-c800-4cb2-85be-2fd5dc60f25b', '4487eeb1-233b-496b-a1da-7459c7181a7d', 'https://plugjsubjcfblzkabjia.supabase.co/storage/v1/object/public/Convent/events/4487eeb1-233b-496b-a1da-7459c7181a7d/original/1765753836906_gjc4vicodzd.jpg', 'https://plugjsubjcfblzkabjia.supabase.co/storage/v1/object/public/Convent/events/4487eeb1-233b-496b-a1da-7459c7181a7d/thumbnails/1765753838434_2qafgh5zbej.jpg', NULL, NULL, 'general', FALSE, 32, NULL, 'events/4487eeb1-233b-496b-a1da-7459c7181a7d/original/1765753836906_gjc4vicodzd.jpg', 'events/4487eeb1-233b-496b-a1da-7459c7181a7d/thumbnails/1765753838434_2qafgh5zbej.jpg', 3008038, '20251115-_DSC3188.jpg'),
  ('4c0d97eb-48cf-4a92-ab26-7dd6b8862b56', '4487eeb1-233b-496b-a1da-7459c7181a7d', 'https://plugjsubjcfblzkabjia.supabase.co/storage/v1/object/public/Convent/events/4487eeb1-233b-496b-a1da-7459c7181a7d/original/1765753839151_qzkic9govi.jpg', 'https://plugjsubjcfblzkabjia.supabase.co/storage/v1/object/public/Convent/events/4487eeb1-233b-496b-a1da-7459c7181a7d/thumbnails/1765753839961_y8w7140do4.jpg', NULL, NULL, 'general', FALSE, 33, NULL, 'events/4487eeb1-233b-496b-a1da-7459c7181a7d/original/1765753839151_qzkic9govi.jpg', 'events/4487eeb1-233b-496b-a1da-7459c7181a7d/thumbnails/1765753839961_y8w7140do4.jpg', 2375199, '20251115-_DSC3204.jpg'),
  ('0139c960-0bdf-4ab3-934e-cf36ddd00577', '4487eeb1-233b-496b-a1da-7459c7181a7d', 'https://plugjsubjcfblzkabjia.supabase.co/storage/v1/object/public/Convent/events/4487eeb1-233b-496b-a1da-7459c7181a7d/original/1765753841080_e1ap1li3hc9.jpg', 'https://plugjsubjcfblzkabjia.supabase.co/storage/v1/object/public/Convent/events/4487eeb1-233b-496b-a1da-7459c7181a7d/thumbnails/1765753843978_afron58w9f.jpg', NULL, NULL, 'general', FALSE, 34, NULL, 'events/4487eeb1-233b-496b-a1da-7459c7181a7d/original/1765753841080_e1ap1li3hc9.jpg', 'events/4487eeb1-233b-496b-a1da-7459c7181a7d/thumbnails/1765753843978_afron58w9f.jpg', 5643663, '20251115-_DSC3225.jpg'),
  ('a4238126-91e0-4b0c-9674-bab0e4048fe1', '4487eeb1-233b-496b-a1da-7459c7181a7d', 'https://plugjsubjcfblzkabjia.supabase.co/storage/v1/object/public/Convent/events/4487eeb1-233b-496b-a1da-7459c7181a7d/original/1765753845108_fnop7lr0b35.jpg', 'https://plugjsubjcfblzkabjia.supabase.co/storage/v1/object/public/Convent/events/4487eeb1-233b-496b-a1da-7459c7181a7d/thumbnails/1765753847396_03cebg92vm0l.jpg', NULL, NULL, 'general', FALSE, 35, NULL, 'events/4487eeb1-233b-496b-a1da-7459c7181a7d/original/1765753845108_fnop7lr0b35.jpg', 'events/4487eeb1-233b-496b-a1da-7459c7181a7d/thumbnails/1765753847396_03cebg92vm0l.jpg', 5360460, '20251115-_DSC3230.jpg'),
  ('b955cdf6-0bf1-4e51-ab32-f3587ea1cfab', '4487eeb1-233b-496b-a1da-7459c7181a7d', 'https://plugjsubjcfblzkabjia.supabase.co/storage/v1/object/public/Convent/events/4487eeb1-233b-496b-a1da-7459c7181a7d/original/1765753848625_yuyoxnl7jgh.jpg', 'https://plugjsubjcfblzkabjia.supabase.co/storage/v1/object/public/Convent/events/4487eeb1-233b-496b-a1da-7459c7181a7d/thumbnails/1765753850519_foprkw4yhye.jpg', NULL, NULL, 'general', FALSE, 36, NULL, 'events/4487eeb1-233b-496b-a1da-7459c7181a7d/original/1765753848625_yuyoxnl7jgh.jpg', 'events/4487eeb1-233b-496b-a1da-7459c7181a7d/thumbnails/1765753850519_foprkw4yhye.jpg', 5471845, '20251115-_DSC3231.jpg'),
  ('3584fcaa-9ffd-4055-a4c5-6c4dfe194e75', '4487eeb1-233b-496b-a1da-7459c7181a7d', 'https://plugjsubjcfblzkabjia.supabase.co/storage/v1/object/public/Convent/events/4487eeb1-233b-496b-a1da-7459c7181a7d/original/1765753851963_gtme8q3crj5.jpg', 'https://plugjsubjcfblzkabjia.supabase.co/storage/v1/object/public/Convent/events/4487eeb1-233b-496b-a1da-7459c7181a7d/thumbnails/1765753853350_b74dblt04wb.jpg', NULL, NULL, 'general', FALSE, 37, NULL, 'events/4487eeb1-233b-496b-a1da-7459c7181a7d/original/1765753851963_gtme8q3crj5.jpg', 'events/4487eeb1-233b-496b-a1da-7459c7181a7d/thumbnails/1765753853350_b74dblt04wb.jpg', 5629279, '20251116-_DSC3272.jpg'),
  ('4c474788-b8e1-4691-9915-fbca7992b2bb', '4487eeb1-233b-496b-a1da-7459c7181a7d', 'https://plugjsubjcfblzkabjia.supabase.co/storage/v1/object/public/Convent/events/4487eeb1-233b-496b-a1da-7459c7181a7d/original/1765753854662_78tn9fpn34r.jpg', 'https://plugjsubjcfblzkabjia.supabase.co/storage/v1/object/public/Convent/events/4487eeb1-233b-496b-a1da-7459c7181a7d/thumbnails/1765753857226_noiuiuq8oi.jpg', NULL, NULL, 'general', FALSE, 38, NULL, 'events/4487eeb1-233b-496b-a1da-7459c7181a7d/original/1765753854662_78tn9fpn34r.jpg', 'events/4487eeb1-233b-496b-a1da-7459c7181a7d/thumbnails/1765753857226_noiuiuq8oi.jpg', 5628228, '20251116-_DSC3304.jpg'),
  ('9139d30d-19b6-4d00-81d4-cd562bade9fe', '4487eeb1-233b-496b-a1da-7459c7181a7d', 'https://plugjsubjcfblzkabjia.supabase.co/storage/v1/object/public/Convent/events/4487eeb1-233b-496b-a1da-7459c7181a7d/original/1765753858414_5uw6t4sbjag.jpg', 'https://plugjsubjcfblzkabjia.supabase.co/storage/v1/object/public/Convent/events/4487eeb1-233b-496b-a1da-7459c7181a7d/thumbnails/1765753859792_5wcgq29i1k.jpg', NULL, NULL, 'general', FALSE, 39, NULL, 'events/4487eeb1-233b-496b-a1da-7459c7181a7d/original/1765753858414_5uw6t4sbjag.jpg', 'events/4487eeb1-233b-496b-a1da-7459c7181a7d/thumbnails/1765753859792_5wcgq29i1k.jpg', 4754525, '20251114-_DSC2381.jpg'),
  ('6f404fc4-2482-4668-81cb-0c2d6bf6de2d', '4487eeb1-233b-496b-a1da-7459c7181a7d', 'https://plugjsubjcfblzkabjia.supabase.co/storage/v1/object/public/Convent/events/4487eeb1-233b-496b-a1da-7459c7181a7d/original/1765753861025_28vjtxp5wt2.jpg', 'https://plugjsubjcfblzkabjia.supabase.co/storage/v1/object/public/Convent/events/4487eeb1-233b-496b-a1da-7459c7181a7d/thumbnails/1765753863190_nhcrdnni0oh.jpg', NULL, NULL, 'general', FALSE, 40, NULL, 'events/4487eeb1-233b-496b-a1da-7459c7181a7d/original/1765753861025_28vjtxp5wt2.jpg', 'events/4487eeb1-233b-496b-a1da-7459c7181a7d/thumbnails/1765753863190_nhcrdnni0oh.jpg', 5334760, '20251115-_DSC2741.jpg'),
  ('d5f742d3-2695-4df4-9f95-ab4916f352d6', '4487eeb1-233b-496b-a1da-7459c7181a7d', 'https://plugjsubjcfblzkabjia.supabase.co/storage/v1/object/public/Convent/events/4487eeb1-233b-496b-a1da-7459c7181a7d/original/1765753864311_ry1bn15y8v.jpg', 'https://plugjsubjcfblzkabjia.supabase.co/storage/v1/object/public/Convent/events/4487eeb1-233b-496b-a1da-7459c7181a7d/thumbnails/1765753866739_xs36pcbyis.jpg', NULL, NULL, 'general', FALSE, 41, NULL, 'events/4487eeb1-233b-496b-a1da-7459c7181a7d/original/1765753864311_ry1bn15y8v.jpg', 'events/4487eeb1-233b-496b-a1da-7459c7181a7d/thumbnails/1765753866739_xs36pcbyis.jpg', 4550164, '20251115-_DSC2825.jpg'),
  ('30fa29cf-8dfd-4fef-a3ad-5b22bb9533d6', '4487eeb1-233b-496b-a1da-7459c7181a7d', 'https://plugjsubjcfblzkabjia.supabase.co/storage/v1/object/public/Convent/events/4487eeb1-233b-496b-a1da-7459c7181a7d/original/1765753868075_kvuuqjocrwi.jpg', 'https://plugjsubjcfblzkabjia.supabase.co/storage/v1/object/public/Convent/events/4487eeb1-233b-496b-a1da-7459c7181a7d/thumbnails/1765753870467_vcbygl2vqcg.jpg', NULL, NULL, 'general', FALSE, 42, NULL, 'events/4487eeb1-233b-496b-a1da-7459c7181a7d/original/1765753868075_kvuuqjocrwi.jpg', 'events/4487eeb1-233b-496b-a1da-7459c7181a7d/thumbnails/1765753870467_vcbygl2vqcg.jpg', 5152924, '20251115-_DSC2826.jpg'),
  ('69bbc874-39d4-4bfa-bde1-aa61b50ab165', '4487eeb1-233b-496b-a1da-7459c7181a7d', 'https://plugjsubjcfblzkabjia.supabase.co/storage/v1/object/public/Convent/events/4487eeb1-233b-496b-a1da-7459c7181a7d/original/1765753871822_h53bv0z8otd.jpg', 'https://plugjsubjcfblzkabjia.supabase.co/storage/v1/object/public/Convent/events/4487eeb1-233b-496b-a1da-7459c7181a7d/thumbnails/1765753872912_4iytx46py57.jpg', NULL, NULL, 'general', FALSE, 43, NULL, 'events/4487eeb1-233b-496b-a1da-7459c7181a7d/original/1765753871822_h53bv0z8otd.jpg', 'events/4487eeb1-233b-496b-a1da-7459c7181a7d/thumbnails/1765753872912_4iytx46py57.jpg', 5526825, '20251115-_DSC2832.jpg'),
  ('818f996d-bad8-4454-96a8-5d2a51f7853a', '4487eeb1-233b-496b-a1da-7459c7181a7d', 'https://plugjsubjcfblzkabjia.supabase.co/storage/v1/object/public/Convent/events/4487eeb1-233b-496b-a1da-7459c7181a7d/original/1765753874025_bxwkm495gll.jpg', 'https://plugjsubjcfblzkabjia.supabase.co/storage/v1/object/public/Convent/events/4487eeb1-233b-496b-a1da-7459c7181a7d/thumbnails/1765753876174_gjzh649xhy5.jpg', NULL, NULL, 'general', FALSE, 44, NULL, 'events/4487eeb1-233b-496b-a1da-7459c7181a7d/original/1765753874025_bxwkm495gll.jpg', 'events/4487eeb1-233b-496b-a1da-7459c7181a7d/thumbnails/1765753876174_gjzh649xhy5.jpg', 4491425, '20251115-_DSC2874.jpg'),
  ('980d6ee1-37a3-4cbb-9c7d-5d722744d865', '4487eeb1-233b-496b-a1da-7459c7181a7d', 'https://plugjsubjcfblzkabjia.supabase.co/storage/v1/object/public/Convent/events/4487eeb1-233b-496b-a1da-7459c7181a7d/original/1765753877328_dbujb2hhz4o.jpg', 'https://plugjsubjcfblzkabjia.supabase.co/storage/v1/object/public/Convent/events/4487eeb1-233b-496b-a1da-7459c7181a7d/thumbnails/1765753878734_xnj631p7onh.jpg', NULL, NULL, 'general', FALSE, 45, NULL, 'events/4487eeb1-233b-496b-a1da-7459c7181a7d/original/1765753877328_dbujb2hhz4o.jpg', 'events/4487eeb1-233b-496b-a1da-7459c7181a7d/thumbnails/1765753878734_xnj631p7onh.jpg', 5633512, '20251115-_DSC3038.jpg'),
  ('d336d9ac-424f-45c1-ae3b-96af8c455fb8', '4487eeb1-233b-496b-a1da-7459c7181a7d', 'https://plugjsubjcfblzkabjia.supabase.co/storage/v1/object/public/Convent/events/4487eeb1-233b-496b-a1da-7459c7181a7d/original/1765753880087_cieajgh0o85.jpg', 'https://plugjsubjcfblzkabjia.supabase.co/storage/v1/object/public/Convent/events/4487eeb1-233b-496b-a1da-7459c7181a7d/thumbnails/1765753883342_r2z88w47lmg.jpg', NULL, NULL, 'general', FALSE, 46, NULL, 'events/4487eeb1-233b-496b-a1da-7459c7181a7d/original/1765753880087_cieajgh0o85.jpg', 'events/4487eeb1-233b-496b-a1da-7459c7181a7d/thumbnails/1765753883342_r2z88w47lmg.jpg', 6439904, '20251115-_DSC3061.jpg'),
  ('19667a06-07c3-4241-92bb-2f87d4ab0b47', '4487eeb1-233b-496b-a1da-7459c7181a7d', 'https://plugjsubjcfblzkabjia.supabase.co/storage/v1/object/public/Convent/events/4487eeb1-233b-496b-a1da-7459c7181a7d/original/1765753884704_zktupbz1wg.jpg', 'https://plugjsubjcfblzkabjia.supabase.co/storage/v1/object/public/Convent/events/4487eeb1-233b-496b-a1da-7459c7181a7d/thumbnails/1765753885827_ifdyfw853gh.jpg', NULL, NULL, 'general', FALSE, 47, NULL, 'events/4487eeb1-233b-496b-a1da-7459c7181a7d/original/1765753884704_zktupbz1wg.jpg', 'events/4487eeb1-233b-496b-a1da-7459c7181a7d/thumbnails/1765753885827_ifdyfw853gh.jpg', 6166347, '20251115-_DSC3062.jpg'),
  ('0e7a9d87-ff54-4283-8145-d05ca5eb93a5', '4487eeb1-233b-496b-a1da-7459c7181a7d', 'https://plugjsubjcfblzkabjia.supabase.co/storage/v1/object/public/Convent/events/4487eeb1-233b-496b-a1da-7459c7181a7d/original/1765753886754_nbhfgwkydg.jpg', 'https://plugjsubjcfblzkabjia.supabase.co/storage/v1/object/public/Convent/events/4487eeb1-233b-496b-a1da-7459c7181a7d/thumbnails/1765753888631_fhhfjpdyf4h.jpg', NULL, NULL, 'general', FALSE, 48, NULL, 'events/4487eeb1-233b-496b-a1da-7459c7181a7d/original/1765753886754_nbhfgwkydg.jpg', 'events/4487eeb1-233b-496b-a1da-7459c7181a7d/thumbnails/1765753888631_fhhfjpdyf4h.jpg', 3501739, '20251115-_DSC3186.jpg'),
  ('525f9d28-0d35-4f7c-8c81-0d6b0f3b83ea', '4487eeb1-233b-496b-a1da-7459c7181a7d', 'https://plugjsubjcfblzkabjia.supabase.co/storage/v1/object/public/Convent/events/4487eeb1-233b-496b-a1da-7459c7181a7d/original/1765753889613_4igl9a8dq3s.jpg', 'https://plugjsubjcfblzkabjia.supabase.co/storage/v1/object/public/Convent/events/4487eeb1-233b-496b-a1da-7459c7181a7d/thumbnails/1765753890921_vvdyaxv8e2j.jpg', NULL, NULL, 'general', FALSE, 49, NULL, 'events/4487eeb1-233b-496b-a1da-7459c7181a7d/original/1765753889613_4igl9a8dq3s.jpg', 'events/4487eeb1-233b-496b-a1da-7459c7181a7d/thumbnails/1765753890921_vvdyaxv8e2j.jpg', 4076575, '20251115-_DSC3190.jpg'),
  ('02196717-f3ae-4d5f-992a-152262e2cf51', '4487eeb1-233b-496b-a1da-7459c7181a7d', 'https://plugjsubjcfblzkabjia.supabase.co/storage/v1/object/public/Convent/events/4487eeb1-233b-496b-a1da-7459c7181a7d/original/1765753891624_hael4q5u1p.jpg', 'https://plugjsubjcfblzkabjia.supabase.co/storage/v1/object/public/Convent/events/4487eeb1-233b-496b-a1da-7459c7181a7d/thumbnails/1765753892755_hbz8v5gchu.jpg', NULL, NULL, 'general', FALSE, 50, NULL, 'events/4487eeb1-233b-496b-a1da-7459c7181a7d/original/1765753891624_hael4q5u1p.jpg', 'events/4487eeb1-233b-496b-a1da-7459c7181a7d/thumbnails/1765753892755_hbz8v5gchu.jpg', 3023487, '20251115-_DSC3192.jpg'),
  ('58ad4543-71bc-4d30-915a-e3b6798fbd33', '4487eeb1-233b-496b-a1da-7459c7181a7d', 'https://plugjsubjcfblzkabjia.supabase.co/storage/v1/object/public/Convent/events/4487eeb1-233b-496b-a1da-7459c7181a7d/original/1765753894678_eisth0qs3a.jpg', 'https://plugjsubjcfblzkabjia.supabase.co/storage/v1/object/public/Convent/events/4487eeb1-233b-496b-a1da-7459c7181a7d/thumbnails/1765753896169_y7n13y82r48.jpg', NULL, NULL, 'general', FALSE, 51, NULL, 'events/4487eeb1-233b-496b-a1da-7459c7181a7d/original/1765753894678_eisth0qs3a.jpg', 'events/4487eeb1-233b-496b-a1da-7459c7181a7d/thumbnails/1765753896169_y7n13y82r48.jpg', 2912442, '20251115-_DSC3205.jpg'),
  ('1303850e-1ac0-4ad4-a6ce-4ef4ec24c04b', '4487eeb1-233b-496b-a1da-7459c7181a7d', 'https://plugjsubjcfblzkabjia.supabase.co/storage/v1/object/public/Convent/events/4487eeb1-233b-496b-a1da-7459c7181a7d/original/1765753897284_x8zf5qqczjd.jpg', 'https://plugjsubjcfblzkabjia.supabase.co/storage/v1/object/public/Convent/events/4487eeb1-233b-496b-a1da-7459c7181a7d/thumbnails/1765753899041_jcd87uael2.jpg', NULL, NULL, 'general', FALSE, 52, NULL, 'events/4487eeb1-233b-496b-a1da-7459c7181a7d/original/1765753897284_x8zf5qqczjd.jpg', 'events/4487eeb1-233b-496b-a1da-7459c7181a7d/thumbnails/1765753899041_jcd87uael2.jpg', 4220774, '20251116-_DSC3280.jpg'),
  ('cf1cfc7b-e32c-4db8-ab2e-1edb26d134ed', '4487eeb1-233b-496b-a1da-7459c7181a7d', 'https://plugjsubjcfblzkabjia.supabase.co/storage/v1/object/public/Convent/events/4487eeb1-233b-496b-a1da-7459c7181a7d/original/1765753900443_iv4ma1rb8fs.jpg', 'https://plugjsubjcfblzkabjia.supabase.co/storage/v1/object/public/Convent/events/4487eeb1-233b-496b-a1da-7459c7181a7d/thumbnails/1765753901572_lt2tvypkdg9.jpg', NULL, NULL, 'general', FALSE, 53, NULL, 'events/4487eeb1-233b-496b-a1da-7459c7181a7d/original/1765753900443_iv4ma1rb8fs.jpg', 'events/4487eeb1-233b-496b-a1da-7459c7181a7d/thumbnails/1765753901572_lt2tvypkdg9.jpg', 2674144, '20251116-_DSC3323.jpg'),
  ('1f6a352e-27c3-4aa3-aa5e-9301f7caaa62', '4487eeb1-233b-496b-a1da-7459c7181a7d', 'https://plugjsubjcfblzkabjia.supabase.co/storage/v1/object/public/Convent/events/4487eeb1-233b-496b-a1da-7459c7181a7d/original/1765753902754_e1udpectfvg.jpg', 'https://plugjsubjcfblzkabjia.supabase.co/storage/v1/object/public/Convent/events/4487eeb1-233b-496b-a1da-7459c7181a7d/thumbnails/1765753904437_1bojaax6yve.jpg', NULL, NULL, 'general', FALSE, 54, NULL, 'events/4487eeb1-233b-496b-a1da-7459c7181a7d/original/1765753902754_e1udpectfvg.jpg', 'events/4487eeb1-233b-496b-a1da-7459c7181a7d/thumbnails/1765753904437_1bojaax6yve.jpg', 4858225, '20251116-_DSC3348.jpg'),
  ('dd190cc7-1019-4451-981b-f04a36037c90', '4487eeb1-233b-496b-a1da-7459c7181a7d', 'https://plugjsubjcfblzkabjia.supabase.co/storage/v1/object/public/Convent/events/4487eeb1-233b-496b-a1da-7459c7181a7d/original/1765753905847_uqk3mif8x5.jpg', 'https://plugjsubjcfblzkabjia.supabase.co/storage/v1/object/public/Convent/events/4487eeb1-233b-496b-a1da-7459c7181a7d/thumbnails/1765753907672_tsgy273lcu.jpg', NULL, NULL, 'general', FALSE, 55, NULL, 'events/4487eeb1-233b-496b-a1da-7459c7181a7d/original/1765753905847_uqk3mif8x5.jpg', 'events/4487eeb1-233b-496b-a1da-7459c7181a7d/thumbnails/1765753907672_tsgy273lcu.jpg', 5853366, '20251114-_DSC2387.jpg'),
  ('a4d3bab2-f107-41de-b4db-704aa582ceb4', '4487eeb1-233b-496b-a1da-7459c7181a7d', 'https://plugjsubjcfblzkabjia.supabase.co/storage/v1/object/public/Convent/events/4487eeb1-233b-496b-a1da-7459c7181a7d/original/1765753910845_32oa755thnz.jpg', 'https://plugjsubjcfblzkabjia.supabase.co/storage/v1/object/public/Convent/events/4487eeb1-233b-496b-a1da-7459c7181a7d/thumbnails/1765753912123_mgq7es9jv3c.jpg', NULL, NULL, 'general', FALSE, 56, NULL, 'events/4487eeb1-233b-496b-a1da-7459c7181a7d/original/1765753910845_32oa755thnz.jpg', 'events/4487eeb1-233b-496b-a1da-7459c7181a7d/thumbnails/1765753912123_mgq7es9jv3c.jpg', 6091327, '20251114-_DSC2402.jpg'),
  ('41e5722c-d605-4cd2-9b01-c2e4a4a324af', '4487eeb1-233b-496b-a1da-7459c7181a7d', 'https://plugjsubjcfblzkabjia.supabase.co/storage/v1/object/public/Convent/events/4487eeb1-233b-496b-a1da-7459c7181a7d/original/1765753915305_6ax6877p7e.jpg', 'https://plugjsubjcfblzkabjia.supabase.co/storage/v1/object/public/Convent/events/4487eeb1-233b-496b-a1da-7459c7181a7d/thumbnails/1765753916568_cyse3sdqqqm.jpg', NULL, NULL, 'general', FALSE, 57, NULL, 'events/4487eeb1-233b-496b-a1da-7459c7181a7d/original/1765753915305_6ax6877p7e.jpg', 'events/4487eeb1-233b-496b-a1da-7459c7181a7d/thumbnails/1765753916568_cyse3sdqqqm.jpg', 5803990, '20251115-_DSC2731.jpg'),
  ('66275394-97f8-43ba-be18-4ec4e0fe79a1', '4487eeb1-233b-496b-a1da-7459c7181a7d', 'https://plugjsubjcfblzkabjia.supabase.co/storage/v1/object/public/Convent/events/4487eeb1-233b-496b-a1da-7459c7181a7d/original/1765753919667_275qlx9jnco.jpg', 'https://plugjsubjcfblzkabjia.supabase.co/storage/v1/object/public/Convent/events/4487eeb1-233b-496b-a1da-7459c7181a7d/thumbnails/1765753922090_8hspa2x2dbl.jpg', NULL, NULL, 'general', FALSE, 58, NULL, 'events/4487eeb1-233b-496b-a1da-7459c7181a7d/original/1765753919667_275qlx9jnco.jpg', 'events/4487eeb1-233b-496b-a1da-7459c7181a7d/thumbnails/1765753922090_8hspa2x2dbl.jpg', 5226833, '20251115-_DSC2736.jpg'),
  ('87be4569-de1e-4c7a-9d3e-a60bd48b4a37', '4487eeb1-233b-496b-a1da-7459c7181a7d', 'https://plugjsubjcfblzkabjia.supabase.co/storage/v1/object/public/Convent/events/4487eeb1-233b-496b-a1da-7459c7181a7d/original/1765753925218_8qyje98ehqv.jpg', 'https://plugjsubjcfblzkabjia.supabase.co/storage/v1/object/public/Convent/events/4487eeb1-233b-496b-a1da-7459c7181a7d/thumbnails/1765753927083_0vzqrncv55k.jpg', NULL, NULL, 'general', FALSE, 59, NULL, 'events/4487eeb1-233b-496b-a1da-7459c7181a7d/original/1765753925218_8qyje98ehqv.jpg', 'events/4487eeb1-233b-496b-a1da-7459c7181a7d/thumbnails/1765753927083_0vzqrncv55k.jpg', 5514541, '20251115-_DSC2830.jpg'),
  ('f59b88cb-fc44-4086-9d3b-789f985b55c9', '4487eeb1-233b-496b-a1da-7459c7181a7d', 'https://plugjsubjcfblzkabjia.supabase.co/storage/v1/object/public/Convent/events/4487eeb1-233b-496b-a1da-7459c7181a7d/original/1765753930194_1ejbwrgohgz.jpg', 'https://plugjsubjcfblzkabjia.supabase.co/storage/v1/object/public/Convent/events/4487eeb1-233b-496b-a1da-7459c7181a7d/thumbnails/1765753932006_begw63nzlll.jpg', NULL, NULL, 'general', FALSE, 60, NULL, 'events/4487eeb1-233b-496b-a1da-7459c7181a7d/original/1765753930194_1ejbwrgohgz.jpg', 'events/4487eeb1-233b-496b-a1da-7459c7181a7d/thumbnails/1765753932006_begw63nzlll.jpg', 5170387, '20251115-_DSC2890.jpg'),
  ('6b099bc2-7782-485c-85be-2c8060c55c4f', '4487eeb1-233b-496b-a1da-7459c7181a7d', 'https://plugjsubjcfblzkabjia.supabase.co/storage/v1/object/public/Convent/events/4487eeb1-233b-496b-a1da-7459c7181a7d/original/1765753934937_74mfmxpmgln.jpg', 'https://plugjsubjcfblzkabjia.supabase.co/storage/v1/object/public/Convent/events/4487eeb1-233b-496b-a1da-7459c7181a7d/thumbnails/1765753936117_zhu5z60642.jpg', NULL, NULL, 'general', FALSE, 61, NULL, 'events/4487eeb1-233b-496b-a1da-7459c7181a7d/original/1765753934937_74mfmxpmgln.jpg', 'events/4487eeb1-233b-496b-a1da-7459c7181a7d/thumbnails/1765753936117_zhu5z60642.jpg', 4526481, '20251115-_DSC2897.jpg'),
  ('3685ae11-cde2-4701-91ff-ed70ad4840f6', '4487eeb1-233b-496b-a1da-7459c7181a7d', 'https://plugjsubjcfblzkabjia.supabase.co/storage/v1/object/public/Convent/events/4487eeb1-233b-496b-a1da-7459c7181a7d/original/1765753939257_0oa5uo6cages.jpg', 'https://plugjsubjcfblzkabjia.supabase.co/storage/v1/object/public/Convent/events/4487eeb1-233b-496b-a1da-7459c7181a7d/thumbnails/1765753940218_v8l2o2ctcbh.jpg', NULL, NULL, 'general', FALSE, 62, NULL, 'events/4487eeb1-233b-496b-a1da-7459c7181a7d/original/1765753939257_0oa5uo6cages.jpg', 'events/4487eeb1-233b-496b-a1da-7459c7181a7d/thumbnails/1765753940218_v8l2o2ctcbh.jpg', 3718671, '20251115-_DSC2925.jpg'),
  ('adfdc187-cb67-4ddf-a55d-6ff7af8eace4', '4487eeb1-233b-496b-a1da-7459c7181a7d', 'https://plugjsubjcfblzkabjia.supabase.co/storage/v1/object/public/Convent/events/4487eeb1-233b-496b-a1da-7459c7181a7d/original/1765753943175_85fc345kqkf.jpg', 'https://plugjsubjcfblzkabjia.supabase.co/storage/v1/object/public/Convent/events/4487eeb1-233b-496b-a1da-7459c7181a7d/thumbnails/1765753944787_34b4r5zqtyl.jpg', NULL, NULL, 'general', FALSE, 63, NULL, 'events/4487eeb1-233b-496b-a1da-7459c7181a7d/original/1765753943175_85fc345kqkf.jpg', 'events/4487eeb1-233b-496b-a1da-7459c7181a7d/thumbnails/1765753944787_34b4r5zqtyl.jpg', 3165325, '20251115-_DSC3112.jpg'),
  ('825bc710-513d-4c3f-b850-85ce64d8ad2e', '4487eeb1-233b-496b-a1da-7459c7181a7d', 'https://plugjsubjcfblzkabjia.supabase.co/storage/v1/object/public/Convent/events/4487eeb1-233b-496b-a1da-7459c7181a7d/original/1765753947602_uxjeokisq8o.jpg', 'https://plugjsubjcfblzkabjia.supabase.co/storage/v1/object/public/Convent/events/4487eeb1-233b-496b-a1da-7459c7181a7d/thumbnails/1765753949179_5cb1ojjzbiw.jpg', NULL, NULL, 'general', FALSE, 64, NULL, 'events/4487eeb1-233b-496b-a1da-7459c7181a7d/original/1765753947602_uxjeokisq8o.jpg', 'events/4487eeb1-233b-496b-a1da-7459c7181a7d/thumbnails/1765753949179_5cb1ojjzbiw.jpg', 3106043, '20251115-_DSC3113.jpg'),
  ('28b083c2-e5da-4268-ac74-6650a9acbeb7', '4487eeb1-233b-496b-a1da-7459c7181a7d', 'https://plugjsubjcfblzkabjia.supabase.co/storage/v1/object/public/Convent/events/4487eeb1-233b-496b-a1da-7459c7181a7d/original/1765753951832_m1aq29vsuls.jpg', 'https://plugjsubjcfblzkabjia.supabase.co/storage/v1/object/public/Convent/events/4487eeb1-233b-496b-a1da-7459c7181a7d/thumbnails/1765753952868_8sij5xi41.jpg', NULL, NULL, 'general', FALSE, 65, NULL, 'events/4487eeb1-233b-496b-a1da-7459c7181a7d/original/1765753951832_m1aq29vsuls.jpg', 'events/4487eeb1-233b-496b-a1da-7459c7181a7d/thumbnails/1765753952868_8sij5xi41.jpg', 2542386, '20251115-_DSC3193.jpg'),
  ('6c4c2043-26b0-4581-bb95-69224b11d601', '4487eeb1-233b-496b-a1da-7459c7181a7d', 'https://plugjsubjcfblzkabjia.supabase.co/storage/v1/object/public/Convent/events/4487eeb1-233b-496b-a1da-7459c7181a7d/original/1765753955620_e6e17fv3l4.jpg', 'https://plugjsubjcfblzkabjia.supabase.co/storage/v1/object/public/Convent/events/4487eeb1-233b-496b-a1da-7459c7181a7d/thumbnails/1765753956938_77i5luligx4.jpg', NULL, NULL, 'general', FALSE, 66, NULL, 'events/4487eeb1-233b-496b-a1da-7459c7181a7d/original/1765753955620_e6e17fv3l4.jpg', 'events/4487eeb1-233b-496b-a1da-7459c7181a7d/thumbnails/1765753956938_77i5luligx4.jpg', 2334694, '20251115-_DSC3198.jpg'),
  ('251c5ac3-086a-45c3-9e64-c09d687630a6', '4487eeb1-233b-496b-a1da-7459c7181a7d', 'https://plugjsubjcfblzkabjia.supabase.co/storage/v1/object/public/Convent/events/4487eeb1-233b-496b-a1da-7459c7181a7d/original/1765753959995_7sui74zs6ch.jpg', 'https://plugjsubjcfblzkabjia.supabase.co/storage/v1/object/public/Convent/events/4487eeb1-233b-496b-a1da-7459c7181a7d/thumbnails/1765753961235_5anspya7lju.jpg', NULL, NULL, 'general', FALSE, 67, NULL, 'events/4487eeb1-233b-496b-a1da-7459c7181a7d/original/1765753959995_7sui74zs6ch.jpg', 'events/4487eeb1-233b-496b-a1da-7459c7181a7d/thumbnails/1765753961235_5anspya7lju.jpg', 5357417, '20251116-_DSC3262.jpg'),
  ('6dafe4e9-b432-4cef-a074-d90d25a5d350', '4487eeb1-233b-496b-a1da-7459c7181a7d', 'https://plugjsubjcfblzkabjia.supabase.co/storage/v1/object/public/Convent/events/4487eeb1-233b-496b-a1da-7459c7181a7d/original/1765753964178_tgtjl19tch.jpg', 'https://plugjsubjcfblzkabjia.supabase.co/storage/v1/object/public/Convent/events/4487eeb1-233b-496b-a1da-7459c7181a7d/thumbnails/1765753965253_l1fh8eamrkm.jpg', NULL, NULL, 'general', FALSE, 68, NULL, 'events/4487eeb1-233b-496b-a1da-7459c7181a7d/original/1765753964178_tgtjl19tch.jpg', 'events/4487eeb1-233b-496b-a1da-7459c7181a7d/thumbnails/1765753965253_l1fh8eamrkm.jpg', 4340578, '20251116-_DSC3297.jpg'),
  ('e0540e42-851c-4a70-a917-08c90647fed2', '4487eeb1-233b-496b-a1da-7459c7181a7d', 'https://plugjsubjcfblzkabjia.supabase.co/storage/v1/object/public/Convent/events/4487eeb1-233b-496b-a1da-7459c7181a7d/original/1765753968208_e5t7txqibm5.jpg', 'https://plugjsubjcfblzkabjia.supabase.co/storage/v1/object/public/Convent/events/4487eeb1-233b-496b-a1da-7459c7181a7d/thumbnails/1765753970207_nqt8ruqv09.jpg', NULL, NULL, 'general', FALSE, 69, NULL, 'events/4487eeb1-233b-496b-a1da-7459c7181a7d/original/1765753968208_e5t7txqibm5.jpg', 'events/4487eeb1-233b-496b-a1da-7459c7181a7d/thumbnails/1765753970207_nqt8ruqv09.jpg', 3893010, '20251116-_DSC3312.jpg'),
  ('3968f6a5-53e1-4b05-a51e-3d369012fc35', '4487eeb1-233b-496b-a1da-7459c7181a7d', 'https://plugjsubjcfblzkabjia.supabase.co/storage/v1/object/public/Convent/events/4487eeb1-233b-496b-a1da-7459c7181a7d/original/1765753973158_k6sq8ftcant.jpg', 'https://plugjsubjcfblzkabjia.supabase.co/storage/v1/object/public/Convent/events/4487eeb1-233b-496b-a1da-7459c7181a7d/thumbnails/1765753974045_nvx1vm1td6r.jpg', NULL, NULL, 'general', FALSE, 70, NULL, 'events/4487eeb1-233b-496b-a1da-7459c7181a7d/original/1765753973158_k6sq8ftcant.jpg', 'events/4487eeb1-233b-496b-a1da-7459c7181a7d/thumbnails/1765753974045_nvx1vm1td6r.jpg', 3440802, '20251116-_DSC3318.jpg'),
  ('cb304045-349e-4ee2-894b-d9a92bfa93c7', '4487eeb1-233b-496b-a1da-7459c7181a7d', 'https://plugjsubjcfblzkabjia.supabase.co/storage/v1/object/public/Convent/events/4487eeb1-233b-496b-a1da-7459c7181a7d/original/1765753977368_ro1b411wme.jpg', 'https://plugjsubjcfblzkabjia.supabase.co/storage/v1/object/public/Convent/events/4487eeb1-233b-496b-a1da-7459c7181a7d/thumbnails/1765753980271_t8sm0z1gh0l.jpg', NULL, NULL, 'general', FALSE, 71, NULL, 'events/4487eeb1-233b-496b-a1da-7459c7181a7d/original/1765753977368_ro1b411wme.jpg', 'events/4487eeb1-233b-496b-a1da-7459c7181a7d/thumbnails/1765753980271_t8sm0z1gh0l.jpg', 5718966, '20251116-_DSC3332.jpg'),
  ('9fc31d22-4043-41ac-b9ef-e559d5a0c217', '4487eeb1-233b-496b-a1da-7459c7181a7d', 'https://plugjsubjcfblzkabjia.supabase.co/storage/v1/object/public/Convent/events/4487eeb1-233b-496b-a1da-7459c7181a7d/original/1765753983413_ltuy85cg7od.jpg', 'https://plugjsubjcfblzkabjia.supabase.co/storage/v1/object/public/Convent/events/4487eeb1-233b-496b-a1da-7459c7181a7d/thumbnails/1765753984440_6i2i1ii1vv.jpg', NULL, NULL, 'general', FALSE, 72, NULL, 'events/4487eeb1-233b-496b-a1da-7459c7181a7d/original/1765753983413_ltuy85cg7od.jpg', 'events/4487eeb1-233b-496b-a1da-7459c7181a7d/thumbnails/1765753984440_6i2i1ii1vv.jpg', 4195017, '20251116-_DSC3343.jpg'),
  ('57f120c5-8e54-48d4-84a5-fe4b36a73697', '4487eeb1-233b-496b-a1da-7459c7181a7d', 'https://plugjsubjcfblzkabjia.supabase.co/storage/v1/object/public/Convent/events/4487eeb1-233b-496b-a1da-7459c7181a7d/original/1765753987921_mqykwwqtt4.jpg', 'https://plugjsubjcfblzkabjia.supabase.co/storage/v1/object/public/Convent/events/4487eeb1-233b-496b-a1da-7459c7181a7d/thumbnails/1765753989034_5yasdl1ub3o.jpg', NULL, NULL, 'general', FALSE, 73, NULL, 'events/4487eeb1-233b-496b-a1da-7459c7181a7d/original/1765753987921_mqykwwqtt4.jpg', 'events/4487eeb1-233b-496b-a1da-7459c7181a7d/thumbnails/1765753989034_5yasdl1ub3o.jpg', 5456240, '20251116-_DSC3367.jpg'),
  ('e65491f5-8ec1-4705-9cd2-80fce41d66a1', 'd5ef6b9d-c490-47bb-af74-ec8db974d70d', 'https://plugjsubjcfblzkabjia.supabase.co/storage/v1/object/public/gallery/d5ef6b9d-c490-47bb-af74-ec8db974d70d/1771166086781_xa1adsy2iqq.jpg', 'https://plugjsubjcfblzkabjia.supabase.co/storage/v1/object/public/gallery/d5ef6b9d-c490-47bb-af74-ec8db974d70d/thumbnails/1771166087736_h05de54os74.jpg', NULL, NULL, 'general', FALSE, 0, NULL, 'd5ef6b9d-c490-47bb-af74-ec8db974d70d/1771166086781_xa1adsy2iqq.jpg', 'd5ef6b9d-c490-47bb-af74-ec8db974d70d/thumbnails/1771166087736_h05de54os74.jpg', 283314, 'photo_2026-02-15_17-34-30.jpg'),
  ('403661a9-f97a-4f8b-84ff-bf055a99d761', 'd5ef6b9d-c490-47bb-af74-ec8db974d70d', 'https://plugjsubjcfblzkabjia.supabase.co/storage/v1/object/public/gallery/d5ef6b9d-c490-47bb-af74-ec8db974d70d/1771166088158_yjx45dsyoe.jpg', 'https://plugjsubjcfblzkabjia.supabase.co/storage/v1/object/public/gallery/d5ef6b9d-c490-47bb-af74-ec8db974d70d/thumbnails/1771166088864_e0c66wnt36b.jpg', NULL, NULL, 'general', FALSE, 1, NULL, 'd5ef6b9d-c490-47bb-af74-ec8db974d70d/1771166088158_yjx45dsyoe.jpg', 'd5ef6b9d-c490-47bb-af74-ec8db974d70d/thumbnails/1771166088864_e0c66wnt36b.jpg', 330346, 'photo_2026-02-15_17-34-40.jpg'),
  ('d085452b-f4ec-44f8-9ee1-b6abeb3ea33c', 'd5ef6b9d-c490-47bb-af74-ec8db974d70d', 'https://plugjsubjcfblzkabjia.supabase.co/storage/v1/object/public/gallery/d5ef6b9d-c490-47bb-af74-ec8db974d70d/1771166089289_ltr461rnej.jpg', 'https://plugjsubjcfblzkabjia.supabase.co/storage/v1/object/public/gallery/d5ef6b9d-c490-47bb-af74-ec8db974d70d/thumbnails/1771166089787_vem0of69mgh.jpg', NULL, NULL, 'general', FALSE, 2, NULL, 'd5ef6b9d-c490-47bb-af74-ec8db974d70d/1771166089289_ltr461rnej.jpg', 'd5ef6b9d-c490-47bb-af74-ec8db974d70d/thumbnails/1771166089787_vem0of69mgh.jpg', 357929, 'photo_2026-02-15_17-34-39.jpg'),
  ('35482757-a20d-454e-8a48-8cb37fd9f252', 'd5ef6b9d-c490-47bb-af74-ec8db974d70d', 'https://plugjsubjcfblzkabjia.supabase.co/storage/v1/object/public/gallery/d5ef6b9d-c490-47bb-af74-ec8db974d70d/1771166090220_9obq5oz2yh4.jpg', 'https://plugjsubjcfblzkabjia.supabase.co/storage/v1/object/public/gallery/d5ef6b9d-c490-47bb-af74-ec8db974d70d/thumbnails/1771166090829_hbvoio6rem.jpg', NULL, NULL, 'general', FALSE, 3, NULL, 'd5ef6b9d-c490-47bb-af74-ec8db974d70d/1771166090220_9obq5oz2yh4.jpg', 'd5ef6b9d-c490-47bb-af74-ec8db974d70d/thumbnails/1771166090829_hbvoio6rem.jpg', 328900, 'photo_2026-02-15_17-34-38 (2).jpg'),
  ('3d3068d8-f8c7-43b2-8b90-4f6ee7794739', 'd5ef6b9d-c490-47bb-af74-ec8db974d70d', 'https://plugjsubjcfblzkabjia.supabase.co/storage/v1/object/public/gallery/d5ef6b9d-c490-47bb-af74-ec8db974d70d/1771166091224_24p0qu30jjw.jpg', 'https://plugjsubjcfblzkabjia.supabase.co/storage/v1/object/public/gallery/d5ef6b9d-c490-47bb-af74-ec8db974d70d/thumbnails/1771166091698_je38ezc7lv.jpg', NULL, NULL, 'general', FALSE, 4, NULL, 'd5ef6b9d-c490-47bb-af74-ec8db974d70d/1771166091224_24p0qu30jjw.jpg', 'd5ef6b9d-c490-47bb-af74-ec8db974d70d/thumbnails/1771166091698_je38ezc7lv.jpg', 263186, 'photo_2026-02-15_17-34-38.jpg'),
  ('188de7d2-3dd2-4dc7-9615-9886e8f34fb4', 'd5ef6b9d-c490-47bb-af74-ec8db974d70d', 'https://plugjsubjcfblzkabjia.supabase.co/storage/v1/object/public/gallery/d5ef6b9d-c490-47bb-af74-ec8db974d70d/1771166092072_7to7v8fjhp9.jpg', 'https://plugjsubjcfblzkabjia.supabase.co/storage/v1/object/public/gallery/d5ef6b9d-c490-47bb-af74-ec8db974d70d/thumbnails/1771166092537_x9kvln94u38.jpg', NULL, NULL, 'general', FALSE, 5, NULL, 'd5ef6b9d-c490-47bb-af74-ec8db974d70d/1771166092072_7to7v8fjhp9.jpg', 'd5ef6b9d-c490-47bb-af74-ec8db974d70d/thumbnails/1771166092537_x9kvln94u38.jpg', 212499, 'photo_2026-02-15_17-34-36.jpg'),
  ('27ce5d5c-823d-4898-ae31-82e2ec5826fc', 'd5ef6b9d-c490-47bb-af74-ec8db974d70d', 'https://plugjsubjcfblzkabjia.supabase.co/storage/v1/object/public/gallery/d5ef6b9d-c490-47bb-af74-ec8db974d70d/1771166092967_b9kdjarcgjp.jpg', 'https://plugjsubjcfblzkabjia.supabase.co/storage/v1/object/public/gallery/d5ef6b9d-c490-47bb-af74-ec8db974d70d/thumbnails/1771166093440_b3h5prn8yki.jpg', NULL, NULL, 'general', FALSE, 6, NULL, 'd5ef6b9d-c490-47bb-af74-ec8db974d70d/1771166092967_b9kdjarcgjp.jpg', 'd5ef6b9d-c490-47bb-af74-ec8db974d70d/thumbnails/1771166093440_b3h5prn8yki.jpg', 292789, 'photo_2026-02-15_17-34-35.jpg'),
  ('35f63a5c-b00e-4b4c-bb33-db4d7e16f0be', 'd5ef6b9d-c490-47bb-af74-ec8db974d70d', 'https://plugjsubjcfblzkabjia.supabase.co/storage/v1/object/public/gallery/d5ef6b9d-c490-47bb-af74-ec8db974d70d/1771166093891_2j0sglnd2rv.jpg', 'https://plugjsubjcfblzkabjia.supabase.co/storage/v1/object/public/gallery/d5ef6b9d-c490-47bb-af74-ec8db974d70d/thumbnails/1771166094365_yhhu28eqrc.jpg', NULL, NULL, 'general', FALSE, 7, NULL, 'd5ef6b9d-c490-47bb-af74-ec8db974d70d/1771166093891_2j0sglnd2rv.jpg', 'd5ef6b9d-c490-47bb-af74-ec8db974d70d/thumbnails/1771166094365_yhhu28eqrc.jpg', 224967, 'photo_2026-02-15_17-34-33.jpg'),
  ('f1972ac8-5704-43f0-a0c0-253271e5f507', 'd5ef6b9d-c490-47bb-af74-ec8db974d70d', 'https://plugjsubjcfblzkabjia.supabase.co/storage/v1/object/public/gallery/d5ef6b9d-c490-47bb-af74-ec8db974d70d/1771166094797_vgcpn0bdh4.jpg', 'https://plugjsubjcfblzkabjia.supabase.co/storage/v1/object/public/gallery/d5ef6b9d-c490-47bb-af74-ec8db974d70d/thumbnails/1771166095275_gxeznz8zac.jpg', NULL, NULL, 'general', FALSE, 8, NULL, 'd5ef6b9d-c490-47bb-af74-ec8db974d70d/1771166094797_vgcpn0bdh4.jpg', 'd5ef6b9d-c490-47bb-af74-ec8db974d70d/thumbnails/1771166095275_gxeznz8zac.jpg', 272066, 'photo_2026-02-15_17-34-32.jpg')
ON CONFLICT DO NOTHING;
COMMIT;

BEGIN; -- con_purchases
-- con_purchases: 21 строк
INSERT INTO con_purchases ("id", "con_id", "title", "price", "image_url", "purchased_at", "item_name") VALUES
  ('003f4ca2-71b1-4c31-bf93-2ce88159ef3a', '5fd24c3d-7672-4017-b7cc-0fcd2f44bb51', 'Стикеры', '1000', 'https://plugjsubjcfblzkabjia.supabase.co/storage/v1/object/public/Convent/events/5fd24c3d-7672-4017-b7cc-0fcd2f44bb51/purchases/1764943985934_w2gmlf0igqb.jpg', '2025-12-09T14:10:20.278339+00:00', 'Стикеры'),
  ('39cc225a-6b1a-48b0-900c-8e6a1f4b7b07', '5fd24c3d-7672-4017-b7cc-0fcd2f44bb51', 'Значки', '1500', 'https://plugjsubjcfblzkabjia.supabase.co/storage/v1/object/public/Convent/events/5fd24c3d-7672-4017-b7cc-0fcd2f44bb51/purchases/1764944003116_qhbw8jp9dx.jpg', '2025-12-09T14:10:20.278339+00:00', 'Значки'),
  ('862b0869-ae20-46d9-bde3-97a0f8566f07', '5fd24c3d-7672-4017-b7cc-0fcd2f44bb51', 'Футболки', '2500', 'https://plugjsubjcfblzkabjia.supabase.co/storage/v1/object/public/Convent/events/5fd24c3d-7672-4017-b7cc-0fcd2f44bb51/purchases/1764944029058_mm6qxiyii5.jpg', '2025-12-09T14:10:20.278339+00:00', 'Футболки'),
  ('7a81d8d4-7b02-40a6-9192-462dddcb58f5', '3d49b41e-c624-43c6-8f20-95c431182ae4', 'Чай Орса', '400', 'https://plugjsubjcfblzkabjia.supabase.co/storage/v1/object/public/gallery/events/anyfurry-fest-vi/buy.jpg', '2025-12-13T13:04:43.369646+00:00', 'Чай Орса'),
  ('2ea783e2-bfa1-444d-8aa5-22f64a44c2c5', '3d49b41e-c624-43c6-8f20-95c431182ae4', 'Морковка', '500', 'https://plugjsubjcfblzkabjia.supabase.co/storage/v1/object/public/gallery/events/anyfurry-fest-vi/Buy2.jpg', '2025-12-13T13:04:43.369646+00:00', 'Морковка'),
  ('748dab59-09aa-472d-9f91-ce2e166d4401', '7c5b5e33-5b5d-40eb-91a3-9d84894e9328', 'Брелок', '200', 'https://plugjsubjcfblzkabjia.supabase.co/storage/v1/object/public/Convent/events/7c5b5e33-5b5d-40eb-91a3-9d84894e9328/purchases/1765631740654_hu45scxe1ju.jpg', '2025-12-17T06:47:37.847465+00:00', 'Брелок'),
  ('5a001eae-2372-448b-8568-84d7d6afb7d7', '7c5b5e33-5b5d-40eb-91a3-9d84894e9328', 'Ошейник', '1000', 'https://plugjsubjcfblzkabjia.supabase.co/storage/v1/object/public/Convent/events/7c5b5e33-5b5d-40eb-91a3-9d84894e9328/purchases/1765632627057_8e064kkeoap.jpg', '2025-12-17T06:47:37.847465+00:00', 'Ошейник'),
  ('e668dfc4-52c8-4de0-ac06-025c062c3f35', '7c5b5e33-5b5d-40eb-91a3-9d84894e9328', 'Чай орса', '500', 'https://plugjsubjcfblzkabjia.supabase.co/storage/v1/object/public/Convent/events/7c5b5e33-5b5d-40eb-91a3-9d84894e9328/purchases/1765631557951_9cfduulqaju.jpg', '2025-12-17T06:47:37.847465+00:00', 'Чай орса'),
  ('a7e3b235-3dd5-404a-b63b-7f5151c17eba', '7c5b5e33-5b5d-40eb-91a3-9d84894e9328', 'Кружка', '0', 'https://plugjsubjcfblzkabjia.supabase.co/storage/v1/object/public/Convent/events/7c5b5e33-5b5d-40eb-91a3-9d84894e9328/purchases/1765631579062_yfdwn8wvgb.jpg', '2025-12-17T06:47:37.847465+00:00', 'Кружка'),
  ('501561a1-71c4-4db7-b39e-019cef23aa06', '7c5b5e33-5b5d-40eb-91a3-9d84894e9328', 'Стикер-пак', '500', 'https://plugjsubjcfblzkabjia.supabase.co/storage/v1/object/public/Convent/events/7c5b5e33-5b5d-40eb-91a3-9d84894e9328/purchases/1765631596021_l4z37knifn.jpg', '2025-12-17T06:47:37.847465+00:00', 'Стикер-пак'),
  ('8e50c0dc-509d-452b-b3b1-63f82c5f61c2', '7c5b5e33-5b5d-40eb-91a3-9d84894e9328', 'Стикер-пак', '300', 'https://plugjsubjcfblzkabjia.supabase.co/storage/v1/object/public/Convent/events/7c5b5e33-5b5d-40eb-91a3-9d84894e9328/purchases/1765631620112_io94m0q762o.jpg', '2025-12-17T06:47:37.847465+00:00', 'Стикер-пак'),
  ('431d8b52-512d-4925-9468-ebe14350b03b', '7c5b5e33-5b5d-40eb-91a3-9d84894e9328', 'Стикер-пак', '400', 'https://plugjsubjcfblzkabjia.supabase.co/storage/v1/object/public/Convent/events/7c5b5e33-5b5d-40eb-91a3-9d84894e9328/purchases/1765631628492_y3j9eom4q2.jpg', '2025-12-17T06:47:37.847465+00:00', 'Стикер-пак'),
  ('01805b51-32ca-4c53-80df-4788f5064a5b', '7c5b5e33-5b5d-40eb-91a3-9d84894e9328', 'Стикер-пак', '400', 'https://plugjsubjcfblzkabjia.supabase.co/storage/v1/object/public/Convent/events/7c5b5e33-5b5d-40eb-91a3-9d84894e9328/purchases/1765631642162_x0fnrr48exs.jpg', '2025-12-17T06:47:37.847465+00:00', 'Стикер-пак'),
  ('6f914a42-657c-4538-acfd-6268107fc20d', '7c5b5e33-5b5d-40eb-91a3-9d84894e9328', 'Стикер-пак', '400', 'https://plugjsubjcfblzkabjia.supabase.co/storage/v1/object/public/Convent/events/7c5b5e33-5b5d-40eb-91a3-9d84894e9328/purchases/1765631653348_m5mwburwrke.jpg', '2025-12-17T06:47:37.847465+00:00', 'Стикер-пак'),
  ('98ddafef-ad35-4da7-8037-353708f95025', '7c5b5e33-5b5d-40eb-91a3-9d84894e9328', 'Стикер-пак', '400', 'https://plugjsubjcfblzkabjia.supabase.co/storage/v1/object/public/Convent/events/7c5b5e33-5b5d-40eb-91a3-9d84894e9328/purchases/1765631660353_djj8r0vgy3o.jpg', '2025-12-17T06:47:37.847465+00:00', 'Стикер-пак'),
  ('a1d8bc80-0e07-4bf0-acd4-6e441a7ec248', '7c5b5e33-5b5d-40eb-91a3-9d84894e9328', 'Зночок', '400', 'https://plugjsubjcfblzkabjia.supabase.co/storage/v1/object/public/Convent/events/7c5b5e33-5b5d-40eb-91a3-9d84894e9328/purchases/1765631675942_z3s8r2n4x3.jpg', '2025-12-17T06:47:37.847465+00:00', 'Зночок'),
  ('394499b0-6a07-4e8e-8ef8-bb4465aebaa3', '7c5b5e33-5b5d-40eb-91a3-9d84894e9328', 'Зночок', '0', 'https://plugjsubjcfblzkabjia.supabase.co/storage/v1/object/public/Convent/events/7c5b5e33-5b5d-40eb-91a3-9d84894e9328/purchases/1765631683440_ejf6h3x8n9q.jpg', '2025-12-17T06:47:37.847465+00:00', 'Зночок'),
  ('824b260c-a41f-4923-9260-03ae62233903', '7c5b5e33-5b5d-40eb-91a3-9d84894e9328', 'Зночок', '200', 'https://plugjsubjcfblzkabjia.supabase.co/storage/v1/object/public/Convent/events/7c5b5e33-5b5d-40eb-91a3-9d84894e9328/purchases/1765631691015_eesur7lsv.jpg', '2025-12-17T06:47:37.847465+00:00', 'Зночок'),
  ('a19d8e70-6802-45dc-a46b-ef08db9078de', '7c5b5e33-5b5d-40eb-91a3-9d84894e9328', 'Подарок', '0', 'https://plugjsubjcfblzkabjia.supabase.co/storage/v1/object/public/Convent/events/7c5b5e33-5b5d-40eb-91a3-9d84894e9328/purchases/1765631696125_efkmy0otfq.jpg', '2025-12-17T06:47:37.847465+00:00', 'Подарок'),
  ('36ff583d-032e-46e8-af45-1789072a1ef9', '7c5b5e33-5b5d-40eb-91a3-9d84894e9328', 'Подарок', '0', 'https://plugjsubjcfblzkabjia.supabase.co/storage/v1/object/public/Convent/events/7c5b5e33-5b5d-40eb-91a3-9d84894e9328/purchases/1765631699529_43q5o7j7gjq.jpg', '2025-12-17T06:47:37.847465+00:00', 'Подарок'),
  ('5a8d9d21-5edf-429a-b4c7-695844c4929a', '7c5b5e33-5b5d-40eb-91a3-9d84894e9328', 'Брелок', '500', 'https://plugjsubjcfblzkabjia.supabase.co/storage/v1/object/public/Convent/events/7c5b5e33-5b5d-40eb-91a3-9d84894e9328/purchases/1765631736183_u26j7e1u17.jpg', '2025-12-17T06:47:37.847465+00:00', 'Брелок')
ON CONFLICT DO NOTHING;
COMMIT;

SELECT 'Import done!' AS status;
